full_path,relative_path,filename,year,date,DOY,MODIS_composite_index,tile_or_polygon_id,start_year,end_year,first_date,last_date,band_count,dtype,nodata,width,height,CRS,transform,pixel_size_x,pixel_size_y,bounds,grid_offset_x,grid_offset_y,compression,file_size_bytes,minimum,maximum,mean,valid_fraction,date_count,date_sequence_sha256,readable,error
A:\_BioGeo\liuxianx\Co_authors\ana\output\MODIS_EU_EVI\2001_2025\EVI_Series_ID_EU_150-X019-Y030_2001_2025.tif,EVI_Series_ID_EU_150-X019-Y030_2001_2025.tif,EVI_Series_ID_EU_150-X019-Y030_2001_2025.tif,2001-2025,2001-01-01..2025-12-19,band-level; see time_index.csv,band-level; see time_index.csv,EU_150-X019-Y030,2001,2025,2001-01-01,2025-12-19,575,Float32,-Infinity,676,680,EPSG:3035,"[2477750.0,250.0,0.0,2090250.0,0.0,-250.0]",250.0,250.0,"[2477750.0,1920250.0,2646750.0,2090250.0]",0.0,0.0,DEFLATE,7956995,-0.08,0.91,0.33053468089834465,0.004093093913043478,575,6e3c1cfc064026514baec0512c4ad3d696aa72a6731b6323ca7821a6643b5be1,True,
A:\_BioGeo\liuxianx\Co_authors\ana\output\MODIS_EU_EVI\2001_2025\EVI_Series_ID_EU_150-X019-Y031_2001_2025.tif,EVI_Series_ID_EU_150-X019-Y031_2001_2025.tif,EVI_Series_ID_EU_150-X019-Y031_2001_2025.tif,2001-2025,2001-01-01..2025-12-19,band-level; see time_index.csv,band-level; see time_index.csv,EU_150-X019-Y031,2001,2025,2001-01-01,2025-12-19,575,Float32,-Infinity,676,681,EPSG:3035,"[2497000.0,250.0,0.0,1942750.0,0.0,-250.0]",250.0,250.0,"[2497000.0,1772500.0,2666000.0,1942750.0]",0.0,0.0,DEFLATE,5040403,-0.104,0.775,0.28026629048543716,0.0014816170434782609,575,6e3c1cfc064026514baec0512c4ad3d696aa72a6731b6323ca7821a6643b5be1,True,
A:\_BioGeo\liuxianx\Co_authors\ana\output\MODIS_EU_EVI\2001_2025\EVI_Series_ID_EU_150-X019-Y032_2001_2025.tif,EVI_Series_ID_EU_150-X019-Y032_2001_2025.tif,EVI_Series_ID_EU_150-X019-Y032_2001_2025.tif,2001-2025,2001-01-01..2025-12-19,band-level; see time_index.csv,band-level; see time_index.csv,EU_150-X019-Y032,2001,2025,2001-01-01,2025-12-19,575,Float32,-Infinity,674,680,EPSG:3035,"[2516250.0,250.0,0.0,1795000.0,0.0,-250.0]",250.0,250.0,"[2516250.0,1625000.0,2684750.0,1795000.0]",0.0,0.0,DEFLATE,25777333,-0.093,0.886,0.28217575285432794,0.02373055652173913,575,6e3c1cfc064026514baec0512c4ad3d696aa72a6731b6323ca7821a6643b5be1,True,
A:\_BioGeo\liuxianx\Co_authors\ana\output\MODIS_EU_EVI\2001_2025\EVI_Series_ID_EU_150-X020-Y029_2001_2025.tif,EVI_Series_ID_EU_150-X020-Y029_2001_2025.tif,EVI_Series_ID_EU_150-X020-Y029_2001_2025.tif,2001-2025,2001-01-01..2025-12-19,band-level; see time_index.csv,band-level; see time_index.csv,EU_150-X020-Y029,2001,2025,2001-01-01,2025-12-19,575,Float32,-Infinity,677,680,EPSG:3035,"[2607750.0,250.0,0.0,2260000.0,0.0,-250.0]",250.0,250.0,"[2607750.0,2090000.0,2777000.0,2260000.0]",0.0,0.0,DEFLATE,66917563,-0.083,0.912,0.32291957560854323,0.06923878260869565,575,6e3c1cfc064026514baec0512c4ad3d696aa72a6731b6323ca7821a6643b5be1,True,
A:\_BioGeo\liuxianx\Co_authors\ana\output\MODIS_EU_EVI\2001_2025\EVI_Series_ID_EU_150-X020-Y030_2001_2025.tif,EVI_Series_ID_EU_150-X020-Y030_2001_2025.tif,EVI_Series_ID_EU_150-X020-Y030_2001_2025.tif,2001-2025,2001-01-01..2025-12-19,band-level; see time_index.csv,band-level; see time_index.csv,EU_150-X020-Y030,2001,2025,2001-01-01,2025-12-19,575,Float32,-Infinity,676,680,EPSG:3035,"[2627250.0,250.0,0.0,2112500.0,0.0,-250.0]",250.0,250.0,"[2627250.0,1942500.0,2796250.0,2112500.0]",0.0,0.0,DEFLATE,460082473,-0.104,0.996,0.32249376440769045,0.5579749565217391,575,6e3c1cfc064026514baec0512c4ad3d696aa72a6731b6323ca7821a6643b5be1,True,
A:\_BioGeo\liuxianx\Co_authors\ana\output\MODIS_EU_EVI\2001_2025\EVI_Series_ID_EU_150-X020-Y031_2001_2025.tif,EVI_Series_ID_EU_150-X020-Y031_2001_2025.tif,EVI_Series_ID_EU_150-X020-Y031_2001_2025.tif,2001-2025,2001-01-01..2025-12-19,band-level; see time_index.csv,band-level; see time_index.csv,EU_150-X020-Y031,2001,2025,2001-01-01,2025-12-19,575,Float32,-Infinity,675,680,EPSG:3035,"[2646500.0,250.0,0.0,1964750.0,0.0,-250.0]",250.0,250.0,"[2646500.0,1794750.0,2815250.0,1964750.0]",0.0,0.0,DEFLATE,577654397,-0.094,0.994,0.2886528401274752,0.6970966956521739,575,6e3c1cfc064026514baec0512c4ad3d696aa72a6731b6323ca7821a6643b5be1,True,
A:\_BioGeo\liuxianx\Co_authors\ana\output\MODIS_EU_EVI\2001_2025\EVI_Series_ID_EU_150-X020-Y032_2001_2025.tif,EVI_Series_ID_EU_150-X020-Y032_2001_2025.tif,EVI_Series_ID_EU_150-X020-Y032_2001_2025.tif,2001-2025,2001-01-01..2025-12-19,band-level; see time_index.csv,band-level; see time_index.csv,EU_150-X020-Y032,2001,2025,2001-01-01,2025-12-19,575,Float32,-Infinity,673,680,EPSG:3035,"[2665750.0,250.0,0.0,1816750.0,0.0,-250.0]",250.0,250.0,"[2665750.0,1646750.0,2834000.0,1816750.0]",0.0,0.0,DEFLATE,270831841,-0.129,0.929,0.25014442693802136,0.3308102608695652,575,6e3c1cfc064026514baec0512c4ad3d696aa72a6731b6323ca7821a6643b5be1,True,
A:\_BioGeo\liuxianx\Co_authors\ana\output\MODIS_EU_EVI\2001_2025\EVI_Series_ID_EU_150-X021-Y027_2001_2025.tif,EVI_Series_ID_EU_150-X021-Y027_2001_2025.tif,EVI_Series_ID_EU_150-X021-Y027_2001_2025.tif,2001-2025,2001-01-01..2025-12-19,band-level; see time_index.csv,band-level; see time_index.csv,EU_150-X021-Y027,2001,2025,2001-01-01,2025-12-19,575,Float32,-Infinity,679,680,EPSG:3035,"[2717250.0,250.0,0.0,2577500.0,0.0,-250.0]",250.0,250.0,"[2717250.0,2407500.0,2887000.0,2577500.0]",0.0,0.0,DEFLATE,68590811,-0.111,0.976,0.40218159980992524,0.07180700869565217,575,6e3c1cfc064026514baec0512c4ad3d696aa72a6731b6323ca7821a6643b5be1,True,
A:\_BioGeo\liuxianx\Co_authors\ana\output\MODIS_EU_EVI\2001_2025\EVI_Series_ID_EU_150-X021-Y028_2001_2025.tif,EVI_Series_ID_EU_150-X021-Y028_2001_2025.tif,EVI_Series_ID_EU_150-X021-Y028_2001_2025.tif,2001-2025,2001-01-01..2025-12-19,band-level; see time_index.csv,band-level; see time_index.csv,EU_150-X021-Y028,2001,2025,2001-01-01,2025-12-19,575,Float32,-Infinity,678,680,EPSG:3035,"[2737250.0,250.0,0.0,2429750.0,0.0,-250.0]",250.0,250.0,"[2737250.0,2259750.0,2906750.0,2429750.0]",0.0,0.0,DEFLATE,516047269,-0.117,0.993,0.40197062026986635,0.6147450434782609,575,6e3c1cfc064026514baec0512c4ad3d696aa72a6731b6323ca7821a6643b5be1,True,
A:\_BioGeo\liuxianx\Co_authors\ana\output\MODIS_EU_EVI\2001_2025\EVI_Series_ID_EU_150-X021-Y029_2001_2025.tif,EVI_Series_ID_EU_150-X021-Y029_2001_2025.tif,EVI_Series_ID_EU_150-X021-Y029_2001_2025.tif,2001-2025,2001-01-01..2025-12-19,band-level; see time_index.csv,band-level; see time_index.csv,EU_150-X021-Y029,2001,2025,2001-01-01,2025-12-19,575,Float32,-Infinity,677,680,EPSG:3035,"[2757250.0,250.0,0.0,2282250.0,0.0,-250.0]",250.0,250.0,"[2757250.0,2112250.0,2926500.0,2282250.0]",0.0,0.0,DEFLATE,630749533,-0.088,0.988,0.30519261121948194,0.7660215652173913,575,6e3c1cfc064026514baec0512c4ad3d696aa72a6731b6323ca7821a6643b5be1,True,
A:\_BioGeo\liuxianx\Co_authors\ana\output\MODIS_EU_EVI\2001_2025\EVI_Series_ID_EU_150-X021-Y030_2001_2025.tif,EVI_Series_ID_EU_150-X021-Y030_2001_2025.tif,EVI_Series_ID_EU_150-X021-Y030_2001_2025.tif,2001-2025,2001-01-01..2025-12-19,band-level; see time_index.csv,band-level; see time_index.csv,EU_150-X021-Y030,2001,2025,2001-01-01,2025-12-19,575,Float32,-Infinity,676,680,EPSG:3035,"[2776750.0,250.0,0.0,2134500.0,0.0,-250.0]",250.0,250.0,"[2776750.0,1964500.0,2945750.0,2134500.0]",0.0,0.0,DEFLATE,609031973,-0.06,0.975,0.2886842158264828,0.7805980869565218,575,6e3c1cfc064026514baec0512c4ad3d696aa72a6731b6323ca7821a6643b5be1,True,
A:\_BioGeo\liuxianx\Co_authors\ana\output\MODIS_EU_EVI\2001_2025\EVI_Series_ID_EU_150-X021-Y031_2001_2025.tif,EVI_Series_ID_EU_150-X021-Y031_2001_2025.tif,EVI_Series_ID_EU_150-X021-Y031_2001_2025.tif,2001-2025,2001-01-01..2025-12-19,band-level; see time_index.csv,band-level; see time_index.csv,EU_150-X021-Y031,2001,2025,2001-01-01,2025-12-19,575,Float32,-Infinity,675,680,EPSG:3035,"[2796000.0,250.0,0.0,1986500.0,0.0,-250.0]",250.0,250.0,"[2796000.0,1816500.0,2964750.0,1986500.0]",0.0,0.0,DEFLATE,644216539,-0.087,0.994,0.2703150294089501,0.7848542608695652,575,6e3c1cfc064026514baec0512c4ad3d696aa72a6731b6323ca7821a6643b5be1,True,
A:\_BioGeo\liuxianx\Co_authors\ana\output\MODIS_EU_EVI\2001_2025\EVI_Series_ID_EU_150-X021-Y032_2001_2025.tif,EVI_Series_ID_EU_150-X021-Y032_2001_2025.tif,EVI_Series_ID_EU_150-X021-Y032_2001_2025.tif,2001-2025,2001-01-01..2025-12-19,band-level; see time_index.csv,band-level; see time_index.csv,EU_150-X021-Y032,2001,2025,2001-01-01,2025-12-19,575,Float32,-Infinity,674,680,EPSG:3035,"[2815000.0,250.0,0.0,1838750.0,0.0,-250.0]",250.0,250.0,"[2815000.0,1668750.0,2983500.0,1838750.0]",0.0,0.0,DEFLATE,587195577,-0.16,0.997,0.25380883802035853,0.7393274782608695,575,6e3c1cfc064026514baec0512c4ad3d696aa72a6731b6323ca7821a6643b5be1,True,
A:\_BioGeo\liuxianx\Co_authors\ana\output\MODIS_EU_EVI\2001_2025\EVI_Series_ID_EU_150-X021-Y033_2001_2025.tif,EVI_Series_ID_EU_150-X021-Y033_2001_2025.tif,EVI_Series_ID_EU_150-X021-Y033_2001_2025.tif,2001-2025,2001-01-01..2025-12-19,band-level; see time_index.csv,band-level; see time_index.csv,EU_150-X021-Y033,2001,2025,2001-01-01,2025-12-19,575,Float32,-Infinity,672,680,EPSG:3035,"[2833750.0,250.0,0.0,1690750.0,0.0,-250.0]",250.0,250.0,"[2833750.0,1520750.0,3001750.0,1690750.0]",0.0,0.0,DEFLATE,353319939,-0.148,0.971,0.2916178341009922,0.4108104347826087,575,6e3c1cfc064026514baec0512c4ad3d696aa72a6731b6323ca7821a6643b5be1,True,
A:\_BioGeo\liuxianx\Co_authors\ana\output\MODIS_EU_EVI\2001_2025\EVI_Series_ID_EU_150-X022-Y027_2001_2025.tif,EVI_Series_ID_EU_150-X022-Y027_2001_2025.tif,EVI_Series_ID_EU_150-X022-Y027_2001_2025.tif,2001-2025,2001-01-01..2025-12-19,band-level; see time_index.csv,band-level; see time_index.csv,EU_150-X022-Y027,2001,2025,2001-01-01,2025-12-19,575,Float32,-Infinity,679,681,EPSG:3035,"[2866500.0,250.0,0.0,2599750.0,0.0,-250.0]",250.0,250.0,"[2866500.0,2429500.0,3036250.0,2599750.0]",0.0,0.0,DEFLATE,40751985,-0.183,0.99,0.41545728528180786,0.04312115130434782,575,6e3c1cfc064026514baec0512c4ad3d696aa72a6731b6323ca7821a6643b5be1,True,
A:\_BioGeo\liuxianx\Co_authors\ana\output\MODIS_EU_EVI\2001_2025\EVI_Series_ID_EU_150-X022-Y028_2001_2025.tif,EVI_Series_ID_EU_150-X022-Y028_2001_2025.tif,EVI_Series_ID_EU_150-X022-Y028_2001_2025.tif,2001-2025,2001-01-01..2025-12-19,band-level; see time_index.csv,band-level; see time_index.csv,EU_150-X022-Y028,2001,2025,2001-01-01,2025-12-19,575,Float32,-Infinity,678,680,EPSG:3035,"[2886750.0,250.0,0.0,2452000.0,0.0,-250.0]",250.0,250.0,"[2886750.0,2282000.0,3056250.0,2452000.0]",0.0,0.0,DEFLATE,545479425,-0.19,0.998,0.37715438766174164,0.6555953043478261,575,6e3c1cfc064026514baec0512c4ad3d696aa72a6731b6323ca7821a6643b5be1,True,
A:\_BioGeo\liuxianx\Co_authors\ana\output\MODIS_EU_EVI\2001_2025\EVI_Series_ID_EU_150-X022-Y029_2001_2025.tif,EVI_Series_ID_EU_150-X022-Y029_2001_2025.tif,EVI_Series_ID_EU_150-X022-Y029_2001_2025.tif,2001-2025,2001-01-01..2025-12-19,band-level; see time_index.csv,band-level; see time_index.csv,EU_150-X022-Y029,2001,2025,2001-01-01,2025-12-19,575,Float32,-Infinity,677,680,EPSG:3035,"[2906500.0,250.0,0.0,2304250.0,0.0,-250.0]",250.0,250.0,"[2906500.0,2134250.0,3075750.0,2304250.0]",0.0,0.0,DEFLATE,629648027,-0.118,0.983,0.25709075480654314,0.7661024347826086,575,6e3c1cfc064026514baec0512c4ad3d696aa72a6731b6323ca7821a6643b5be1,True,
A:\_BioGeo\liuxianx\Co_authors\ana\output\MODIS_EU_EVI\2001_2025\EVI_Series_ID_EU_150-X022-Y030_2001_2025.tif,EVI_Series_ID_EU_150-X022-Y030_2001_2025.tif,EVI_Series_ID_EU_150-X022-Y030_2001_2025.tif,2001-2025,2001-01-01..2025-12-19,band-level; see time_index.csv,band-level; see time_index.csv,EU_150-X022-Y030,2001,2025,2001-01-01,2025-12-19,575,Float32,-Infinity,675,680,EPSG:3035,"[2926250.0,250.0,0.0,2156250.0,0.0,-250.0]",250.0,250.0,"[2926250.0,1986250.0,3095000.0,2156250.0]",0.0,0.0,DEFLATE,633063093,-0.153,0.992,0.2891141618700142,0.767503652173913,575,6e3c1cfc064026514baec0512c4ad3d696aa72a6731b6323ca7821a6643b5be1,True,
A:\_BioGeo\liuxianx\Co_authors\ana\output\MODIS_EU_EVI\2001_2025\EVI_Series_ID_EU_150-X022-Y031_2001_2025.tif,EVI_Series_ID_EU_150-X022-Y031_2001_2025.tif,EVI_Series_ID_EU_150-X022-Y031_2001_2025.tif,2001-2025,2001-01-01..2025-12-19,band-level; see time_index.csv,band-level; see time_index.csv,EU_150-X022-Y031,2001,2025,2001-01-01,2025-12-19,575,Float32,-Infinity,674,679,EPSG:3035,"[2945500.0,250.0,0.0,2008250.0,0.0,-250.0]",250.0,250.0,"[2945500.0,1838500.0,3114000.0,2008250.0]",0.0,0.0,DEFLATE,640151253,-0.107,0.963,0.26369575642917215,0.7843189565217391,575,6e3c1cfc064026514baec0512c4ad3d696aa72a6731b6323ca7821a6643b5be1,True,
A:\_BioGeo\liuxianx\Co_authors\ana\output\MODIS_EU_EVI\2001_2025\EVI_Series_ID_EU_150-X022-Y032_2001_2025.tif,EVI_Series_ID_EU_150-X022-Y032_2001_2025.tif,EVI_Series_ID_EU_150-X022-Y032_2001_2025.tif,2001-2025,2001-01-01..2025-12-19,band-level; see time_index.csv,band-level; see time_index.csv,EU_150-X022-Y032,2001,2025,2001-01-01,2025-12-19,575,Float32,-Infinity,672,679,EPSG:3035,"[2964500.0,250.0,0.0,1860250.0,0.0,-250.0]",250.0,250.0,"[2964500.0,1690500.0,3132500.0,1860250.0]",0.0,0.0,DEFLATE,621718087,-0.107,0.999,0.25396937832329625,0.7804587826086956,575,6e3c1cfc064026514baec0512c4ad3d696aa72a6731b6323ca7821a6643b5be1,True,
A:\_BioGeo\liuxianx\Co_authors\ana\output\MODIS_EU_EVI\2001_2025\EVI_Series_ID_EU_150-X022-Y033_2001_2025.tif,EVI_Series_ID_EU_150-X022-Y033_2001_2025.tif,EVI_Series_ID_EU_150-X022-Y033_2001_2025.tif,2001-2025,2001-01-01..2025-12-19,band-level; see time_index.csv,band-level; see time_index.csv,EU_150-X022-Y033,2001,2025,2001-01-01,2025-12-19,575,Float32,-Infinity,671,680,EPSG:3035,"[2983250.0,250.0,0.0,1712250.0,0.0,-250.0]",250.0,250.0,"[2983250.0,1542250.0,3151000.0,1712250.0]",0.0,0.0,DEFLATE,311320669,-0.199,0.941,0.2263451764417575,0.3832278260869565,575,6e3c1cfc064026514baec0512c4ad3d696aa72a6731b6323ca7821a6643b5be1,True,
A:\_BioGeo\liuxianx\Co_authors\ana\output\MODIS_EU_EVI\2001_2025\EVI_Series_ID_EU_150-X023-Y010_2001_2025.tif,EVI_Series_ID_EU_150-X023-Y010_2001_2025.tif,EVI_Series_ID_EU_150-X023-Y010_2001_2025.tif,2001-2025,2001-01-01..2025-12-19,band-level; see time_index.csv,band-level; see time_index.csv,EU_150-X023-Y010,2001,2025,2001-01-01,2025-12-19,575,Float32,-Infinity,700,681,EPSG:3035,"[2631500.0,250.0,0.0,5121750.0,0.0,-250.0]",250.0,250.0,"[2631500.0,4951500.0,2806500.0,5121750.0]",0.0,0.0,DEFLATE,10201867,-0.199,0.988,0.29263588785887956,0.008378640291404612,575,6e3c1cfc064026514baec0512c4ad3d696aa72a6731b6323ca7821a6643b5be1,True,
A:\_BioGeo\liuxianx\Co_authors\ana\output\MODIS_EU_EVI\2001_2025\EVI_Series_ID_EU_150-X023-Y011_2001_2025.tif,EVI_Series_ID_EU_150-X023-Y011_2001_2025.tif,EVI_Series_ID_EU_150-X023-Y011_2001_2025.tif,2001-2025,2001-01-01..2025-12-19,band-level; see time_index.csv,band-level; see time_index.csv,EU_150-X023-Y011,2001,2025,2001-01-01,2025-12-19,575,Float32,-Infinity,698,681,EPSG:3035,"[2656500.0,250.0,0.0,4975500.0,0.0,-250.0]",250.0,250.0,"[2656500.0,4805250.0,2831000.0,4975500.0]",0.0,0.0,DEFLATE,27145403,-0.191,0.874,0.2151657086127048,0.028113634300198805,575,6e3c1cfc064026514baec0512c4ad3d696aa72a6731b6323ca7821a6643b5be1,True,
A:\_BioGeo\liuxianx\Co_authors\ana\output\MODIS_EU_EVI\2001_2025\EVI_Series_ID_EU_150-X023-Y020_2001_2025.tif,EVI_Series_ID_EU_150-X023-Y020_2001_2025.tif,EVI_Series_ID_EU_150-X023-Y020_2001_2025.tif,2001-2025,2001-01-01..2025-12-19,band-level; see time_index.csv,band-level; see time_index.csv,EU_150-X023-Y020,2001,2025,2001-01-01,2025-12-19,575,Float32,-Infinity,687,680,EPSG:3035,"[2867500.0,250.0,0.0,3654000.0,0.0,-250.0]",250.0,250.0,"[2867500.0,3484000.0,3039250.0,3654000.0]",0.0,0.0,DEFLATE,33148591,-0.086,0.986,0.31994889257192366,0.03147582956521739,575,6e3c1cfc064026514baec0512c4ad3d696aa72a6731b6323ca7821a6643b5be1,True,
A:\_BioGeo\liuxianx\Co_authors\ana\output\MODIS_EU_EVI\2001_2025\EVI_Series_ID_EU_150-X023-Y021_2001_2025.tif,EVI_Series_ID_EU_150-X023-Y021_2001_2025.tif,EVI_Series_ID_EU_150-X023-Y021_2001_2025.tif,2001-2025,2001-01-01..2025-12-19,band-level; see time_index.csv,band-level; see time_index.csv,EU_150-X023-Y021,2001,2025,2001-01-01,2025-12-19,575,Float32,-Infinity,686,680,EPSG:3035,"[2889500.0,250.0,0.0,3506750.0,0.0,-250.0]",250.0,250.0,"[2889500.0,3336750.0,3061000.0,3506750.0]",0.0,0.0,DEFLATE,261359643,-0.168,1.0,0.4818385144208867,0.28130404173913043,575,6e3c1cfc064026514baec0512c4ad3d696aa72a6731b6323ca7821a6643b5be1,True,
A:\_BioGeo\liuxianx\Co_authors\ana\output\MODIS_EU_EVI\2001_2025\EVI_Series_ID_EU_150-X023-Y022_2001_2025.tif,EVI_Series_ID_EU_150-X023-Y022_2001_2025.tif,EVI_Series_ID_EU_150-X023-Y022_2001_2025.tif,2001-2025,2001-01-01..2025-12-19,band-level; see time_index.csv,band-level; see time_index.csv,EU_150-X023-Y022,2001,2025,2001-01-01,2025-12-19,575,Float32,-Infinity,685,680,EPSG:3035,"[2911250.0,250.0,0.0,3359500.0,0.0,-250.0]",250.0,250.0,"[2911250.0,3189500.0,3082500.0,3359500.0]",0.0,0.0,DEFLATE,57252835,-0.078,1.0,0.5320823088711574,0.059211980869565216,575,6e3c1cfc064026514baec0512c4ad3d696aa72a6731b6323ca7821a6643b5be1,True,
A:\_BioGeo\liuxianx\Co_authors\ana\output\MODIS_EU_EVI\2001_2025\EVI_Series_ID_EU_150-X023-Y028_2001_2025.tif,EVI_Series_ID_EU_150-X023-Y028_2001_2025.tif,EVI_Series_ID_EU_150-X023-Y028_2001_2025.tif,2001-2025,2001-01-01..2025-12-19,band-level; see time_index.csv,band-level; see time_index.csv,EU_150-X023-Y028,2001,2025,2001-01-01,2025-12-19,575,Float32,-Infinity,678,679,EPSG:3035,"[3036000.0,250.0,0.0,2473750.0,0.0,-250.0]",250.0,250.0,"[3036000.0,2304000.0,3205500.0,2473750.0]",0.0,0.0,DEFLATE,289572719,-0.178,0.999,0.39068528506729044,0.33042175652173916,575,6e3c1cfc064026514baec0512c4ad3d696aa72a6731b6323ca7821a6643b5be1,True,
A:\_BioGeo\liuxianx\Co_authors\ana\output\MODIS_EU_EVI\2001_2025\EVI_Series_ID_EU_150-X023-Y029_2001_2025.tif,EVI_Series_ID_EU_150-X023-Y029_2001_2025.tif,EVI_Series_ID_EU_150-X023-Y029_2001_2025.tif,2001-2025,2001-01-01..2025-12-19,band-level; see time_index.csv,band-level; see time_index.csv,EU_150-X023-Y029,2001,2025,2001-01-01,2025-12-19,575,Float32,-Infinity,676,680,EPSG:3035,"[3056000.0,250.0,0.0,2326000.0,0.0,-250.0]",250.0,250.0,"[3056000.0,2156000.0,3225000.0,2326000.0]",0.0,0.0,DEFLATE,588237963,-0.189,0.998,0.25739274566248377,0.7464200000000001,575,6e3c1cfc064026514baec0512c4ad3d696aa72a6731b6323ca7821a6643b5be1,True,
A:\_BioGeo\liuxianx\Co_authors\ana\output\MODIS_EU_EVI\2001_2025\EVI_Series_ID_EU_150-X023-Y030_2001_2025.tif,EVI_Series_ID_EU_150-X023-Y030_2001_2025.tif,EVI_Series_ID_EU_150-X023-Y030_2001_2025.tif,2001-2025,2001-01-01..2025-12-19,band-level; see time_index.csv,band-level; see time_index.csv,EU_150-X023-Y030,2001,2025,2001-01-01,2025-12-19,575,Float32,-Infinity,675,680,EPSG:3035,"[3075500.0,250.0,0.0,2178000.0,0.0,-250.0]",250.0,250.0,"[3075500.0,2008000.0,3244250.0,2178000.0]",0.0,0.0,DEFLATE,618190543,-0.2,0.984,0.24969985062705943,0.7631904347826087,575,6e3c1cfc064026514baec0512c4ad3d696aa72a6731b6323ca7821a6643b5be1,True,
A:\_BioGeo\liuxianx\Co_authors\ana\output\MODIS_EU_EVI\2001_2025\EVI_Series_ID_EU_150-X023-Y031_2001_2025.tif,EVI_Series_ID_EU_150-X023-Y031_2001_2025.tif,EVI_Series_ID_EU_150-X023-Y031_2001_2025.tif,2001-2025,2001-01-01..2025-12-19,band-level; see time_index.csv,band-level; see time_index.csv,EU_150-X023-Y031,2001,2025,2001-01-01,2025-12-19,575,Float32,-Infinity,673,680,EPSG:3035,"[3094750.0,250.0,0.0,2030000.0,0.0,-250.0]",250.0,250.0,"[3094750.0,1860000.0,3263000.0,2030000.0]",0.0,0.0,DEFLATE,612549085,-0.092,0.993,0.19358240282902953,0.7743813913043478,575,6e3c1cfc064026514baec0512c4ad3d696aa72a6731b6323ca7821a6643b5be1,True,
A:\_BioGeo\liuxianx\Co_authors\ana\output\MODIS_EU_EVI\2001_2025\EVI_Series_ID_EU_150-X023-Y032_2001_2025.tif,EVI_Series_ID_EU_150-X023-Y032_2001_2025.tif,EVI_Series_ID_EU_150-X023-Y032_2001_2025.tif,2001-2025,2001-01-01..2025-12-19,band-level; see time_index.csv,band-level; see time_index.csv,EU_150-X023-Y032,2001,2025,2001-01-01,2025-12-19,575,Float32,-Infinity,672,679,EPSG:3035,"[3113750.0,250.0,0.0,1881750.0,0.0,-250.0]",250.0,250.0,"[3113750.0,1712000.0,3281750.0,1881750.0]",0.0,0.0,DEFLATE,609030223,-0.11,0.965,0.21665564092608733,0.7798457391304348,575,6e3c1cfc064026514baec0512c4ad3d696aa72a6731b6323ca7821a6643b5be1,True,
A:\_BioGeo\liuxianx\Co_authors\ana\output\MODIS_EU_EVI\2001_2025\EVI_Series_ID_EU_150-X023-Y033_2001_2025.tif,EVI_Series_ID_EU_150-X023-Y033_2001_2025.tif,EVI_Series_ID_EU_150-X023-Y033_2001_2025.tif,2001-2025,2001-01-01..2025-12-19,band-level; see time_index.csv,band-level; see time_index.csv,EU_150-X023-Y033,2001,2025,2001-01-01,2025-12-19,575,Float32,-Infinity,672,679,EPSG:3035,"[3132250.0,250.0,0.0,1733500.0,0.0,-250.0]",250.0,250.0,"[3132250.0,1563750.0,3300250.0,1733500.0]",0.0,0.0,DEFLATE,399735251,-0.2,0.87,0.16739684734024102,0.5112591304347825,575,6e3c1cfc064026514baec0512c4ad3d696aa72a6731b6323ca7821a6643b5be1,True,
A:\_BioGeo\liuxianx\Co_authors\ana\output\MODIS_EU_EVI\2001_2025\EVI_Series_ID_EU_150-X024-Y009_2001_2025.tif,EVI_Series_ID_EU_150-X024-Y009_2001_2025.tif,EVI_Series_ID_EU_150-X024-Y009_2001_2025.tif,2001-2025,2001-01-01..2025-12-19,band-level; see time_index.csv,band-level; see time_index.csv,EU_150-X024-Y009,2001,2025,2001-01-01,2025-12-19,575,Float32,-Infinity,701,682,EPSG:3035,"[2756000.0,250.0,0.0,5292000.0,0.0,-250.0]",250.0,250.0,"[2756000.0,5121500.0,2931250.0,5292000.0]",0.0,0.0,DEFLATE,8991749,-0.199,0.935,0.22861612255263059,0.007792758576555024,575,6e3c1cfc064026514baec0512c4ad3d696aa72a6731b6323ca7821a6643b5be1,True,
A:\_BioGeo\liuxianx\Co_authors\ana\output\MODIS_EU_EVI\2001_2025\EVI_Series_ID_EU_150-X024-Y010_2001_2025.tif,EVI_Series_ID_EU_150-X024-Y010_2001_2025.tif,EVI_Series_ID_EU_150-X024-Y010_2001_2025.tif,2001-2025,2001-01-01..2025-12-19,band-level; see time_index.csv,band-level; see time_index.csv,EU_150-X024-Y010,2001,2025,2001-01-01,2025-12-19,575,Float32,-Infinity,699,681,EPSG:3035,"[2781250.0,250.0,0.0,5145500.0,0.0,-250.0]",250.0,250.0,"[2781250.0,4975250.0,2956000.0,5145500.0]",0.0,0.0,DEFLATE,168056333,-0.2,0.999,0.2546729496362141,0.2117204595190381,575,6e3c1cfc064026514baec0512c4ad3d696aa72a6731b6323ca7821a6643b5be1,True,
A:\_BioGeo\liuxianx\Co_authors\ana\output\MODIS_EU_EVI\2001_2025\EVI_Series_ID_EU_150-X024-Y011_2001_2025.tif,EVI_Series_ID_EU_150-X024-Y011_2001_2025.tif,EVI_Series_ID_EU_150-X024-Y011_2001_2025.tif,2001-2025,2001-01-01..2025-12-19,band-level; see time_index.csv,band-level; see time_index.csv,EU_150-X024-Y011,2001,2025,2001-01-01,2025-12-19,575,Float32,-Infinity,697,681,EPSG:3035,"[2806250.0,250.0,0.0,4999000.0,0.0,-250.0]",250.0,250.0,"[2806250.0,4828750.0,2980500.0,4999000.0]",0.0,0.0,DEFLATE,288642021,-0.2,0.997,0.2209369307493068,0.370357221611002,575,6e3c1cfc064026514baec0512c4ad3d696aa72a6731b6323ca7821a6643b5be1,True,
A:\_BioGeo\liuxianx\Co_authors\ana\output\MODIS_EU_EVI\2001_2025\EVI_Series_ID_EU_150-X024-Y012_2001_2025.tif,EVI_Series_ID_EU_150-X024-Y012_2001_2025.tif,EVI_Series_ID_EU_150-X024-Y012_2001_2025.tif,2001-2025,2001-01-01..2025-12-19,band-level; see time_index.csv,band-level; see time_index.csv,EU_150-X024-Y012,2001,2025,2001-01-01,2025-12-19,575,Float32,-Infinity,696,681,EPSG:3035,"[2830750.0,250.0,0.0,4852500.0,0.0,-250.0]",250.0,250.0,"[2830750.0,4682250.0,3004750.0,4852500.0]",0.0,0.0,DEFLATE,115085485,-0.2,0.976,0.16763487506475008,0.13747036887159533,575,6e3c1cfc064026514baec0512c4ad3d696aa72a6731b6323ca7821a6643b5be1,True,
A:\_BioGeo\liuxianx\Co_authors\ana\output\MODIS_EU_EVI\2001_2025\EVI_Series_ID_EU_150-X024-Y019_2001_2025.tif,EVI_Series_ID_EU_150-X024-Y019_2001_2025.tif,EVI_Series_ID_EU_150-X024-Y019_2001_2025.tif,2001-2025,2001-01-01..2025-12-19,band-level; see time_index.csv,band-level; see time_index.csv,EU_150-X024-Y019,2001,2025,2001-01-01,2025-12-19,575,Float32,-Infinity,688,681,EPSG:3035,"[2994750.0,250.0,0.0,3824000.0,0.0,-250.0]",250.0,250.0,"[2994750.0,3653750.0,3166750.0,3824000.0]",0.0,0.0,DEFLATE,12004445,-0.062,0.932,0.3054951697711805,0.008787483797909407,575,6e3c1cfc064026514baec0512c4ad3d696aa72a6731b6323ca7821a6643b5be1,True,
A:\_BioGeo\liuxianx\Co_authors\ana\output\MODIS_EU_EVI\2001_2025\EVI_Series_ID_EU_150-X024-Y020_2001_2025.tif,EVI_Series_ID_EU_150-X024-Y020_2001_2025.tif,EVI_Series_ID_EU_150-X024-Y020_2001_2025.tif,2001-2025,2001-01-01..2025-12-19,band-level; see time_index.csv,band-level; see time_index.csv,EU_150-X024-Y020,2001,2025,2001-01-01,2025-12-19,575,Float32,-Infinity,687,681,EPSG:3035,"[3017000.0,250.0,0.0,3676750.0,0.0,-250.0]",250.0,250.0,"[3017000.0,3506500.0,3188750.0,3676750.0]",0.0,0.0,DEFLATE,468941495,-0.16,1.0,0.44387689883013515,0.533334104347826,575,6e3c1cfc064026514baec0512c4ad3d696aa72a6731b6323ca7821a6643b5be1,True,
A:\_BioGeo\liuxianx\Co_authors\ana\output\MODIS_EU_EVI\2001_2025\EVI_Series_ID_EU_150-X024-Y021_2001_2025.tif,EVI_Series_ID_EU_150-X024-Y021_2001_2025.tif,EVI_Series_ID_EU_150-X024-Y021_2001_2025.tif,2001-2025,2001-01-01..2025-12-19,band-level; see time_index.csv,band-level; see time_index.csv,EU_150-X024-Y021,2001,2025,2001-01-01,2025-12-19,575,Float32,-Infinity,685,680,EPSG:3035,"[3039000.0,250.0,0.0,3529250.0,0.0,-250.0]",250.0,250.0,"[3039000.0,3359250.0,3210250.0,3529250.0]",0.0,0.0,DEFLATE,599327461,-0.137,1.0,0.5239773897537661,0.6823224347826087,575,6e3c1cfc064026514baec0512c4ad3d696aa72a6731b6323ca7821a6643b5be1,True,
A:\_BioGeo\liuxianx\Co_authors\ana\output\MODIS_EU_EVI\2001_2025\EVI_Series_ID_EU_150-X024-Y022_2001_2025.tif,EVI_Series_ID_EU_150-X024-Y022_2001_2025.tif,EVI_Series_ID_EU_150-X024-Y022_2001_2025.tif,2001-2025,2001-01-01..2025-12-19,band-level; see time_index.csv,band-level; see time_index.csv,EU_150-X024-Y022,2001,2025,2001-01-01,2025-12-19,575,Float32,-Infinity,684,681,EPSG:3035,"[3060750.0,250.0,0.0,3382000.0,0.0,-250.0]",250.0,250.0,"[3060750.0,3211750.0,3231750.0,3382000.0]",0.0,0.0,DEFLATE,69708657,-0.082,1.0,0.5034307229478101,0.07162224869565217,575,6e3c1cfc064026514baec0512c4ad3d696aa72a6731b6323ca7821a6643b5be1,True,
A:\_BioGeo\liuxianx\Co_authors\ana\output\MODIS_EU_EVI\2001_2025\EVI_Series_ID_EU_150-X024-Y023_2001_2025.tif,EVI_Series_ID_EU_150-X024-Y023_2001_2025.tif,EVI_Series_ID_EU_150-X024-Y023_2001_2025.tif,2001-2025,2001-01-01..2025-12-19,band-level; see time_index.csv,band-level; see time_index.csv,EU_150-X024-Y023,2001,2025,2001-01-01,2025-12-19,575,Float32,-Infinity,683,681,EPSG:3035,"[3082250.0,250.0,0.0,3234500.0,0.0,-250.0]",250.0,250.0,"[3082250.0,3064250.0,3253000.0,3234500.0]",0.0,0.0,DEFLATE,28525065,-0.095,0.991,0.46689053416743825,0.02644228695652174,575,6e3c1cfc064026514baec0512c4ad3d696aa72a6731b6323ca7821a6643b5be1,True,
A:\_BioGeo\liuxianx\Co_authors\ana\output\MODIS_EU_EVI\2001_2025\EVI_Series_ID_EU_150-X024-Y024_2001_2025.tif,EVI_Series_ID_EU_150-X024-Y024_2001_2025.tif,EVI_Series_ID_EU_150-X024-Y024_2001_2025.tif,2001-2025,2001-01-01..2025-12-19,band-level; see time_index.csv,band-level; see time_index.csv,EU_150-X024-Y024,2001,2025,2001-01-01,2025-12-19,575,Float32,-Infinity,681,680,EPSG:3035,"[3103500.0,250.0,0.0,3086750.0,0.0,-250.0]",250.0,250.0,"[3103500.0,2916750.0,3273750.0,3086750.0]",0.0,0.0,DEFLATE,7573849,-0.077,0.996,0.34993020132986247,0.003984358956521739,575,6e3c1cfc064026514baec0512c4ad3d696aa72a6731b6323ca7821a6643b5be1,True,
A:\_BioGeo\liuxianx\Co_authors\ana\output\MODIS_EU_EVI\2001_2025\EVI_Series_ID_EU_150-X024-Y025_2001_2025.tif,EVI_Series_ID_EU_150-X024-Y025_2001_2025.tif,EVI_Series_ID_EU_150-X024-Y025_2001_2025.tif,2001-2025,2001-01-01..2025-12-19,band-level; see time_index.csv,band-level; see time_index.csv,EU_150-X024-Y025,2001,2025,2001-01-01,2025-12-19,575,Float32,-Infinity,681,680,EPSG:3035,"[3124250.0,250.0,0.0,2939250.0,0.0,-250.0]",250.0,250.0,"[3124250.0,2769250.0,3294500.0,2939250.0]",0.0,0.0,DEFLATE,93737051,-0.1,0.984,0.436488825808226,0.09403189565217392,575,6e3c1cfc064026514baec0512c4ad3d696aa72a6731b6323ca7821a6643b5be1,True,
A:\_BioGeo\liuxianx\Co_authors\ana\output\MODIS_EU_EVI\2001_2025\EVI_Series_ID_EU_150-X024-Y028_2001_2025.tif,EVI_Series_ID_EU_150-X024-Y028_2001_2025.tif,EVI_Series_ID_EU_150-X024-Y028_2001_2025.tif,2001-2025,2001-01-01..2025-12-19,band-level; see time_index.csv,band-level; see time_index.csv,EU_150-X024-Y028,2001,2025,2001-01-01,2025-12-19,575,Float32,-Infinity,677,680,EPSG:3035,"[3185250.0,250.0,0.0,2495750.0,0.0,-250.0]",250.0,250.0,"[3185250.0,2325750.0,3354500.0,2495750.0]",0.0,0.0,DEFLATE,65508313,-0.109,0.995,0.43043527509150564,0.06929757391304348,575,6e3c1cfc064026514baec0512c4ad3d696aa72a6731b6323ca7821a6643b5be1,True,
A:\_BioGeo\liuxianx\Co_authors\ana\output\MODIS_EU_EVI\2001_2025\EVI_Series_ID_EU_150-X024-Y029_2001_2025.tif,EVI_Series_ID_EU_150-X024-Y029_2001_2025.tif,EVI_Series_ID_EU_150-X024-Y029_2001_2025.tif,2001-2025,2001-01-01..2025-12-19,band-level; see time_index.csv,band-level; see time_index.csv,EU_150-X024-Y029,2001,2025,2001-01-01,2025-12-19,575,Float32,-Infinity,675,680,EPSG:3035,"[3205250.0,250.0,0.0,2347750.0,0.0,-250.0]",250.0,250.0,"[3205250.0,2177750.0,3374000.0,2347750.0]",0.0,0.0,DEFLATE,599585775,-0.185,0.999,0.33186370666152665,0.7173313043478261,575,6e3c1cfc064026514baec0512c4ad3d696aa72a6731b6323ca7821a6643b5be1,True,
A:\_BioGeo\liuxianx\Co_authors\ana\output\MODIS_EU_EVI\2001_2025\EVI_Series_ID_EU_150-X024-Y030_2001_2025.tif,EVI_Series_ID_EU_150-X024-Y030_2001_2025.tif,EVI_Series_ID_EU_150-X024-Y030_2001_2025.tif,2001-2025,2001-01-01..2025-12-19,band-level; see time_index.csv,band-level; see time_index.csv,EU_150-X024-Y030,2001,2025,2001-01-01,2025-12-19,575,Float32,-Infinity,674,679,EPSG:3035,"[3224750.0,250.0,0.0,2199500.0,0.0,-250.0]",250.0,250.0,"[3224750.0,2029750.0,3393250.0,2199500.0]",0.0,0.0,DEFLATE,615653733,-0.111,0.948,0.2228720748952945,0.7720645217391304,575,6e3c1cfc064026514baec0512c4ad3d696aa72a6731b6323ca7821a6643b5be1,True,
A:\_BioGeo\liuxianx\Co_authors\ana\output\MODIS_EU_EVI\2001_2025\EVI_Series_ID_EU_150-X024-Y031_2001_2025.tif,EVI_Series_ID_EU_150-X024-Y031_2001_2025.tif,EVI_Series_ID_EU_150-X024-Y031_2001_2025.tif,2001-2025,2001-01-01..2025-12-19,band-level; see time_index.csv,band-level; see time_index.csv,EU_150-X024-Y031,2001,2025,2001-01-01,2025-12-19,575,Float32,-Infinity,673,680,EPSG:3035,"[3244000.0,250.0,0.0,2051500.0,0.0,-250.0]",250.0,250.0,"[3244000.0,1881500.0,3412250.0,2051500.0]",0.0,0.0,DEFLATE,607393273,-0.095,0.926,0.22031231067650356,0.778056347826087,575,6e3c1cfc064026514baec0512c4ad3d696aa72a6731b6323ca7821a6643b5be1,True,
A:\_BioGeo\liuxianx\Co_authors\ana\output\MODIS_EU_EVI\2001_2025\EVI_Series_ID_EU_150-X024-Y032_2001_2025.tif,EVI_Series_ID_EU_150-X024-Y032_2001_2025.tif,EVI_Series_ID_EU_150-X024-Y032_2001_2025.tif,2001-2025,2001-01-01..2025-12-19,band-level; see time_index.csv,band-level; see time_index.csv,EU_150-X024-Y032,2001,2025,2001-01-01,2025-12-19,575,Float32,-Infinity,672,680,EPSG:3035,"[3262750.0,250.0,0.0,1903250.0,0.0,-250.0]",250.0,250.0,"[3262750.0,1733250.0,3430750.0,1903250.0]",0.0,0.0,DEFLATE,568615273,-0.117,0.973,0.20932495120441233,0.7581761739130435,575,6e3c1cfc064026514baec0512c4ad3d696aa72a6731b6323ca7821a6643b5be1,True,
A:\_BioGeo\liuxianx\Co_authors\ana\output\MODIS_EU_EVI\2001_2025\EVI_Series_ID_EU_150-X024-Y033_2001_2025.tif,EVI_Series_ID_EU_150-X024-Y033_2001_2025.tif,EVI_Series_ID_EU_150-X024-Y033_2001_2025.tif,2001-2025,2001-01-01..2025-12-19,band-level; see time_index.csv,band-level; see time_index.csv,EU_150-X024-Y033,2001,2025,2001-01-01,2025-12-19,575,Float32,-Infinity,671,680,EPSG:3035,"[3281500.0,250.0,0.0,1755000.0,0.0,-250.0]",250.0,250.0,"[3281500.0,1585000.0,3449250.0,1755000.0]",0.0,0.0,DEFLATE,156216947,-0.138,0.881,0.2051194361837771,0.18632034782608695,575,6e3c1cfc064026514baec0512c4ad3d696aa72a6731b6323ca7821a6643b5be1,True,
A:\_BioGeo\liuxianx\Co_authors\ana\output\MODIS_EU_EVI\2001_2025\EVI_Series_ID_EU_150-X025-Y010_2001_2025.tif,EVI_Series_ID_EU_150-X025-Y010_2001_2025.tif,EVI_Series_ID_EU_150-X025-Y010_2001_2025.tif,2001-2025,2001-01-01..2025-12-19,band-level; see time_index.csv,band-level; see time_index.csv,EU_150-X025-Y010,2001,2025,2001-01-01,2025-12-19,575,Float32,-Infinity,698,681,EPSG:3035,"[2931000.0,250.0,0.0,5169000.0,0.0,-250.0]",250.0,250.0,"[2931000.0,4998750.0,3105500.0,5169000.0]",0.0,0.0,DEFLATE,63988833,-0.2,0.995,0.28235771527011555,0.07463993634095635,575,6e3c1cfc064026514baec0512c4ad3d696aa72a6731b6323ca7821a6643b5be1,True,
A:\_BioGeo\liuxianx\Co_authors\ana\output\MODIS_EU_EVI\2001_2025\EVI_Series_ID_EU_150-X025-Y011_2001_2025.tif,EVI_Series_ID_EU_150-X025-Y011_2001_2025.tif,EVI_Series_ID_EU_150-X025-Y011_2001_2025.tif,2001-2025,2001-01-01..2025-12-19,band-level; see time_index.csv,band-level; see time_index.csv,EU_150-X025-Y011,2001,2025,2001-01-01,2025-12-19,575,Float32,-Infinity,698,681,EPSG:3035,"[2955750.0,250.0,0.0,5022500.0,0.0,-250.0]",250.0,250.0,"[2955750.0,4852250.0,3130250.0,5022500.0]",0.0,0.0,DEFLATE,209856103,-0.2,0.997,0.12419691981845987,0.2828737559393939,575,6e3c1cfc064026514baec0512c4ad3d696aa72a6731b6323ca7821a6643b5be1,True,
A:\_BioGeo\liuxianx\Co_authors\ana\output\MODIS_EU_EVI\2001_2025\EVI_Series_ID_EU_150-X025-Y012_2001_2025.tif,EVI_Series_ID_EU_150-X025-Y012_2001_2025.tif,EVI_Series_ID_EU_150-X025-Y012_2001_2025.tif,2001-2025,2001-01-01..2025-12-19,band-level; see time_index.csv,band-level; see time_index.csv,EU_150-X025-Y012,2001,2025,2001-01-01,2025-12-19,575,Float32,-Infinity,696,681,EPSG:3035,"[2980250.0,250.0,0.0,4875750.0,0.0,-250.0]",250.0,250.0,"[2980250.0,4705500.0,3154250.0,4875750.0]",0.0,0.0,DEFLATE,79663459,-0.2,0.988,0.11127974765062966,0.09629072399209486,575,6e3c1cfc064026514baec0512c4ad3d696aa72a6731b6323ca7821a6643b5be1,True,
A:\_BioGeo\liuxianx\Co_authors\ana\output\MODIS_EU_EVI\2001_2025\EVI_Series_ID_EU_150-X025-Y017_2001_2025.tif,EVI_Series_ID_EU_150-X025-Y017_2001_2025.tif,EVI_Series_ID_EU_150-X025-Y017_2001_2025.tif,2001-2025,2001-01-01..2025-12-19,band-level; see time_index.csv,band-level; see time_index.csv,EU_150-X025-Y017,2001,2025,2001-01-01,2025-12-19,575,Float32,-Infinity,690,680,EPSG:3035,"[3098750.0,250.0,0.0,4141000.0,0.0,-250.0]",250.0,250.0,"[3098750.0,3971000.0,3271250.0,4141000.0]",0.0,0.0,DEFLATE,3411827,-0.068,0.812,0.27133415528899685,0.0001604899025974026,575,6e3c1cfc064026514baec0512c4ad3d696aa72a6731b6323ca7821a6643b5be1,True,
A:\_BioGeo\liuxianx\Co_authors\ana\output\MODIS_EU_EVI\2001_2025\EVI_Series_ID_EU_150-X025-Y018_2001_2025.tif,EVI_Series_ID_EU_150-X025-Y018_2001_2025.tif,EVI_Series_ID_EU_150-X025-Y018_2001_2025.tif,2001-2025,2001-01-01..2025-12-19,band-level; see time_index.csv,band-level; see time_index.csv,EU_150-X025-Y018,2001,2025,2001-01-01,2025-12-19,575,Float32,-Infinity,689,680,EPSG:3035,"[3121500.0,250.0,0.0,3993750.0,0.0,-250.0]",250.0,250.0,"[3121500.0,3823750.0,3293750.0,3993750.0]",0.0,0.0,DEFLATE,9198851,-0.067,0.952,0.32048350193452235,0.00577707062937063,575,6e3c1cfc064026514baec0512c4ad3d696aa72a6731b6323ca7821a6643b5be1,True,
A:\_BioGeo\liuxianx\Co_authors\ana\output\MODIS_EU_EVI\2001_2025\EVI_Series_ID_EU_150-X025-Y019_2001_2025.tif,EVI_Series_ID_EU_150-X025-Y019_2001_2025.tif,EVI_Series_ID_EU_150-X025-Y019_2001_2025.tif,2001-2025,2001-01-01..2025-12-19,band-level; see time_index.csv,band-level; see time_index.csv,EU_150-X025-Y019,2001,2025,2001-01-01,2025-12-19,575,Float32,-Infinity,688,680,EPSG:3035,"[3144000.0,250.0,0.0,3846500.0,0.0,-250.0]",250.0,250.0,"[3144000.0,3676500.0,3316000.0,3846500.0]",0.0,0.0,DEFLATE,66329815,-0.096,1.0,0.3840782869335546,0.06606222086956522,575,6e3c1cfc064026514baec0512c4ad3d696aa72a6731b6323ca7821a6643b5be1,True,
A:\_BioGeo\liuxianx\Co_authors\ana\output\MODIS_EU_EVI\2001_2025\EVI_Series_ID_EU_150-X025-Y020_2001_2025.tif,EVI_Series_ID_EU_150-X025-Y020_2001_2025.tif,EVI_Series_ID_EU_150-X025-Y020_2001_2025.tif,2001-2025,2001-01-01..2025-12-19,band-level; see time_index.csv,band-level; see time_index.csv,EU_150-X025-Y020,2001,2025,2001-01-01,2025-12-19,575,Float32,-Infinity,686,681,EPSG:3035,"[3166500.0,250.0,0.0,3699250.0,0.0,-250.0]",250.0,250.0,"[3166500.0,3529000.0,3338000.0,3699250.0]",0.0,0.0,DEFLATE,496825069,-0.197,1.0,0.4924258657984659,0.5645977043478261,575,6e3c1cfc064026514baec0512c4ad3d696aa72a6731b6323ca7821a6643b5be1,True,
A:\_BioGeo\liuxianx\Co_authors\ana\output\MODIS_EU_EVI\2001_2025\EVI_Series_ID_EU_150-X025-Y021_2001_2025.tif,EVI_Series_ID_EU_150-X025-Y021_2001_2025.tif,EVI_Series_ID_EU_150-X025-Y021_2001_2025.tif,2001-2025,2001-01-01..2025-12-19,band-level; see time_index.csv,band-level; see time_index.csv,EU_150-X025-Y021,2001,2025,2001-01-01,2025-12-19,575,Float32,-Infinity,684,680,EPSG:3035,"[3188500.0,250.0,0.0,3551750.0,0.0,-250.0]",250.0,250.0,"[3188500.0,3381750.0,3359500.0,3551750.0]",0.0,0.0,DEFLATE,225851539,-0.177,1.0,0.48911698177515794,0.24614848695652175,575,6e3c1cfc064026514baec0512c4ad3d696aa72a6731b6323ca7821a6643b5be1,True,
A:\_BioGeo\liuxianx\Co_authors\ana\output\MODIS_EU_EVI\2001_2025\EVI_Series_ID_EU_150-X025-Y022_2001_2025.tif,EVI_Series_ID_EU_150-X025-Y022_2001_2025.tif,EVI_Series_ID_EU_150-X025-Y022_2001_2025.tif,2001-2025,2001-01-01..2025-12-19,band-level; see time_index.csv,band-level; see time_index.csv,EU_150-X025-Y022,2001,2025,2001-01-01,2025-12-19,575,Float32,-Infinity,684,680,EPSG:3035,"[3210000.0,250.0,0.0,3404250.0,0.0,-250.0]",250.0,250.0,"[3210000.0,3234250.0,3381000.0,3404250.0]",0.0,0.0,DEFLATE,147851085,-0.09,1.0,0.5097171980244739,0.15927420869565218,575,6e3c1cfc064026514baec0512c4ad3d696aa72a6731b6323ca7821a6643b5be1,True,
A:\_BioGeo\liuxianx\Co_authors\ana\output\MODIS_EU_EVI\2001_2025\EVI_Series_ID_EU_150-X025-Y023_2001_2025.tif,EVI_Series_ID_EU_150-X025-Y023_2001_2025.tif,EVI_Series_ID_EU_150-X025-Y023_2001_2025.tif,2001-2025,2001-01-01..2025-12-19,band-level; see time_index.csv,band-level; see time_index.csv,EU_150-X025-Y023,2001,2025,2001-01-01,2025-12-19,575,Float32,-Infinity,683,680,EPSG:3035,"[3231500.0,250.0,0.0,3256500.0,0.0,-250.0]",250.0,250.0,"[3231500.0,3086500.0,3402250.0,3256500.0]",0.0,0.0,DEFLATE,280171015,-0.099,1.0,0.5005396081241185,0.3081161913043478,575,6e3c1cfc064026514baec0512c4ad3d696aa72a6731b6323ca7821a6643b5be1,True,
A:\_BioGeo\liuxianx\Co_authors\ana\output\MODIS_EU_EVI\2001_2025\EVI_Series_ID_EU_150-X025-Y024_2001_2025.tif,EVI_Series_ID_EU_150-X025-Y024_2001_2025.tif,EVI_Series_ID_EU_150-X025-Y024_2001_2025.tif,2001-2025,2001-01-01..2025-12-19,band-level; see time_index.csv,band-level; see time_index.csv,EU_150-X025-Y024,2001,2025,2001-01-01,2025-12-19,575,Float32,-Infinity,681,679,EPSG:3035,"[3252750.0,250.0,0.0,3108750.0,0.0,-250.0]",250.0,250.0,"[3252750.0,2939000.0,3423000.0,3108750.0]",0.0,0.0,DEFLATE,6725083,-0.079,0.96,0.31676417598381607,0.0033283020869565214,575,6e3c1cfc064026514baec0512c4ad3d696aa72a6731b6323ca7821a6643b5be1,True,
A:\_BioGeo\liuxianx\Co_authors\ana\output\MODIS_EU_EVI\2001_2025\EVI_Series_ID_EU_150-X025-Y025_2001_2025.tif,EVI_Series_ID_EU_150-X025-Y025_2001_2025.tif,EVI_Series_ID_EU_150-X025-Y025_2001_2025.tif,2001-2025,2001-01-01..2025-12-19,band-level; see time_index.csv,band-level; see time_index.csv,EU_150-X025-Y025,2001,2025,2001-01-01,2025-12-19,575,Float32,-Infinity,680,679,EPSG:3035,"[3273500.0,250.0,0.0,2961000.0,0.0,-250.0]",250.0,250.0,"[3273500.0,2791250.0,3443500.0,2961000.0]",0.0,0.0,DEFLATE,502299375,-0.101,0.999,0.4376068180049335,0.5832179130434783,575,6e3c1cfc064026514baec0512c4ad3d696aa72a6731b6323ca7821a6643b5be1,True,
A:\_BioGeo\liuxianx\Co_authors\ana\output\MODIS_EU_EVI\2001_2025\EVI_Series_ID_EU_150-X025-Y026_2001_2025.tif,EVI_Series_ID_EU_150-X025-Y026_2001_2025.tif,EVI_Series_ID_EU_150-X025-Y026_2001_2025.tif,2001-2025,2001-01-01..2025-12-19,band-level; see time_index.csv,band-level; see time_index.csv,EU_150-X025-Y026,2001,2025,2001-01-01,2025-12-19,575,Float32,-Infinity,679,680,EPSG:3035,"[3294250.0,250.0,0.0,2813250.0,0.0,-250.0]",250.0,250.0,"[3294250.0,2643250.0,3464000.0,2813250.0]",0.0,0.0,DEFLATE,259649619,-0.099,0.998,0.42740469619851457,0.278408347826087,575,6e3c1cfc064026514baec0512c4ad3d696aa72a6731b6323ca7821a6643b5be1,True,
A:\_BioGeo\liuxianx\Co_authors\ana\output\MODIS_EU_EVI\2001_2025\EVI_Series_ID_EU_150-X025-Y027_2001_2025.tif,EVI_Series_ID_EU_150-X025-Y027_2001_2025.tif,EVI_Series_ID_EU_150-X025-Y027_2001_2025.tif,2001-2025,2001-01-01..2025-12-19,band-level; see time_index.csv,band-level; see time_index.csv,EU_150-X025-Y027,2001,2025,2001-01-01,2025-12-19,575,Float32,-Infinity,678,679,EPSG:3035,"[3314500.0,250.0,0.0,2665250.0,0.0,-250.0]",250.0,250.0,"[3314500.0,2495500.0,3484000.0,2665250.0]",0.0,0.0,DEFLATE,100109931,-0.108,0.983,0.3401571368984624,0.10077681739130434,575,6e3c1cfc064026514baec0512c4ad3d696aa72a6731b6323ca7821a6643b5be1,True,
A:\_BioGeo\liuxianx\Co_authors\ana\output\MODIS_EU_EVI\2001_2025\EVI_Series_ID_EU_150-X025-Y028_2001_2025.tif,EVI_Series_ID_EU_150-X025-Y028_2001_2025.tif,EVI_Series_ID_EU_150-X025-Y028_2001_2025.tif,2001-2025,2001-01-01..2025-12-19,band-level; see time_index.csv,band-level; see time_index.csv,EU_150-X025-Y028,2001,2025,2001-01-01,2025-12-19,575,Float32,-Infinity,677,679,EPSG:3035,"[3334500.0,250.0,0.0,2517250.0,0.0,-250.0]",250.0,250.0,"[3334500.0,2347500.0,3503750.0,2517250.0]",0.0,0.0,DEFLATE,306908039,-0.111,0.999,0.33991895623534746,0.358228347826087,575,6e3c1cfc064026514baec0512c4ad3d696aa72a6731b6323ca7821a6643b5be1,True,
A:\_BioGeo\liuxianx\Co_authors\ana\output\MODIS_EU_EVI\2001_2025\EVI_Series_ID_EU_150-X025-Y029_2001_2025.tif,EVI_Series_ID_EU_150-X025-Y029_2001_2025.tif,EVI_Series_ID_EU_150-X025-Y029_2001_2025.tif,2001-2025,2001-01-01..2025-12-19,band-level; see time_index.csv,band-level; see time_index.csv,EU_150-X025-Y029,2001,2025,2001-01-01,2025-12-19,575,Float32,-Infinity,676,680,EPSG:3035,"[3354250.0,250.0,0.0,2369250.0,0.0,-250.0]",250.0,250.0,"[3354250.0,2199250.0,3523250.0,2369250.0]",0.0,0.0,DEFLATE,573576193,-0.199,0.998,0.383973695615199,0.6922370434782609,575,6e3c1cfc064026514baec0512c4ad3d696aa72a6731b6323ca7821a6643b5be1,True,
A:\_BioGeo\liuxianx\Co_authors\ana\output\MODIS_EU_EVI\2001_2025\EVI_Series_ID_EU_150-X025-Y030_2001_2025.tif,EVI_Series_ID_EU_150-X025-Y030_2001_2025.tif,EVI_Series_ID_EU_150-X025-Y030_2001_2025.tif,2001-2025,2001-01-01..2025-12-19,band-level; see time_index.csv,band-level; see time_index.csv,EU_150-X025-Y030,2001,2025,2001-01-01,2025-12-19,575,Float32,-Infinity,674,679,EPSG:3035,"[3373750.0,250.0,0.0,2221000.0,0.0,-250.0]",250.0,250.0,"[3373750.0,2051250.0,3542250.0,2221000.0]",0.0,0.0,DEFLATE,621490123,-0.189,0.969,0.2458857896272053,0.7554175652173912,575,6e3c1cfc064026514baec0512c4ad3d696aa72a6731b6323ca7821a6643b5be1,True,
A:\_BioGeo\liuxianx\Co_authors\ana\output\MODIS_EU_EVI\2001_2025\EVI_Series_ID_EU_150-X025-Y031_2001_2025.tif,EVI_Series_ID_EU_150-X025-Y031_2001_2025.tif,EVI_Series_ID_EU_150-X025-Y031_2001_2025.tif,2001-2025,2001-01-01..2025-12-19,band-level; see time_index.csv,band-level; see time_index.csv,EU_150-X025-Y031,2001,2025,2001-01-01,2025-12-19,575,Float32,-Infinity,673,679,EPSG:3035,"[3393000.0,250.0,0.0,2072750.0,0.0,-250.0]",250.0,250.0,"[3393000.0,1903000.0,3561250.0,2072750.0]",0.0,0.0,DEFLATE,464241849,-0.129,0.903,0.24535145743846073,0.591979652173913,575,6e3c1cfc064026514baec0512c4ad3d696aa72a6731b6323ca7821a6643b5be1,True,
A:\_BioGeo\liuxianx\Co_authors\ana\output\MODIS_EU_EVI\2001_2025\EVI_Series_ID_EU_150-X025-Y032_2001_2025.tif,EVI_Series_ID_EU_150-X025-Y032_2001_2025.tif,EVI_Series_ID_EU_150-X025-Y032_2001_2025.tif,2001-2025,2001-01-01..2025-12-19,band-level; see time_index.csv,band-level; see time_index.csv,EU_150-X025-Y032,2001,2025,2001-01-01,2025-12-19,575,Float32,-Infinity,671,679,EPSG:3035,"[3412000.0,250.0,0.0,1924500.0,0.0,-250.0]",250.0,250.0,"[3412000.0,1754750.0,3579750.0,1924500.0]",0.0,0.0,DEFLATE,109354145,-0.091,0.878,0.2528340321912986,0.11797300869565218,575,6e3c1cfc064026514baec0512c4ad3d696aa72a6731b6323ca7821a6643b5be1,True,
A:\_BioGeo\liuxianx\Co_authors\ana\output\MODIS_EU_EVI\2001_2025\EVI_Series_ID_EU_150-X025-Y033_2001_2025.tif,EVI_Series_ID_EU_150-X025-Y033_2001_2025.tif,EVI_Series_ID_EU_150-X025-Y033_2001_2025.tif,2001-2025,2001-01-01..2025-12-19,band-level; see time_index.csv,band-level; see time_index.csv,EU_150-X025-Y033,2001,2025,2001-01-01,2025-12-19,575,Float32,-Infinity,671,679,EPSG:3035,"[3430500.0,250.0,0.0,1776000.0,0.0,-250.0]",250.0,250.0,"[3430500.0,1606250.0,3598250.0,1776000.0]",0.0,0.0,DEFLATE,4083753,-0.047,0.555,0.20829200426146954,0.0008880382608695653,575,6e3c1cfc064026514baec0512c4ad3d696aa72a6731b6323ca7821a6643b5be1,True,
A:\_BioGeo\liuxianx\Co_authors\ana\output\MODIS_EU_EVI\2001_2025\EVI_Series_ID_EU_150-X026-Y010_2001_2025.tif,EVI_Series_ID_EU_150-X026-Y010_2001_2025.tif,EVI_Series_ID_EU_150-X026-Y010_2001_2025.tif,2001-2025,2001-01-01..2025-12-19,band-level; see time_index.csv,band-level; see time_index.csv,EU_150-X026-Y010,2001,2025,2001-01-01,2025-12-19,575,Float32,-Infinity,698,681,EPSG:3035,"[3080500.0,250.0,0.0,5192500.0,0.0,-250.0]",250.0,250.0,"[3080500.0,5022250.0,3255000.0,5192500.0]",0.0,0.0,DEFLATE,8662595,-0.108,0.767,0.27561516603260133,0.007187274157043879,575,6e3c1cfc064026514baec0512c4ad3d696aa72a6731b6323ca7821a6643b5be1,True,
A:\_BioGeo\liuxianx\Co_authors\ana\output\MODIS_EU_EVI\2001_2025\EVI_Series_ID_EU_150-X026-Y011_2001_2025.tif,EVI_Series_ID_EU_150-X026-Y011_2001_2025.tif,EVI_Series_ID_EU_150-X026-Y011_2001_2025.tif,2001-2025,2001-01-01..2025-12-19,band-level; see time_index.csv,band-level; see time_index.csv,EU_150-X026-Y011,2001,2025,2001-01-01,2025-12-19,575,Float32,-Infinity,697,681,EPSG:3035,"[3105250.0,250.0,0.0,5045750.0,0.0,-250.0]",250.0,250.0,"[3105250.0,4875500.0,3279500.0,5045750.0]",0.0,0.0,DEFLATE,179652441,-0.198,0.979,0.19723887705943408,0.24149198158333332,575,6e3c1cfc064026514baec0512c4ad3d696aa72a6731b6323ca7821a6643b5be1,True,
A:\_BioGeo\liuxianx\Co_authors\ana\output\MODIS_EU_EVI\2001_2025\EVI_Series_ID_EU_150-X026-Y012_2001_2025.tif,EVI_Series_ID_EU_150-X026-Y012_2001_2025.tif,EVI_Series_ID_EU_150-X026-Y012_2001_2025.tif,2001-2025,2001-01-01..2025-12-19,band-level; see time_index.csv,band-level; see time_index.csv,EU_150-X026-Y012,2001,2025,2001-01-01,2025-12-19,575,Float32,-Infinity,695,681,EPSG:3035,"[3130000.0,250.0,0.0,4899000.0,0.0,-250.0]",250.0,250.0,"[3130000.0,4728750.0,3303750.0,4899000.0]",0.0,0.0,DEFLATE,72832825,-0.199,0.989,0.23644033372148682,0.09035583537223339,575,6e3c1cfc064026514baec0512c4ad3d696aa72a6731b6323ca7821a6643b5be1,True,
A:\_BioGeo\liuxianx\Co_authors\ana\output\MODIS_EU_EVI\2001_2025\EVI_Series_ID_EU_150-X026-Y017_2001_2025.tif,EVI_Series_ID_EU_150-X026-Y017_2001_2025.tif,EVI_Series_ID_EU_150-X026-Y017_2001_2025.tif,2001-2025,2001-01-01..2025-12-19,band-level; see time_index.csv,band-level; see time_index.csv,EU_150-X026-Y017,2001,2025,2001-01-01,2025-12-19,575,Float32,-Infinity,689,681,EPSG:3035,"[3248250.0,250.0,0.0,4163750.0,0.0,-250.0]",250.0,250.0,"[3248250.0,3993500.0,3420500.0,4163750.0]",0.0,0.0,DEFLATE,35997819,-0.135,0.995,0.29387227262742305,0.037417634146341465,575,6e3c1cfc064026514baec0512c4ad3d696aa72a6731b6323ca7821a6643b5be1,True,
A:\_BioGeo\liuxianx\Co_authors\ana\output\MODIS_EU_EVI\2001_2025\EVI_Series_ID_EU_150-X026-Y018_2001_2025.tif,EVI_Series_ID_EU_150-X026-Y018_2001_2025.tif,EVI_Series_ID_EU_150-X026-Y018_2001_2025.tif,2001-2025,2001-01-01..2025-12-19,band-level; see time_index.csv,band-level; see time_index.csv,EU_150-X026-Y018,2001,2025,2001-01-01,2025-12-19,575,Float32,-Infinity,688,680,EPSG:3035,"[3271000.0,250.0,0.0,4016250.0,0.0,-250.0]",250.0,250.0,"[3271000.0,3846250.0,3443000.0,4016250.0]",0.0,0.0,DEFLATE,208162023,-0.198,0.999,0.30454593393688756,0.22146853565217392,575,6e3c1cfc064026514baec0512c4ad3d696aa72a6731b6323ca7821a6643b5be1,True,
A:\_BioGeo\liuxianx\Co_authors\ana\output\MODIS_EU_EVI\2001_2025\EVI_Series_ID_EU_150-X026-Y019_2001_2025.tif,EVI_Series_ID_EU_150-X026-Y019_2001_2025.tif,EVI_Series_ID_EU_150-X026-Y019_2001_2025.tif,2001-2025,2001-01-01..2025-12-19,band-level; see time_index.csv,band-level; see time_index.csv,EU_150-X026-Y019,2001,2025,2001-01-01,2025-12-19,575,Float32,-Infinity,687,680,EPSG:3035,"[3293500.0,250.0,0.0,3869000.0,0.0,-250.0]",250.0,250.0,"[3293500.0,3699000.0,3465250.0,3869000.0]",0.0,0.0,DEFLATE,356604649,-0.179,1.0,0.35632385270660943,0.39968677913043477,575,6e3c1cfc064026514baec0512c4ad3d696aa72a6731b6323ca7821a6643b5be1,True,
A:\_BioGeo\liuxianx\Co_authors\ana\output\MODIS_EU_EVI\2001_2025\EVI_Series_ID_EU_150-X026-Y020_2001_2025.tif,EVI_Series_ID_EU_150-X026-Y020_2001_2025.tif,EVI_Series_ID_EU_150-X026-Y020_2001_2025.tif,2001-2025,2001-01-01..2025-12-19,band-level; see time_index.csv,band-level; see time_index.csv,EU_150-X026-Y020,2001,2025,2001-01-01,2025-12-19,575,Float32,-Infinity,686,680,EPSG:3035,"[3315750.0,250.0,0.0,3721500.0,0.0,-250.0]",250.0,250.0,"[3315750.0,3551500.0,3487250.0,3721500.0]",0.0,0.0,DEFLATE,297545923,-0.184,1.0,0.4499885381041678,0.32290886956521736,575,6e3c1cfc064026514baec0512c4ad3d696aa72a6731b6323ca7821a6643b5be1,True,
A:\_BioGeo\liuxianx\Co_authors\ana\output\MODIS_EU_EVI\2001_2025\EVI_Series_ID_EU_150-X026-Y021_2001_2025.tif,EVI_Series_ID_EU_150-X026-Y021_2001_2025.tif,EVI_Series_ID_EU_150-X026-Y021_2001_2025.tif,2001-2025,2001-01-01..2025-12-19,band-level; see time_index.csv,band-level; see time_index.csv,EU_150-X026-Y021,2001,2025,2001-01-01,2025-12-19,575,Float32,-Infinity,684,680,EPSG:3035,"[3337750.0,250.0,0.0,3574000.0,0.0,-250.0]",250.0,250.0,"[3337750.0,3404000.0,3508750.0,3574000.0]",0.0,0.0,DEFLATE,243516571,-0.185,0.999,0.43917555690972837,0.25612951269565215,575,6e3c1cfc064026514baec0512c4ad3d696aa72a6731b6323ca7821a6643b5be1,True,
A:\_BioGeo\liuxianx\Co_authors\ana\output\MODIS_EU_EVI\2001_2025\EVI_Series_ID_EU_150-X026-Y022_2001_2025.tif,EVI_Series_ID_EU_150-X026-Y022_2001_2025.tif,EVI_Series_ID_EU_150-X026-Y022_2001_2025.tif,2001-2025,2001-01-01..2025-12-19,band-level; see time_index.csv,band-level; see time_index.csv,EU_150-X026-Y022,2001,2025,2001-01-01,2025-12-19,575,Float32,-Infinity,684,680,EPSG:3035,"[3359250.0,250.0,0.0,3426250.0,0.0,-250.0]",250.0,250.0,"[3359250.0,3256250.0,3530250.0,3426250.0]",0.0,0.0,DEFLATE,548827551,-0.194,1.0,0.4620506737904747,0.6301791304347826,575,6e3c1cfc064026514baec0512c4ad3d696aa72a6731b6323ca7821a6643b5be1,True,
A:\_BioGeo\liuxianx\Co_authors\ana\output\MODIS_EU_EVI\2001_2025\EVI_Series_ID_EU_150-X026-Y023_2001_2025.tif,EVI_Series_ID_EU_150-X026-Y023_2001_2025.tif,EVI_Series_ID_EU_150-X026-Y023_2001_2025.tif,2001-2025,2001-01-01..2025-12-19,band-level; see time_index.csv,band-level; see time_index.csv,EU_150-X026-Y023,2001,2025,2001-01-01,2025-12-19,575,Float32,-Infinity,682,680,EPSG:3035,"[3380750.0,250.0,0.0,3278500.0,0.0,-250.0]",250.0,250.0,"[3380750.0,3108500.0,3551250.0,3278500.0]",0.0,0.0,DEFLATE,514416943,-0.089,1.0,0.44753726836210117,0.5875831304347826,575,6e3c1cfc064026514baec0512c4ad3d696aa72a6731b6323ca7821a6643b5be1,True,
A:\_BioGeo\liuxianx\Co_authors\ana\output\MODIS_EU_EVI\2001_2025\EVI_Series_ID_EU_150-X026-Y024_2001_2025.tif,EVI_Series_ID_EU_150-X026-Y024_2001_2025.tif,EVI_Series_ID_EU_150-X026-Y024_2001_2025.tif,2001-2025,2001-01-01..2025-12-19,band-level; see time_index.csv,band-level; see time_index.csv,EU_150-X026-Y024,2001,2025,2001-01-01,2025-12-19,575,Float32,-Infinity,680,680,EPSG:3035,"[3402000.0,250.0,0.0,3130750.0,0.0,-250.0]",250.0,250.0,"[3402000.0,2960750.0,3572000.0,3130750.0]",0.0,0.0,DEFLATE,76774403,-0.19,0.997,0.4663429617085204,0.07854080000000001,575,6e3c1cfc064026514baec0512c4ad3d696aa72a6731b6323ca7821a6643b5be1,True,
A:\_BioGeo\liuxianx\Co_authors\ana\output\MODIS_EU_EVI\2001_2025\EVI_Series_ID_EU_150-X026-Y025_2001_2025.tif,EVI_Series_ID_EU_150-X026-Y025_2001_2025.tif,EVI_Series_ID_EU_150-X026-Y025_2001_2025.tif,2001-2025,2001-01-01..2025-12-19,band-level; see time_index.csv,band-level; see time_index.csv,EU_150-X026-Y025,2001,2025,2001-01-01,2025-12-19,575,Float32,-Infinity,680,680,EPSG:3035,"[3422750.0,250.0,0.0,2983000.0,0.0,-250.0]",250.0,250.0,"[3422750.0,2813000.0,3592750.0,2983000.0]",0.0,0.0,DEFLATE,521405755,-0.105,0.999,0.45456151388904725,0.6103026086956521,575,6e3c1cfc064026514baec0512c4ad3d696aa72a6731b6323ca7821a6643b5be1,True,
A:\_BioGeo\liuxianx\Co_authors\ana\output\MODIS_EU_EVI\2001_2025\EVI_Series_ID_EU_150-X026-Y026_2001_2025.tif,EVI_Series_ID_EU_150-X026-Y026_2001_2025.tif,EVI_Series_ID_EU_150-X026-Y026_2001_2025.tif,2001-2025,2001-01-01..2025-12-19,band-level; see time_index.csv,band-level; see time_index.csv,EU_150-X026-Y026,2001,2025,2001-01-01,2025-12-19,575,Float32,-Infinity,679,680,EPSG:3035,"[3443250.0,250.0,0.0,2835000.0,0.0,-250.0]",250.0,250.0,"[3443250.0,2665000.0,3613000.0,2835000.0]",0.0,0.0,DEFLATE,643754829,-0.084,1.0,0.4177348684133907,0.7466730434782608,575,6e3c1cfc064026514baec0512c4ad3d696aa72a6731b6323ca7821a6643b5be1,True,
A:\_BioGeo\liuxianx\Co_authors\ana\output\MODIS_EU_EVI\2001_2025\EVI_Series_ID_EU_150-X026-Y027_2001_2025.tif,EVI_Series_ID_EU_150-X026-Y027_2001_2025.tif,EVI_Series_ID_EU_150-X026-Y027_2001_2025.tif,2001-2025,2001-01-01..2025-12-19,band-level; see time_index.csv,band-level; see time_index.csv,EU_150-X026-Y027,2001,2025,2001-01-01,2025-12-19,575,Float32,-Infinity,677,680,EPSG:3035,"[3463750.0,250.0,0.0,2687000.0,0.0,-250.0]",250.0,250.0,"[3463750.0,2517000.0,3633000.0,2687000.0]",0.0,0.0,DEFLATE,652441133,-0.105,1.0,0.38909356427719427,0.759459304347826,575,6e3c1cfc064026514baec0512c4ad3d696aa72a6731b6323ca7821a6643b5be1,True,
A:\_BioGeo\liuxianx\Co_authors\ana\output\MODIS_EU_EVI\2001_2025\EVI_Series_ID_EU_150-X026-Y028_2001_2025.tif,EVI_Series_ID_EU_150-X026-Y028_2001_2025.tif,EVI_Series_ID_EU_150-X026-Y028_2001_2025.tif,2001-2025,2001-01-01..2025-12-19,band-level; see time_index.csv,band-level; see time_index.csv,EU_150-X026-Y028,2001,2025,2001-01-01,2025-12-19,575,Float32,-Infinity,676,679,EPSG:3035,"[3483750.0,250.0,0.0,2538750.0,0.0,-250.0]",250.0,250.0,"[3483750.0,2369000.0,3652750.0,2538750.0]",0.0,0.0,DEFLATE,639473535,-0.116,0.998,0.38849803709008424,0.7716582608695652,575,6e3c1cfc064026514baec0512c4ad3d696aa72a6731b6323ca7821a6643b5be1,True,
A:\_BioGeo\liuxianx\Co_authors\ana\output\MODIS_EU_EVI\2001_2025\EVI_Series_ID_EU_150-X026-Y029_2001_2025.tif,EVI_Series_ID_EU_150-X026-Y029_2001_2025.tif,EVI_Series_ID_EU_150-X026-Y029_2001_2025.tif,2001-2025,2001-01-01..2025-12-19,band-level; see time_index.csv,band-level; see time_index.csv,EU_150-X026-Y029,2001,2025,2001-01-01,2025-12-19,575,Float32,-Infinity,674,679,EPSG:3035,"[3503500.0,250.0,0.0,2390500.0,0.0,-250.0]",250.0,250.0,"[3503500.0,2220750.0,3672000.0,2390500.0]",0.0,0.0,DEFLATE,640691109,-0.197,0.997,0.36310788165181807,0.7560829565217392,575,6e3c1cfc064026514baec0512c4ad3d696aa72a6731b6323ca7821a6643b5be1,True,
A:\_BioGeo\liuxianx\Co_authors\ana\output\MODIS_EU_EVI\2001_2025\EVI_Series_ID_EU_150-X026-Y030_2001_2025.tif,EVI_Series_ID_EU_150-X026-Y030_2001_2025.tif,EVI_Series_ID_EU_150-X026-Y030_2001_2025.tif,2001-2025,2001-01-01..2025-12-19,band-level; see time_index.csv,band-level; see time_index.csv,EU_150-X026-Y030,2001,2025,2001-01-01,2025-12-19,575,Float32,-Infinity,673,679,EPSG:3035,"[3523000.0,250.0,0.0,2242250.0,0.0,-250.0]",250.0,250.0,"[3523000.0,2072500.0,3691250.0,2242250.0]",0.0,0.0,DEFLATE,595478139,-0.199,0.993,0.301851733553412,0.7240619130434782,575,6e3c1cfc064026514baec0512c4ad3d696aa72a6731b6323ca7821a6643b5be1,True,
A:\_BioGeo\liuxianx\Co_authors\ana\output\MODIS_EU_EVI\2001_2025\EVI_Series_ID_EU_150-X026-Y031_2001_2025.tif,EVI_Series_ID_EU_150-X026-Y031_2001_2025.tif,EVI_Series_ID_EU_150-X026-Y031_2001_2025.tif,2001-2025,2001-01-01..2025-12-19,band-level; see time_index.csv,band-level; see time_index.csv,EU_150-X026-Y031,2001,2025,2001-01-01,2025-12-19,575,Float32,-Infinity,673,679,EPSG:3035,"[3542000.0,250.0,0.0,2094000.0,0.0,-250.0]",250.0,250.0,"[3542000.0,1924250.0,3710250.0,2094000.0]",0.0,0.0,DEFLATE,138583829,-0.087,0.888,0.26217545025726535,0.1683491652173913,575,6e3c1cfc064026514baec0512c4ad3d696aa72a6731b6323ca7821a6643b5be1,True,
A:\_BioGeo\liuxianx\Co_authors\ana\output\MODIS_EU_EVI\2001_2025\EVI_Series_ID_EU_150-X026-Y032_2001_2025.tif,EVI_Series_ID_EU_150-X026-Y032_2001_2025.tif,EVI_Series_ID_EU_150-X026-Y032_2001_2025.tif,2001-2025,2001-01-01..2025-12-19,band-level; see time_index.csv,band-level; see time_index.csv,EU_150-X026-Y032,2001,2025,2001-01-01,2025-12-19,575,Float32,-Infinity,671,679,EPSG:3035,"[3561000.0,250.0,0.0,1945500.0,0.0,-250.0]",250.0,250.0,"[3561000.0,1775750.0,3728750.0,1945500.0]",0.0,0.0,DEFLATE,81368121,-0.059,0.832,0.2737385005092144,0.08782506086956521,575,6e3c1cfc064026514baec0512c4ad3d696aa72a6731b6323ca7821a6643b5be1,True,
A:\_BioGeo\liuxianx\Co_authors\ana\output\MODIS_EU_EVI\2001_2025\EVI_Series_ID_EU_150-X026-Y033_2001_2025.tif,EVI_Series_ID_EU_150-X026-Y033_2001_2025.tif,EVI_Series_ID_EU_150-X026-Y033_2001_2025.tif,2001-2025,2001-01-01..2025-12-19,band-level; see time_index.csv,band-level; see time_index.csv,EU_150-X026-Y033,2001,2025,2001-01-01,2025-12-19,575,Float32,-Infinity,670,679,EPSG:3035,"[3579500.0,250.0,0.0,1797000.0,0.0,-250.0]",250.0,250.0,"[3579500.0,1627250.0,3747000.0,1797000.0]",0.0,0.0,DEFLATE,4148073,-0.024,0.56,0.2042723559068295,0.0007588948521739131,575,6e3c1cfc064026514baec0512c4ad3d696aa72a6731b6323ca7821a6643b5be1,True,
A:\_BioGeo\liuxianx\Co_authors\ana\output\MODIS_EU_EVI\2001_2025\EVI_Series_ID_EU_150-X027-Y017_2001_2025.tif,EVI_Series_ID_EU_150-X027-Y017_2001_2025.tif,EVI_Series_ID_EU_150-X027-Y017_2001_2025.tif,2001-2025,2001-01-01..2025-12-19,band-level; see time_index.csv,band-level; see time_index.csv,EU_150-X027-Y017,2001,2025,2001-01-01,2025-12-19,575,Float32,-Infinity,689,681,EPSG:3035,"[3397500.0,250.0,0.0,4186250.0,0.0,-250.0]",250.0,250.0,"[3397500.0,4016000.0,3569750.0,4186250.0]",0.0,0.0,DEFLATE,22753301,-0.089,0.99,0.32765219607508844,0.019661066202090592,575,6e3c1cfc064026514baec0512c4ad3d696aa72a6731b6323ca7821a6643b5be1,True,
A:\_BioGeo\liuxianx\Co_authors\ana\output\MODIS_EU_EVI\2001_2025\EVI_Series_ID_EU_150-X027-Y018_2001_2025.tif,EVI_Series_ID_EU_150-X027-Y018_2001_2025.tif,EVI_Series_ID_EU_150-X027-Y018_2001_2025.tif,2001-2025,2001-01-01..2025-12-19,band-level; see time_index.csv,band-level; see time_index.csv,EU_150-X027-Y018,2001,2025,2001-01-01,2025-12-19,575,Float32,-Infinity,688,680,EPSG:3035,"[3420250.0,250.0,0.0,4038750.0,0.0,-250.0]",250.0,250.0,"[3420250.0,3868750.0,3592250.0,4038750.0]",0.0,0.0,DEFLATE,353360311,-0.194,1.0,0.3519042785972698,0.40451526608695654,575,6e3c1cfc064026514baec0512c4ad3d696aa72a6731b6323ca7821a6643b5be1,True,
A:\_BioGeo\liuxianx\Co_authors\ana\output\MODIS_EU_EVI\2001_2025\EVI_Series_ID_EU_150-X027-Y019_2001_2025.tif,EVI_Series_ID_EU_150-X027-Y019_2001_2025.tif,EVI_Series_ID_EU_150-X027-Y019_2001_2025.tif,2001-2025,2001-01-01..2025-12-19,band-level; see time_index.csv,band-level; see time_index.csv,EU_150-X027-Y019,2001,2025,2001-01-01,2025-12-19,575,Float32,-Infinity,686,680,EPSG:3035,"[3442750.0,250.0,0.0,3891250.0,0.0,-250.0]",250.0,250.0,"[3442750.0,3721250.0,3614250.0,3891250.0]",0.0,0.0,DEFLATE,386216469,-0.185,1.0,0.37814910798313495,0.4395004643478261,575,6e3c1cfc064026514baec0512c4ad3d696aa72a6731b6323ca7821a6643b5be1,True,
A:\_BioGeo\liuxianx\Co_authors\ana\output\MODIS_EU_EVI\2001_2025\EVI_Series_ID_EU_150-X027-Y020_2001_2025.tif,EVI_Series_ID_EU_150-X027-Y020_2001_2025.tif,EVI_Series_ID_EU_150-X027-Y020_2001_2025.tif,2001-2025,2001-01-01..2025-12-19,band-level; see time_index.csv,band-level; see time_index.csv,EU_150-X027-Y020,2001,2025,2001-01-01,2025-12-19,575,Float32,-Infinity,685,680,EPSG:3035,"[3465000.0,250.0,0.0,3743750.0,0.0,-250.0]",250.0,250.0,"[3465000.0,3573750.0,3636250.0,3743750.0]",0.0,0.0,DEFLATE,398477651,-0.183,1.0,0.43088474189138587,0.4547585356521739,575,6e3c1cfc064026514baec0512c4ad3d696aa72a6731b6323ca7821a6643b5be1,True,
A:\_BioGeo\liuxianx\Co_authors\ana\output\MODIS_EU_EVI\2001_2025\EVI_Series_ID_EU_150-X027-Y021_2001_2025.tif,EVI_Series_ID_EU_150-X027-Y021_2001_2025.tif,EVI_Series_ID_EU_150-X027-Y021_2001_2025.tif,2001-2025,2001-01-01..2025-12-19,band-level; see time_index.csv,band-level; see time_index.csv,EU_150-X027-Y021,2001,2025,2001-01-01,2025-12-19,575,Float32,-Infinity,684,680,EPSG:3035,"[3487000.0,250.0,0.0,3596000.0,0.0,-250.0]",250.0,250.0,"[3487000.0,3426000.0,3658000.0,3596000.0]",0.0,0.0,DEFLATE,516393897,-0.152,1.0,0.41462318442196744,0.5944004695652173,575,6e3c1cfc064026514baec0512c4ad3d696aa72a6731b6323ca7821a6643b5be1,True,
A:\_BioGeo\liuxianx\Co_authors\ana\output\MODIS_EU_EVI\2001_2025\EVI_Series_ID_EU_150-X027-Y022_2001_2025.tif,EVI_Series_ID_EU_150-X027-Y022_2001_2025.tif,EVI_Series_ID_EU_150-X027-Y022_2001_2025.tif,2001-2025,2001-01-01..2025-12-19,band-level; see time_index.csv,band-level; see time_index.csv,EU_150-X027-Y022,2001,2025,2001-01-01,2025-12-19,575,Float32,-Infinity,683,680,EPSG:3035,"[3508500.0,250.0,0.0,3448250.0,0.0,-250.0]",250.0,250.0,"[3508500.0,3278250.0,3679250.0,3448250.0]",0.0,0.0,DEFLATE,603157059,-0.101,1.0,0.3828612734046272,0.6887294782608696,575,6e3c1cfc064026514baec0512c4ad3d696aa72a6731b6323ca7821a6643b5be1,True,
A:\_BioGeo\liuxianx\Co_authors\ana\output\MODIS_EU_EVI\2001_2025\EVI_Series_ID_EU_150-X027-Y023_2001_2025.tif,EVI_Series_ID_EU_150-X027-Y023_2001_2025.tif,EVI_Series_ID_EU_150-X027-Y023_2001_2025.tif,2001-2025,2001-01-01..2025-12-19,band-level; see time_index.csv,band-level; see time_index.csv,EU_150-X027-Y023,2001,2025,2001-01-01,2025-12-19,575,Float32,-Infinity,681,680,EPSG:3035,"[3530000.0,250.0,0.0,3300500.0,0.0,-250.0]",250.0,250.0,"[3530000.0,3130500.0,3700250.0,3300500.0]",0.0,0.0,DEFLATE,603506955,-0.092,1.0,0.3829549505329195,0.701362347826087,575,6e3c1cfc064026514baec0512c4ad3d696aa72a6731b6323ca7821a6643b5be1,True,
A:\_BioGeo\liuxianx\Co_authors\ana\output\MODIS_EU_EVI\2001_2025\EVI_Series_ID_EU_150-X027-Y024_2001_2025.tif,EVI_Series_ID_EU_150-X027-Y024_2001_2025.tif,EVI_Series_ID_EU_150-X027-Y024_2001_2025.tif,2001-2025,2001-01-01..2025-12-19,band-level; see time_index.csv,band-level; see time_index.csv,EU_150-X027-Y024,2001,2025,2001-01-01,2025-12-19,575,Float32,-Infinity,681,679,EPSG:3035,"[3551000.0,250.0,0.0,3152500.0,0.0,-250.0]",250.0,250.0,"[3551000.0,2982750.0,3721250.0,3152500.0]",0.0,0.0,DEFLATE,132821475,-0.112,1.0,0.420452351391604,0.14472761739130435,575,6e3c1cfc064026514baec0512c4ad3d696aa72a6731b6323ca7821a6643b5be1,True,
A:\_BioGeo\liuxianx\Co_authors\ana\output\MODIS_EU_EVI\2001_2025\EVI_Series_ID_EU_150-X027-Y025_2001_2025.tif,EVI_Series_ID_EU_150-X027-Y025_2001_2025.tif,EVI_Series_ID_EU_150-X027-Y025_2001_2025.tif,2001-2025,2001-01-01..2025-12-19,band-level; see time_index.csv,band-level; see time_index.csv,EU_150-X027-Y025,2001,2025,2001-01-01,2025-12-19,575,Float32,-Infinity,680,679,EPSG:3035,"[3571750.0,250.0,0.0,3004500.0,0.0,-250.0]",250.0,250.0,"[3571750.0,2834750.0,3741750.0,3004500.0]",0.0,0.0,DEFLATE,595247219,-0.085,1.0,0.4186721481022094,0.6859093913043478,575,6e3c1cfc064026514baec0512c4ad3d696aa72a6731b6323ca7821a6643b5be1,True,
A:\_BioGeo\liuxianx\Co_authors\ana\output\MODIS_EU_EVI\2001_2025\EVI_Series_ID_EU_150-X027-Y026_2001_2025.tif,EVI_Series_ID_EU_150-X027-Y026_2001_2025.tif,EVI_Series_ID_EU_150-X027-Y026_2001_2025.tif,2001-2025,2001-01-01..2025-12-19,band-level; see time_index.csv,band-level; see time_index.csv,EU_150-X027-Y026,2001,2025,2001-01-01,2025-12-19,575,Float32,-Infinity,678,679,EPSG:3035,"[3592500.0,250.0,0.0,2856500.0,0.0,-250.0]",250.0,250.0,"[3592500.0,2686750.0,3762000.0,2856500.0]",0.0,0.0,DEFLATE,619836381,-0.087,1.0,0.37630148119995216,0.7289389565217391,575,6e3c1cfc064026514baec0512c4ad3d696aa72a6731b6323ca7821a6643b5be1,True,
A:\_BioGeo\liuxianx\Co_authors\ana\output\MODIS_EU_EVI\2001_2025\EVI_Series_ID_EU_150-X027-Y027_2001_2025.tif,EVI_Series_ID_EU_150-X027-Y027_2001_2025.tif,EVI_Series_ID_EU_150-X027-Y027_2001_2025.tif,2001-2025,2001-01-01..2025-12-19,band-level; see time_index.csv,band-level; see time_index.csv,EU_150-X027-Y027,2001,2025,2001-01-01,2025-12-19,575,Float32,-Infinity,677,680,EPSG:3035,"[3612750.0,250.0,0.0,2708500.0,0.0,-250.0]",250.0,250.0,"[3612750.0,2538500.0,3782000.0,2708500.0]",0.0,0.0,DEFLATE,618752603,-0.052,0.999,0.43611455759828915,0.7364978608695651,575,6e3c1cfc064026514baec0512c4ad3d696aa72a6731b6323ca7821a6643b5be1,True,
A:\_BioGeo\liuxianx\Co_authors\ana\output\MODIS_EU_EVI\2001_2025\EVI_Series_ID_EU_150-X027-Y028_2001_2025.tif,EVI_Series_ID_EU_150-X027-Y028_2001_2025.tif,EVI_Series_ID_EU_150-X027-Y028_2001_2025.tif,2001-2025,2001-01-01..2025-12-19,band-level; see time_index.csv,band-level; see time_index.csv,EU_150-X027-Y028,2001,2025,2001-01-01,2025-12-19,575,Float32,-Infinity,675,680,EPSG:3035,"[3632750.0,250.0,0.0,2560250.0,0.0,-250.0]",250.0,250.0,"[3632750.0,2390250.0,3801500.0,2560250.0]",0.0,0.0,DEFLATE,607391031,-0.148,1.0,0.43809231510864743,0.735247304347826,575,6e3c1cfc064026514baec0512c4ad3d696aa72a6731b6323ca7821a6643b5be1,True,
A:\_BioGeo\liuxianx\Co_authors\ana\output\MODIS_EU_EVI\2001_2025\EVI_Series_ID_EU_150-X027-Y029_2001_2025.tif,EVI_Series_ID_EU_150-X027-Y029_2001_2025.tif,EVI_Series_ID_EU_150-X027-Y029_2001_2025.tif,2001-2025,2001-01-01..2025-12-19,band-level; see time_index.csv,band-level; see time_index.csv,EU_150-X027-Y029,2001,2025,2001-01-01,2025-12-19,575,Float32,-Infinity,674,680,EPSG:3035,"[3652500.0,250.0,0.0,2412000.0,0.0,-250.0]",250.0,250.0,"[3652500.0,2242000.0,3821000.0,2412000.0]",0.0,0.0,DEFLATE,604786769,-0.092,0.993,0.36483915262837024,0.7485940869565217,575,6e3c1cfc064026514baec0512c4ad3d696aa72a6731b6323ca7821a6643b5be1,True,
A:\_BioGeo\liuxianx\Co_authors\ana\output\MODIS_EU_EVI\2001_2025\EVI_Series_ID_EU_150-X027-Y030_2001_2025.tif,EVI_Series_ID_EU_150-X027-Y030_2001_2025.tif,EVI_Series_ID_EU_150-X027-Y030_2001_2025.tif,2001-2025,2001-01-01..2025-12-19,band-level; see time_index.csv,band-level; see time_index.csv,EU_150-X027-Y030,2001,2025,2001-01-01,2025-12-19,575,Float32,-Infinity,674,679,EPSG:3035,"[3671750.0,250.0,0.0,2263500.0,0.0,-250.0]",250.0,250.0,"[3671750.0,2093750.0,3840250.0,2263500.0]",0.0,0.0,DEFLATE,330233921,-0.135,0.995,0.33056124098468753,0.3801020869565217,575,6e3c1cfc064026514baec0512c4ad3d696aa72a6731b6323ca7821a6643b5be1,True,
A:\_BioGeo\liuxianx\Co_authors\ana\output\MODIS_EU_EVI\2001_2025\EVI_Series_ID_EU_150-X027-Y031_2001_2025.tif,EVI_Series_ID_EU_150-X027-Y031_2001_2025.tif,EVI_Series_ID_EU_150-X027-Y031_2001_2025.tif,2001-2025,2001-01-01..2025-12-19,band-level; see time_index.csv,band-level; see time_index.csv,EU_150-X027-Y031,2001,2025,2001-01-01,2025-12-19,575,Float32,-Infinity,672,679,EPSG:3035,"[3691000.0,250.0,0.0,2115000.0,0.0,-250.0]",250.0,250.0,"[3691000.0,1945250.0,3859000.0,2115000.0]",0.0,0.0,DEFLATE,15196705,-0.055,0.775,0.3229528307858001,0.012955244347826087,575,6e3c1cfc064026514baec0512c4ad3d696aa72a6731b6323ca7821a6643b5be1,True,
A:\_BioGeo\liuxianx\Co_authors\ana\output\MODIS_EU_EVI\2001_2025\EVI_Series_ID_EU_150-X027-Y032_2001_2025.tif,EVI_Series_ID_EU_150-X027-Y032_2001_2025.tif,EVI_Series_ID_EU_150-X027-Y032_2001_2025.tif,2001-2025,2001-01-01..2025-12-19,band-level; see time_index.csv,band-level; see time_index.csv,EU_150-X027-Y032,2001,2025,2001-01-01,2025-12-19,575,Float32,-Infinity,670,679,EPSG:3035,"[3710000.0,250.0,0.0,1966500.0,0.0,-250.0]",250.0,250.0,"[3710000.0,1796750.0,3877500.0,1966500.0]",0.0,0.0,DEFLATE,74207229,-0.084,0.945,0.2951601738879607,0.08006754782608695,575,6e3c1cfc064026514baec0512c4ad3d696aa72a6731b6323ca7821a6643b5be1,True,
A:\_BioGeo\liuxianx\Co_authors\ana\output\MODIS_EU_EVI\2001_2025\EVI_Series_ID_EU_150-X028-Y016_2001_2025.tif,EVI_Series_ID_EU_150-X028-Y016_2001_2025.tif,EVI_Series_ID_EU_150-X028-Y016_2001_2025.tif,2001-2025,2001-01-01..2025-12-19,band-level; see time_index.csv,band-level; see time_index.csv,EU_150-X028-Y016,2001,2025,2001-01-01,2025-12-19,575,Float32,-Infinity,689,680,EPSG:3035,"[3523750.0,250.0,0.0,4356000.0,0.0,-250.0]",250.0,250.0,"[3523750.0,4186000.0,3696000.0,4356000.0]",0.0,0.0,DEFLATE,4848505,-0.101,0.877,0.2784790469291717,0.0014726853321364454,575,6e3c1cfc064026514baec0512c4ad3d696aa72a6731b6323ca7821a6643b5be1,True,
A:\_BioGeo\liuxianx\Co_authors\ana\output\MODIS_EU_EVI\2001_2025\EVI_Series_ID_EU_150-X028-Y017_2001_2025.tif,EVI_Series_ID_EU_150-X028-Y017_2001_2025.tif,EVI_Series_ID_EU_150-X028-Y017_2001_2025.tif,2001-2025,2001-01-01..2025-12-19,band-level; see time_index.csv,band-level; see time_index.csv,EU_150-X028-Y017,2001,2025,2001-01-01,2025-12-19,575,Float32,-Infinity,688,680,EPSG:3035,"[3546750.0,250.0,0.0,4208500.0,0.0,-250.0]",250.0,250.0,"[3546750.0,4038500.0,3718750.0,4208500.0]",0.0,0.0,DEFLATE,44692805,-0.092,0.999,0.3771709180245903,0.04028738347826087,575,6e3c1cfc064026514baec0512c4ad3d696aa72a6731b6323ca7821a6643b5be1,True,
A:\_BioGeo\liuxianx\Co_authors\ana\output\MODIS_EU_EVI\2001_2025\EVI_Series_ID_EU_150-X028-Y018_2001_2025.tif,EVI_Series_ID_EU_150-X028-Y018_2001_2025.tif,EVI_Series_ID_EU_150-X028-Y018_2001_2025.tif,2001-2025,2001-01-01..2025-12-19,band-level; see time_index.csv,band-level; see time_index.csv,EU_150-X028-Y018,2001,2025,2001-01-01,2025-12-19,575,Float32,-Infinity,687,680,EPSG:3035,"[3569500.0,250.0,0.0,4061000.0,0.0,-250.0]",250.0,250.0,"[3569500.0,3891000.0,3741250.0,4061000.0]",0.0,0.0,DEFLATE,14393645,-0.096,0.996,0.40961702652119547,0.010745717190226876,575,6e3c1cfc064026514baec0512c4ad3d696aa72a6731b6323ca7821a6643b5be1,True,
A:\_BioGeo\liuxianx\Co_authors\ana\output\MODIS_EU_EVI\2001_2025\EVI_Series_ID_EU_150-X028-Y019_2001_2025.tif,EVI_Series_ID_EU_150-X028-Y019_2001_2025.tif,EVI_Series_ID_EU_150-X028-Y019_2001_2025.tif,2001-2025,2001-01-01..2025-12-19,band-level; see time_index.csv,band-level; see time_index.csv,EU_150-X028-Y019,2001,2025,2001-01-01,2025-12-19,575,Float32,-Infinity,686,680,EPSG:3035,"[3592000.0,250.0,0.0,3913500.0,0.0,-250.0]",250.0,250.0,"[3592000.0,3743500.0,3763500.0,3913500.0]",0.0,0.0,DEFLATE,23132415,-0.093,0.997,0.42300619325750966,0.01982310587108014,575,6e3c1cfc064026514baec0512c4ad3d696aa72a6731b6323ca7821a6643b5be1,True,
A:\_BioGeo\liuxianx\Co_authors\ana\output\MODIS_EU_EVI\2001_2025\EVI_Series_ID_EU_150-X028-Y021_2001_2025.tif,EVI_Series_ID_EU_150-X028-Y021_2001_2025.tif,EVI_Series_ID_EU_150-X028-Y021_2001_2025.tif,2001-2025,2001-01-01..2025-12-19,band-level; see time_index.csv,band-level; see time_index.csv,EU_150-X028-Y021,2001,2025,2001-01-01,2025-12-19,575,Float32,-Infinity,684,680,EPSG:3035,"[3636000.0,250.0,0.0,3618000.0,0.0,-250.0]",250.0,250.0,"[3636000.0,3448000.0,3807000.0,3618000.0]",0.0,0.0,DEFLATE,12241297,-0.103,0.998,0.3314837873261879,0.007996320695652174,575,6e3c1cfc064026514baec0512c4ad3d696aa72a6731b6323ca7821a6643b5be1,True,
A:\_BioGeo\liuxianx\Co_authors\ana\output\MODIS_EU_EVI\2001_2025\EVI_Series_ID_EU_150-X028-Y022_2001_2025.tif,EVI_Series_ID_EU_150-X028-Y022_2001_2025.tif,EVI_Series_ID_EU_150-X028-Y022_2001_2025.tif,2001-2025,2001-01-01..2025-12-19,band-level; see time_index.csv,band-level; see time_index.csv,EU_150-X028-Y022,2001,2025,2001-01-01,2025-12-19,575,Float32,-Infinity,682,680,EPSG:3035,"[3657750.0,250.0,0.0,3470250.0,0.0,-250.0]",250.0,250.0,"[3657750.0,3300250.0,3828250.0,3470250.0]",0.0,0.0,DEFLATE,132077047,-0.095,0.999,0.36604583452788747,0.13937652869565217,575,6e3c1cfc064026514baec0512c4ad3d696aa72a6731b6323ca7821a6643b5be1,True,
A:\_BioGeo\liuxianx\Co_authors\ana\output\MODIS_EU_EVI\2001_2025\EVI_Series_ID_EU_150-X028-Y023_2001_2025.tif,EVI_Series_ID_EU_150-X028-Y023_2001_2025.tif,EVI_Series_ID_EU_150-X028-Y023_2001_2025.tif,2001-2025,2001-01-01..2025-12-19,band-level; see time_index.csv,band-level; see time_index.csv,EU_150-X028-Y023,2001,2025,2001-01-01,2025-12-19,575,Float32,-Infinity,681,680,EPSG:3035,"[3679000.0,250.0,0.0,3322250.0,0.0,-250.0]",250.0,250.0,"[3679000.0,3152250.0,3849250.0,3322250.0]",0.0,0.0,DEFLATE,167154691,-0.11,0.999,0.36591223971264075,0.18385265391304348,575,6e3c1cfc064026514baec0512c4ad3d696aa72a6731b6323ca7821a6643b5be1,True,
A:\_BioGeo\liuxianx\Co_authors\ana\output\MODIS_EU_EVI\2001_2025\EVI_Series_ID_EU_150-X028-Y024_2001_2025.tif,EVI_Series_ID_EU_150-X028-Y024_2001_2025.tif,EVI_Series_ID_EU_150-X028-Y024_2001_2025.tif,2001-2025,2001-01-01..2025-12-19,band-level; see time_index.csv,band-level; see time_index.csv,EU_150-X028-Y024,2001,2025,2001-01-01,2025-12-19,575,Float32,-Infinity,680,680,EPSG:3035,"[3700000.0,250.0,0.0,3174250.0,0.0,-250.0]",250.0,250.0,"[3700000.0,3004250.0,3870000.0,3174250.0]",0.0,0.0,DEFLATE,464605543,-0.109,0.999,0.3763429583933142,0.5324524695652174,575,6e3c1cfc064026514baec0512c4ad3d696aa72a6731b6323ca7821a6643b5be1,True,
A:\_BioGeo\liuxianx\Co_authors\ana\output\MODIS_EU_EVI\2001_2025\EVI_Series_ID_EU_150-X028-Y025_2001_2025.tif,EVI_Series_ID_EU_150-X028-Y025_2001_2025.tif,EVI_Series_ID_EU_150-X028-Y025_2001_2025.tif,2001-2025,2001-01-01..2025-12-19,band-level; see time_index.csv,band-level; see time_index.csv,EU_150-X028-Y025,2001,2025,2001-01-01,2025-12-19,575,Float32,-Infinity,678,680,EPSG:3035,"[3721000.0,250.0,0.0,3026250.0,0.0,-250.0]",250.0,250.0,"[3721000.0,2856250.0,3890500.0,3026250.0]",0.0,0.0,DEFLATE,591925973,-0.084,1.0,0.3637601744788826,0.700752052173913,575,6e3c1cfc064026514baec0512c4ad3d696aa72a6731b6323ca7821a6643b5be1,True,
A:\_BioGeo\liuxianx\Co_authors\ana\output\MODIS_EU_EVI\2001_2025\EVI_Series_ID_EU_150-X028-Y026_2001_2025.tif,EVI_Series_ID_EU_150-X028-Y026_2001_2025.tif,EVI_Series_ID_EU_150-X028-Y026_2001_2025.tif,2001-2025,2001-01-01..2025-12-19,band-level; see time_index.csv,band-level; see time_index.csv,EU_150-X028-Y026,2001,2025,2001-01-01,2025-12-19,575,Float32,-Infinity,677,679,EPSG:3035,"[3741500.0,250.0,0.0,2878000.0,0.0,-250.0]",250.0,250.0,"[3741500.0,2708250.0,3910750.0,2878000.0]",0.0,0.0,DEFLATE,611529041,-0.066,1.0,0.381267920439071,0.7189895652173913,575,6e3c1cfc064026514baec0512c4ad3d696aa72a6731b6323ca7821a6643b5be1,True,
A:\_BioGeo\liuxianx\Co_authors\ana\output\MODIS_EU_EVI\2001_2025\EVI_Series_ID_EU_150-X028-Y027_2001_2025.tif,EVI_Series_ID_EU_150-X028-Y027_2001_2025.tif,EVI_Series_ID_EU_150-X028-Y027_2001_2025.tif,2001-2025,2001-01-01..2025-12-19,band-level; see time_index.csv,band-level; see time_index.csv,EU_150-X028-Y027,2001,2025,2001-01-01,2025-12-19,575,Float32,-Infinity,676,679,EPSG:3035,"[3761750.0,250.0,0.0,2729750.0,0.0,-250.0]",250.0,250.0,"[3761750.0,2560000.0,3930750.0,2729750.0]",0.0,0.0,DEFLATE,623112117,-0.076,1.0,0.45232797898022226,0.7330305391304348,575,6e3c1cfc064026514baec0512c4ad3d696aa72a6731b6323ca7821a6643b5be1,True,
A:\_BioGeo\liuxianx\Co_authors\ana\output\MODIS_EU_EVI\2001_2025\EVI_Series_ID_EU_150-X028-Y028_2001_2025.tif,EVI_Series_ID_EU_150-X028-Y028_2001_2025.tif,EVI_Series_ID_EU_150-X028-Y028_2001_2025.tif,2001-2025,2001-01-01..2025-12-19,band-level; see time_index.csv,band-level; see time_index.csv,EU_150-X028-Y028,2001,2025,2001-01-01,2025-12-19,575,Float32,-Infinity,675,679,EPSG:3035,"[3781750.0,250.0,0.0,2581500.0,0.0,-250.0]",250.0,250.0,"[3781750.0,2411750.0,3950500.0,2581500.0]",0.0,0.0,DEFLATE,617718073,-0.186,0.997,0.3943552471085147,0.7409911304347826,575,6e3c1cfc064026514baec0512c4ad3d696aa72a6731b6323ca7821a6643b5be1,True,
A:\_BioGeo\liuxianx\Co_authors\ana\output\MODIS_EU_EVI\2001_2025\EVI_Series_ID_EU_150-X028-Y029_2001_2025.tif,EVI_Series_ID_EU_150-X028-Y029_2001_2025.tif,EVI_Series_ID_EU_150-X028-Y029_2001_2025.tif,2001-2025,2001-01-01..2025-12-19,band-level; see time_index.csv,band-level; see time_index.csv,EU_150-X028-Y029,2001,2025,2001-01-01,2025-12-19,575,Float32,-Infinity,674,679,EPSG:3035,"[3801250.0,250.0,0.0,2433000.0,0.0,-250.0]",250.0,250.0,"[3801250.0,2263250.0,3969750.0,2433000.0]",0.0,0.0,DEFLATE,609521237,-0.142,0.958,0.3229145033824737,0.7366617391304349,575,6e3c1cfc064026514baec0512c4ad3d696aa72a6731b6323ca7821a6643b5be1,True,
A:\_BioGeo\liuxianx\Co_authors\ana\output\MODIS_EU_EVI\2001_2025\EVI_Series_ID_EU_150-X028-Y030_2001_2025.tif,EVI_Series_ID_EU_150-X028-Y030_2001_2025.tif,EVI_Series_ID_EU_150-X028-Y030_2001_2025.tif,2001-2025,2001-01-01..2025-12-19,band-level; see time_index.csv,band-level; see time_index.csv,EU_150-X028-Y030,2001,2025,2001-01-01,2025-12-19,575,Float32,-Infinity,673,679,EPSG:3035,"[3820750.0,250.0,0.0,2284500.0,0.0,-250.0]",250.0,250.0,"[3820750.0,2114750.0,3989000.0,2284500.0]",0.0,0.0,DEFLATE,60980231,-0.127,0.792,0.2508056622833674,0.06561003478260868,575,6e3c1cfc064026514baec0512c4ad3d696aa72a6731b6323ca7821a6643b5be1,True,
A:\_BioGeo\liuxianx\Co_authors\ana\output\MODIS_EU_EVI\2001_2025\EVI_Series_ID_EU_150-X029-Y016_2001_2025.tif,EVI_Series_ID_EU_150-X029-Y016_2001_2025.tif,EVI_Series_ID_EU_150-X029-Y016_2001_2025.tif,2001-2025,2001-01-01..2025-12-19,band-level; see time_index.csv,band-level; see time_index.csv,EU_150-X029-Y016,2001,2025,2001-01-01,2025-12-19,575,Float32,-Infinity,690,680,EPSG:3035,"[3672750.0,250.0,0.0,4378250.0,0.0,-250.0]",250.0,250.0,"[3672750.0,4208250.0,3845250.0,4378250.0]",0.0,0.0,DEFLATE,13633347,-0.083,0.957,0.32002873994557757,0.010149697307692308,575,6e3c1cfc064026514baec0512c4ad3d696aa72a6731b6323ca7821a6643b5be1,True,
A:\_BioGeo\liuxianx\Co_authors\ana\output\MODIS_EU_EVI\2001_2025\EVI_Series_ID_EU_150-X029-Y017_2001_2025.tif,EVI_Series_ID_EU_150-X029-Y017_2001_2025.tif,EVI_Series_ID_EU_150-X029-Y017_2001_2025.tif,2001-2025,2001-01-01..2025-12-19,band-level; see time_index.csv,band-level; see time_index.csv,EU_150-X029-Y017,2001,2025,2001-01-01,2025-12-19,575,Float32,-Infinity,688,680,EPSG:3035,"[3695750.0,250.0,0.0,4230750.0,0.0,-250.0]",250.0,250.0,"[3695750.0,4060750.0,3867750.0,4230750.0]",0.0,0.0,DEFLATE,16464783,-0.124,0.991,0.3081281527233189,0.012736266347826087,575,6e3c1cfc064026514baec0512c4ad3d696aa72a6731b6323ca7821a6643b5be1,True,
A:\_BioGeo\liuxianx\Co_authors\ana\output\MODIS_EU_EVI\2001_2025\EVI_Series_ID_EU_150-X029-Y022_2001_2025.tif,EVI_Series_ID_EU_150-X029-Y022_2001_2025.tif,EVI_Series_ID_EU_150-X029-Y022_2001_2025.tif,2001-2025,2001-01-01..2025-12-19,band-level; see time_index.csv,band-level; see time_index.csv,EU_150-X029-Y022,2001,2025,2001-01-01,2025-12-19,575,Float32,-Infinity,682,679,EPSG:3035,"[3806750.0,250.0,0.0,3491750.0,0.0,-250.0]",250.0,250.0,"[3806750.0,3322000.0,3977250.0,3491750.0]",0.0,0.0,DEFLATE,5048991,-0.093,0.91,0.36226605994297756,0.0015663440868794326,575,6e3c1cfc064026514baec0512c4ad3d696aa72a6731b6323ca7821a6643b5be1,True,
A:\_BioGeo\liuxianx\Co_authors\ana\output\MODIS_EU_EVI\2001_2025\EVI_Series_ID_EU_150-X029-Y023_2001_2025.tif,EVI_Series_ID_EU_150-X029-Y023_2001_2025.tif,EVI_Series_ID_EU_150-X029-Y023_2001_2025.tif,2001-2025,2001-01-01..2025-12-19,band-level; see time_index.csv,band-level; see time_index.csv,EU_150-X029-Y023,2001,2025,2001-01-01,2025-12-19,575,Float32,-Infinity,681,679,EPSG:3035,"[3828000.0,250.0,0.0,3343750.0,0.0,-250.0]",250.0,250.0,"[3828000.0,3174000.0,3998250.0,3343750.0]",0.0,0.0,DEFLATE,208631505,-0.117,1.0,0.3751372929420968,0.22450913739130438,575,6e3c1cfc064026514baec0512c4ad3d696aa72a6731b6323ca7821a6643b5be1,True,
A:\_BioGeo\liuxianx\Co_authors\ana\output\MODIS_EU_EVI\2001_2025\EVI_Series_ID_EU_150-X029-Y024_2001_2025.tif,EVI_Series_ID_EU_150-X029-Y024_2001_2025.tif,EVI_Series_ID_EU_150-X029-Y024_2001_2025.tif,2001-2025,2001-01-01..2025-12-19,band-level; see time_index.csv,band-level; see time_index.csv,EU_150-X029-Y024,2001,2025,2001-01-01,2025-12-19,575,Float32,-Infinity,680,679,EPSG:3035,"[3849000.0,250.0,0.0,3195750.0,0.0,-250.0]",250.0,250.0,"[3849000.0,3026000.0,4019000.0,3195750.0]",0.0,0.0,DEFLATE,591415179,-0.09,1.0,0.38188895334866463,0.6866132695652174,575,6e3c1cfc064026514baec0512c4ad3d696aa72a6731b6323ca7821a6643b5be1,True,
A:\_BioGeo\liuxianx\Co_authors\ana\output\MODIS_EU_EVI\2001_2025\EVI_Series_ID_EU_150-X029-Y025_2001_2025.tif,EVI_Series_ID_EU_150-X029-Y025_2001_2025.tif,EVI_Series_ID_EU_150-X029-Y025_2001_2025.tif,2001-2025,2001-01-01..2025-12-19,band-level; see time_index.csv,band-level; see time_index.csv,EU_150-X029-Y025,2001,2025,2001-01-01,2025-12-19,575,Float32,-Infinity,679,679,EPSG:3035,"[3869750.0,250.0,0.0,3047500.0,0.0,-250.0]",250.0,250.0,"[3869750.0,2877750.0,4039500.0,3047500.0]",0.0,0.0,DEFLATE,585061103,-0.066,0.999,0.4203041929506417,0.6900550956521739,575,6e3c1cfc064026514baec0512c4ad3d696aa72a6731b6323ca7821a6643b5be1,True,
A:\_BioGeo\liuxianx\Co_authors\ana\output\MODIS_EU_EVI\2001_2025\EVI_Series_ID_EU_150-X029-Y026_2001_2025.tif,EVI_Series_ID_EU_150-X029-Y026_2001_2025.tif,EVI_Series_ID_EU_150-X029-Y026_2001_2025.tif,2001-2025,2001-01-01..2025-12-19,band-level; see time_index.csv,band-level; see time_index.csv,EU_150-X029-Y026,2001,2025,2001-01-01,2025-12-19,575,Float32,-Infinity,678,679,EPSG:3035,"[3890250.0,250.0,0.0,2899250.0,0.0,-250.0]",250.0,250.0,"[3890250.0,2729500.0,4059750.0,2899250.0]",0.0,0.0,DEFLATE,601022809,-0.104,1.0,0.4129384754246154,0.7023574434782609,575,6e3c1cfc064026514baec0512c4ad3d696aa72a6731b6323ca7821a6643b5be1,True,
A:\_BioGeo\liuxianx\Co_authors\ana\output\MODIS_EU_EVI\2001_2025\EVI_Series_ID_EU_150-X029-Y027_2001_2025.tif,EVI_Series_ID_EU_150-X029-Y027_2001_2025.tif,EVI_Series_ID_EU_150-X029-Y027_2001_2025.tif,2001-2025,2001-01-01..2025-12-19,band-level; see time_index.csv,band-level; see time_index.csv,EU_150-X029-Y027,2001,2025,2001-01-01,2025-12-19,575,Float32,-Infinity,676,679,EPSG:3035,"[3910500.0,250.0,0.0,2751000.0,0.0,-250.0]",250.0,250.0,"[3910500.0,2581250.0,4079500.0,2751000.0]",0.0,0.0,DEFLATE,606304287,-0.133,0.999,0.4187097711636885,0.7143059130434783,575,6e3c1cfc064026514baec0512c4ad3d696aa72a6731b6323ca7821a6643b5be1,True,
A:\_BioGeo\liuxianx\Co_authors\ana\output\MODIS_EU_EVI\2001_2025\EVI_Series_ID_EU_150-X029-Y028_2001_2025.tif,EVI_Series_ID_EU_150-X029-Y028_2001_2025.tif,EVI_Series_ID_EU_150-X029-Y028_2001_2025.tif,2001-2025,2001-01-01..2025-12-19,band-level; see time_index.csv,band-level; see time_index.csv,EU_150-X029-Y028,2001,2025,2001-01-01,2025-12-19,575,Float32,-Infinity,675,679,EPSG:3035,"[3930500.0,250.0,0.0,2602500.0,0.0,-250.0]",250.0,250.0,"[3930500.0,2432750.0,4099250.0,2602500.0]",0.0,0.0,DEFLATE,523923825,-0.2,0.994,0.36675623920425876,0.6149063130434782,575,6e3c1cfc064026514baec0512c4ad3d696aa72a6731b6323ca7821a6643b5be1,True,
A:\_BioGeo\liuxianx\Co_authors\ana\output\MODIS_EU_EVI\2001_2025\EVI_Series_ID_EU_150-X029-Y029_2001_2025.tif,EVI_Series_ID_EU_150-X029-Y029_2001_2025.tif,EVI_Series_ID_EU_150-X029-Y029_2001_2025.tif,2001-2025,2001-01-01..2025-12-19,band-level; see time_index.csv,band-level; see time_index.csv,EU_150-X029-Y029,2001,2025,2001-01-01,2025-12-19,575,Float32,-Infinity,673,679,EPSG:3035,"[3950250.0,250.0,0.0,2454000.0,0.0,-250.0]",250.0,250.0,"[3950250.0,2284250.0,4118500.0,2454000.0]",0.0,0.0,DEFLATE,537465805,-0.2,0.997,0.29508796022853767,0.6445521739130435,575,6e3c1cfc064026514baec0512c4ad3d696aa72a6731b6323ca7821a6643b5be1,True,
A:\_BioGeo\liuxianx\Co_authors\ana\output\MODIS_EU_EVI\2001_2025\EVI_Series_ID_EU_150-X029-Y030_2001_2025.tif,EVI_Series_ID_EU_150-X029-Y030_2001_2025.tif,EVI_Series_ID_EU_150-X029-Y030_2001_2025.tif,2001-2025,2001-01-01..2025-12-19,band-level; see time_index.csv,band-level; see time_index.csv,EU_150-X029-Y030,2001,2025,2001-01-01,2025-12-19,575,Float32,-Infinity,673,679,EPSG:3035,"[3969500.0,250.0,0.0,2305500.0,0.0,-250.0]",250.0,250.0,"[3969500.0,2135750.0,4137750.0,2305500.0]",0.0,0.0,DEFLATE,181344803,-0.073,0.816,0.30982452391377396,0.21925147826086955,575,6e3c1cfc064026514baec0512c4ad3d696aa72a6731b6323ca7821a6643b5be1,True,
A:\_BioGeo\liuxianx\Co_authors\ana\output\MODIS_EU_EVI\2001_2025\EVI_Series_ID_EU_150-X029-Y032_2001_2025.tif,EVI_Series_ID_EU_150-X029-Y032_2001_2025.tif,EVI_Series_ID_EU_150-X029-Y032_2001_2025.tif,2001-2025,2001-01-01..2025-12-19,band-level; see time_index.csv,band-level; see time_index.csv,EU_150-X029-Y032,2001,2025,2001-01-01,2025-12-19,575,Float32,-Infinity,670,679,EPSG:3035,"[4007500.0,250.0,0.0,2008250.0,0.0,-250.0]",250.0,250.0,"[4007500.0,1838500.0,4175000.0,2008250.0]",0.0,0.0,DEFLATE,3373713,-0.009,0.518,0.26667023507841464,0.00011488066666666665,575,6e3c1cfc064026514baec0512c4ad3d696aa72a6731b6323ca7821a6643b5be1,True,
A:\_BioGeo\liuxianx\Co_authors\ana\output\MODIS_EU_EVI\2001_2025\EVI_Series_ID_EU_150-X029-Y033_2001_2025.tif,EVI_Series_ID_EU_150-X029-Y033_2001_2025.tif,EVI_Series_ID_EU_150-X029-Y033_2001_2025.tif,2001-2025,2001-01-01..2025-12-19,band-level; see time_index.csv,band-level; see time_index.csv,EU_150-X029-Y033,2001,2025,2001-01-01,2025-12-19,575,Float32,-Infinity,669,678,EPSG:3035,"[4026000.0,250.0,0.0,1859250.0,0.0,-250.0]",250.0,250.0,"[4026000.0,1689750.0,4193250.0,1859250.0]",0.0,0.0,DEFLATE,10057799,-0.095,0.731,0.2661990800197465,0.006718102608695652,575,6e3c1cfc064026514baec0512c4ad3d696aa72a6731b6323ca7821a6643b5be1,True,
A:\_BioGeo\liuxianx\Co_authors\ana\output\MODIS_EU_EVI\2001_2025\EVI_Series_ID_EU_150-X030-Y022_2001_2025.tif,EVI_Series_ID_EU_150-X030-Y022_2001_2025.tif,EVI_Series_ID_EU_150-X030-Y022_2001_2025.tif,2001-2025,2001-01-01..2025-12-19,band-level; see time_index.csv,band-level; see time_index.csv,EU_150-X030-Y022,2001,2025,2001-01-01,2025-12-19,575,Float32,-Infinity,681,680,EPSG:3035,"[3955750.0,250.0,0.0,3513500.0,0.0,-250.0]",250.0,250.0,"[3955750.0,3343500.0,4126000.0,3513500.0]",0.0,0.0,DEFLATE,56270167,-0.179,0.995,0.4078232130889615,0.05620073947826087,575,6e3c1cfc064026514baec0512c4ad3d696aa72a6731b6323ca7821a6643b5be1,True,
A:\_BioGeo\liuxianx\Co_authors\ana\output\MODIS_EU_EVI\2001_2025\EVI_Series_ID_EU_150-X030-Y023_2001_2025.tif,EVI_Series_ID_EU_150-X030-Y023_2001_2025.tif,EVI_Series_ID_EU_150-X030-Y023_2001_2025.tif,2001-2025,2001-01-01..2025-12-19,band-level; see time_index.csv,band-level; see time_index.csv,EU_150-X030-Y023,2001,2025,2001-01-01,2025-12-19,575,Float32,-Infinity,680,679,EPSG:3035,"[3977000.0,250.0,0.0,3365250.0,0.0,-250.0]",250.0,250.0,"[3977000.0,3195500.0,4147000.0,3365250.0]",0.0,0.0,DEFLATE,552256643,-0.177,1.0,0.4272993605997699,0.6277409982608696,575,6e3c1cfc064026514baec0512c4ad3d696aa72a6731b6323ca7821a6643b5be1,True,
A:\_BioGeo\liuxianx\Co_authors\ana\output\MODIS_EU_EVI\2001_2025\EVI_Series_ID_EU_150-X030-Y024_2001_2025.tif,EVI_Series_ID_EU_150-X030-Y024_2001_2025.tif,EVI_Series_ID_EU_150-X030-Y024_2001_2025.tif,2001-2025,2001-01-01..2025-12-19,band-level; see time_index.csv,band-level; see time_index.csv,EU_150-X030-Y024,2001,2025,2001-01-01,2025-12-19,575,Float32,-Infinity,679,680,EPSG:3035,"[3998000.0,250.0,0.0,3217250.0,0.0,-250.0]",250.0,250.0,"[3998000.0,3047250.0,4167750.0,3217250.0]",0.0,0.0,DEFLATE,603776673,-0.129,0.999,0.37613267428832303,0.7038173373913044,575,6e3c1cfc064026514baec0512c4ad3d696aa72a6731b6323ca7821a6643b5be1,True,
A:\_BioGeo\liuxianx\Co_authors\ana\output\MODIS_EU_EVI\2001_2025\EVI_Series_ID_EU_150-X030-Y025_2001_2025.tif,EVI_Series_ID_EU_150-X030-Y025_2001_2025.tif,EVI_Series_ID_EU_150-X030-Y025_2001_2025.tif,2001-2025,2001-01-01..2025-12-19,band-level; see time_index.csv,band-level; see time_index.csv,EU_150-X030-Y025,2001,2025,2001-01-01,2025-12-19,575,Float32,-Infinity,678,679,EPSG:3035,"[4018750.0,250.0,0.0,3068750.0,0.0,-250.0]",250.0,250.0,"[4018750.0,2899000.0,4188250.0,3068750.0]",0.0,0.0,DEFLATE,570480267,-0.194,1.0,0.3965658257690458,0.6786798034782608,575,6e3c1cfc064026514baec0512c4ad3d696aa72a6731b6323ca7821a6643b5be1,True,
A:\_BioGeo\liuxianx\Co_authors\ana\output\MODIS_EU_EVI\2001_2025\EVI_Series_ID_EU_150-X030-Y026_2001_2025.tif,EVI_Series_ID_EU_150-X030-Y026_2001_2025.tif,EVI_Series_ID_EU_150-X030-Y026_2001_2025.tif,2001-2025,2001-01-01..2025-12-19,band-level; see time_index.csv,band-level; see time_index.csv,EU_150-X030-Y026,2001,2025,2001-01-01,2025-12-19,575,Float32,-Infinity,677,679,EPSG:3035,"[4039250.0,250.0,0.0,2920500.0,0.0,-250.0]",250.0,250.0,"[4039250.0,2750750.0,4208500.0,2920500.0]",0.0,0.0,DEFLATE,596288107,-0.13,0.999,0.3835288552943431,0.7112217234782608,575,6e3c1cfc064026514baec0512c4ad3d696aa72a6731b6323ca7821a6643b5be1,True,
A:\_BioGeo\liuxianx\Co_authors\ana\output\MODIS_EU_EVI\2001_2025\EVI_Series_ID_EU_150-X030-Y027_2001_2025.tif,EVI_Series_ID_EU_150-X030-Y027_2001_2025.tif,EVI_Series_ID_EU_150-X030-Y027_2001_2025.tif,2001-2025,2001-01-01..2025-12-19,band-level; see time_index.csv,band-level; see time_index.csv,EU_150-X030-Y027,2001,2025,2001-01-01,2025-12-19,575,Float32,-Infinity,675,679,EPSG:3035,"[4059500.0,250.0,0.0,2772000.0,0.0,-250.0]",250.0,250.0,"[4059500.0,2602250.0,4228250.0,2772000.0]",0.0,0.0,DEFLATE,559807109,-0.199,0.999,0.40523022921104873,0.6616010086956522,575,6e3c1cfc064026514baec0512c4ad3d696aa72a6731b6323ca7821a6643b5be1,True,
A:\_BioGeo\liuxianx\Co_authors\ana\output\MODIS_EU_EVI\2001_2025\EVI_Series_ID_EU_150-X030-Y028_2001_2025.tif,EVI_Series_ID_EU_150-X030-Y028_2001_2025.tif,EVI_Series_ID_EU_150-X030-Y028_2001_2025.tif,2001-2025,2001-01-01..2025-12-19,band-level; see time_index.csv,band-level; see time_index.csv,EU_150-X030-Y028,2001,2025,2001-01-01,2025-12-19,575,Float32,-Infinity,675,679,EPSG:3035,"[4079250.0,250.0,0.0,2623500.0,0.0,-250.0]",250.0,250.0,"[4079250.0,2453750.0,4248000.0,2623500.0]",0.0,0.0,DEFLATE,469381395,-0.2,0.998,0.3116432557425952,0.5447953391304348,575,6e3c1cfc064026514baec0512c4ad3d696aa72a6731b6323ca7821a6643b5be1,True,
A:\_BioGeo\liuxianx\Co_authors\ana\output\MODIS_EU_EVI\2001_2025\EVI_Series_ID_EU_150-X030-Y029_2001_2025.tif,EVI_Series_ID_EU_150-X030-Y029_2001_2025.tif,EVI_Series_ID_EU_150-X030-Y029_2001_2025.tif,2001-2025,2001-01-01..2025-12-19,band-level; see time_index.csv,band-level; see time_index.csv,EU_150-X030-Y029,2001,2025,2001-01-01,2025-12-19,575,Float32,-Infinity,673,679,EPSG:3035,"[4099000.0,250.0,0.0,2475000.0,0.0,-250.0]",250.0,250.0,"[4099000.0,2305250.0,4267250.0,2475000.0]",0.0,0.0,DEFLATE,538609673,-0.172,0.999,0.3432389483150451,0.6420504347826087,575,6e3c1cfc064026514baec0512c4ad3d696aa72a6731b6323ca7821a6643b5be1,True,
A:\_BioGeo\liuxianx\Co_authors\ana\output\MODIS_EU_EVI\2001_2025\EVI_Series_ID_EU_150-X030-Y030_2001_2025.tif,EVI_Series_ID_EU_150-X030-Y030_2001_2025.tif,EVI_Series_ID_EU_150-X030-Y030_2001_2025.tif,2001-2025,2001-01-01..2025-12-19,band-level; see time_index.csv,band-level; see time_index.csv,EU_150-X030-Y030,2001,2025,2001-01-01,2025-12-19,575,Float32,-Infinity,672,679,EPSG:3035,"[4118250.0,250.0,0.0,2326250.0,0.0,-250.0]",250.0,250.0,"[4118250.0,2156500.0,4286250.0,2326250.0]",0.0,0.0,DEFLATE,32610969,-0.081,0.932,0.32314284616352085,0.029869773913043476,575,6e3c1cfc064026514baec0512c4ad3d696aa72a6731b6323ca7821a6643b5be1,True,
A:\_BioGeo\liuxianx\Co_authors\ana\output\MODIS_EU_EVI\2001_2025\EVI_Series_ID_EU_150-X030-Y031_2001_2025.tif,EVI_Series_ID_EU_150-X030-Y031_2001_2025.tif,EVI_Series_ID_EU_150-X030-Y031_2001_2025.tif,2001-2025,2001-01-01..2025-12-19,band-level; see time_index.csv,band-level; see time_index.csv,EU_150-X030-Y031,2001,2025,2001-01-01,2025-12-19,575,Float32,-Infinity,670,678,EPSG:3035,"[4137500.0,250.0,0.0,2177500.0,0.0,-250.0]",250.0,250.0,"[4137500.0,2008000.0,4305000.0,2177500.0]",0.0,0.0,DEFLATE,241157881,-0.133,0.946,0.339761214147849,0.27959634782608694,575,6e3c1cfc064026514baec0512c4ad3d696aa72a6731b6323ca7821a6643b5be1,True,
A:\_BioGeo\liuxianx\Co_authors\ana\output\MODIS_EU_EVI\2001_2025\EVI_Series_ID_EU_150-X030-Y032_2001_2025.tif,EVI_Series_ID_EU_150-X030-Y032_2001_2025.tif,EVI_Series_ID_EU_150-X030-Y032_2001_2025.tif,2001-2025,2001-01-01..2025-12-19,band-level; see time_index.csv,band-level; see time_index.csv,EU_150-X030-Y032,2001,2025,2001-01-01,2025-12-19,575,Float32,-Infinity,669,679,EPSG:3035,"[4156250.0,250.0,0.0,2028750.0,0.0,-250.0]",250.0,250.0,"[4156250.0,1859000.0,4323500.0,2028750.0]",0.0,0.0,DEFLATE,426499335,-0.137,0.976,0.34758300378948503,0.5121264347826087,575,6e3c1cfc064026514baec0512c4ad3d696aa72a6731b6323ca7821a6643b5be1,True,
A:\_BioGeo\liuxianx\Co_authors\ana\output\MODIS_EU_EVI\2001_2025\EVI_Series_ID_EU_150-X030-Y033_2001_2025.tif,EVI_Series_ID_EU_150-X030-Y033_2001_2025.tif,EVI_Series_ID_EU_150-X030-Y033_2001_2025.tif,2001-2025,2001-01-01..2025-12-19,band-level; see time_index.csv,band-level; see time_index.csv,EU_150-X030-Y033,2001,2025,2001-01-01,2025-12-19,575,Float32,-Infinity,668,678,EPSG:3035,"[4174750.0,250.0,0.0,1879750.0,0.0,-250.0]",250.0,250.0,"[4174750.0,1710250.0,4341750.0,1879750.0]",0.0,0.0,DEFLATE,268626729,-0.148,0.955,0.33207243472684594,0.3346605217391304,575,6e3c1cfc064026514baec0512c4ad3d696aa72a6731b6323ca7821a6643b5be1,True,
A:\_BioGeo\liuxianx\Co_authors\ana\output\MODIS_EU_EVI\2001_2025\EVI_Series_ID_EU_150-X031-Y016_2001_2025.tif,EVI_Series_ID_EU_150-X031-Y016_2001_2025.tif,EVI_Series_ID_EU_150-X031-Y016_2001_2025.tif,2001-2025,2001-01-01..2025-12-19,band-level; see time_index.csv,band-level; see time_index.csv,EU_150-X031-Y016,2001,2025,2001-01-01,2025-12-19,575,Float32,-Infinity,688,680,EPSG:3035,"[3971000.0,250.0,0.0,4422500.0,0.0,-250.0]",250.0,250.0,"[3971000.0,4252500.0,4143000.0,4422500.0]",0.0,0.0,DEFLATE,98609781,-0.199,0.999,0.3143358417052968,0.09902639702276708,575,6e3c1cfc064026514baec0512c4ad3d696aa72a6731b6323ca7821a6643b5be1,True,
A:\_BioGeo\liuxianx\Co_authors\ana\output\MODIS_EU_EVI\2001_2025\EVI_Series_ID_EU_150-X031-Y017_2001_2025.tif,EVI_Series_ID_EU_150-X031-Y017_2001_2025.tif,EVI_Series_ID_EU_150-X031-Y017_2001_2025.tif,2001-2025,2001-01-01..2025-12-19,band-level; see time_index.csv,band-level; see time_index.csv,EU_150-X031-Y017,2001,2025,2001-01-01,2025-12-19,575,Float32,-Infinity,687,679,EPSG:3035,"[3994000.0,250.0,0.0,4274750.0,0.0,-250.0]",250.0,250.0,"[3994000.0,4105000.0,4165750.0,4274750.0]",0.0,0.0,DEFLATE,209015913,-0.199,0.994,0.29747058830608686,0.23699437739130436,575,6e3c1cfc064026514baec0512c4ad3d696aa72a6731b6323ca7821a6643b5be1,True,
A:\_BioGeo\liuxianx\Co_authors\ana\output\MODIS_EU_EVI\2001_2025\EVI_Series_ID_EU_150-X031-Y018_2001_2025.tif,EVI_Series_ID_EU_150-X031-Y018_2001_2025.tif,EVI_Series_ID_EU_150-X031-Y018_2001_2025.tif,2001-2025,2001-01-01..2025-12-19,band-level; see time_index.csv,band-level; see time_index.csv,EU_150-X031-Y018,2001,2025,2001-01-01,2025-12-19,575,Float32,-Infinity,686,680,EPSG:3035,"[4016500.0,250.0,0.0,4127000.0,0.0,-250.0]",250.0,250.0,"[4016500.0,3957000.0,4188000.0,4127000.0]",0.0,0.0,DEFLATE,237113653,-0.2,0.993,0.29468389061711164,0.2549350347826087,575,6e3c1cfc064026514baec0512c4ad3d696aa72a6731b6323ca7821a6643b5be1,True,
A:\_BioGeo\liuxianx\Co_authors\ana\output\MODIS_EU_EVI\2001_2025\EVI_Series_ID_EU_150-X031-Y019_2001_2025.tif,EVI_Series_ID_EU_150-X031-Y019_2001_2025.tif,EVI_Series_ID_EU_150-X031-Y019_2001_2025.tif,2001-2025,2001-01-01..2025-12-19,band-level; see time_index.csv,band-level; see time_index.csv,EU_150-X031-Y019,2001,2025,2001-01-01,2025-12-19,575,Float32,-Infinity,685,679,EPSG:3035,"[4039000.0,250.0,0.0,3979000.0,0.0,-250.0]",250.0,250.0,"[4039000.0,3809250.0,4210250.0,3979000.0]",0.0,0.0,DEFLATE,179332533,-0.197,0.977,0.3067712934795002,0.20893539144851658,575,6e3c1cfc064026514baec0512c4ad3d696aa72a6731b6323ca7821a6643b5be1,True,
A:\_BioGeo\liuxianx\Co_authors\ana\output\MODIS_EU_EVI\2001_2025\EVI_Series_ID_EU_150-X031-Y020_2001_2025.tif,EVI_Series_ID_EU_150-X031-Y020_2001_2025.tif,EVI_Series_ID_EU_150-X031-Y020_2001_2025.tif,2001-2025,2001-01-01..2025-12-19,band-level; see time_index.csv,band-level; see time_index.csv,EU_150-X031-Y020,2001,2025,2001-01-01,2025-12-19,575,Float32,-Infinity,684,679,EPSG:3035,"[4061000.0,250.0,0.0,3831000.0,0.0,-250.0]",250.0,250.0,"[4061000.0,3661250.0,4232000.0,3831000.0]",0.0,0.0,DEFLATE,36457013,-0.089,0.997,0.3688035005109556,0.0342642486013986,575,6e3c1cfc064026514baec0512c4ad3d696aa72a6731b6323ca7821a6643b5be1,True,
A:\_BioGeo\liuxianx\Co_authors\ana\output\MODIS_EU_EVI\2001_2025\EVI_Series_ID_EU_150-X031-Y021_2001_2025.tif,EVI_Series_ID_EU_150-X031-Y021_2001_2025.tif,EVI_Series_ID_EU_150-X031-Y021_2001_2025.tif,2001-2025,2001-01-01..2025-12-19,band-level; see time_index.csv,band-level; see time_index.csv,EU_150-X031-Y021,2001,2025,2001-01-01,2025-12-19,575,Float32,-Infinity,682,679,EPSG:3035,"[4083000.0,250.0,0.0,3683000.0,0.0,-250.0]",250.0,250.0,"[4083000.0,3513250.0,4253500.0,3683000.0]",0.0,0.0,DEFLATE,109236441,-0.121,0.997,0.3829571530381563,0.11086013031358885,575,6e3c1cfc064026514baec0512c4ad3d696aa72a6731b6323ca7821a6643b5be1,True,
A:\_BioGeo\liuxianx\Co_authors\ana\output\MODIS_EU_EVI\2001_2025\EVI_Series_ID_EU_150-X031-Y022_2001_2025.tif,EVI_Series_ID_EU_150-X031-Y022_2001_2025.tif,EVI_Series_ID_EU_150-X031-Y022_2001_2025.tif,2001-2025,2001-01-01..2025-12-19,band-level; see time_index.csv,band-level; see time_index.csv,EU_150-X031-Y022,2001,2025,2001-01-01,2025-12-19,575,Float32,-Infinity,681,680,EPSG:3035,"[4104500.0,250.0,0.0,3535000.0,0.0,-250.0]",250.0,250.0,"[4104500.0,3365000.0,4274750.0,3535000.0]",0.0,0.0,DEFLATE,181878115,-0.13,1.0,0.4370690973487613,0.19164712331010453,575,6e3c1cfc064026514baec0512c4ad3d696aa72a6731b6323ca7821a6643b5be1,True,
A:\_BioGeo\liuxianx\Co_authors\ana\output\MODIS_EU_EVI\2001_2025\EVI_Series_ID_EU_150-X031-Y023_2001_2025.tif,EVI_Series_ID_EU_150-X031-Y023_2001_2025.tif,EVI_Series_ID_EU_150-X031-Y023_2001_2025.tif,2001-2025,2001-01-01..2025-12-19,band-level; see time_index.csv,band-level; see time_index.csv,EU_150-X031-Y023,2001,2025,2001-01-01,2025-12-19,575,Float32,-Infinity,680,679,EPSG:3035,"[4125750.0,250.0,0.0,3386750.0,0.0,-250.0]",250.0,250.0,"[4125750.0,3217000.0,4295750.0,3386750.0]",0.0,0.0,DEFLATE,576897195,-0.188,1.0,0.4096335432900629,0.6783221132404181,575,6e3c1cfc064026514baec0512c4ad3d696aa72a6731b6323ca7821a6643b5be1,True,
A:\_BioGeo\liuxianx\Co_authors\ana\output\MODIS_EU_EVI\2001_2025\EVI_Series_ID_EU_150-X031-Y024_2001_2025.tif,EVI_Series_ID_EU_150-X031-Y024_2001_2025.tif,EVI_Series_ID_EU_150-X031-Y024_2001_2025.tif,2001-2025,2001-01-01..2025-12-19,band-level; see time_index.csv,band-level; see time_index.csv,EU_150-X031-Y024,2001,2025,2001-01-01,2025-12-19,575,Float32,-Infinity,679,680,EPSG:3035,"[4146750.0,250.0,0.0,3238500.0,0.0,-250.0]",250.0,250.0,"[4146750.0,3068500.0,4316500.0,3238500.0]",0.0,0.0,DEFLATE,552678783,-0.149,0.999,0.39066649862092157,0.654823076173913,575,6e3c1cfc064026514baec0512c4ad3d696aa72a6731b6323ca7821a6643b5be1,True,
A:\_BioGeo\liuxianx\Co_authors\ana\output\MODIS_EU_EVI\2001_2025\EVI_Series_ID_EU_150-X031-Y025_2001_2025.tif,EVI_Series_ID_EU_150-X031-Y025_2001_2025.tif,EVI_Series_ID_EU_150-X031-Y025_2001_2025.tif,2001-2025,2001-01-01..2025-12-19,band-level; see time_index.csv,band-level; see time_index.csv,EU_150-X031-Y025,2001,2025,2001-01-01,2025-12-19,575,Float32,-Infinity,678,679,EPSG:3035,"[4167500.0,250.0,0.0,3090000.0,0.0,-250.0]",250.0,250.0,"[4167500.0,2920250.0,4337000.0,3090000.0]",0.0,0.0,DEFLATE,576559819,-0.107,0.999,0.3742066649623236,0.6882604417391305,575,6e3c1cfc064026514baec0512c4ad3d696aa72a6731b6323ca7821a6643b5be1,True,
A:\_BioGeo\liuxianx\Co_authors\ana\output\MODIS_EU_EVI\2001_2025\EVI_Series_ID_EU_150-X031-Y026_2001_2025.tif,EVI_Series_ID_EU_150-X031-Y026_2001_2025.tif,EVI_Series_ID_EU_150-X031-Y026_2001_2025.tif,2001-2025,2001-01-01..2025-12-19,band-level; see time_index.csv,band-level; see time_index.csv,EU_150-X031-Y026,2001,2025,2001-01-01,2025-12-19,575,Float32,-Infinity,676,679,EPSG:3035,"[4188000.0,250.0,0.0,2941500.0,0.0,-250.0]",250.0,250.0,"[4188000.0,2771750.0,4357000.0,2941500.0]",0.0,0.0,DEFLATE,581803009,-0.072,0.999,0.38048892520254385,0.6963002206956522,575,6e3c1cfc064026514baec0512c4ad3d696aa72a6731b6323ca7821a6643b5be1,True,
A:\_BioGeo\liuxianx\Co_authors\ana\output\MODIS_EU_EVI\2001_2025\EVI_Series_ID_EU_150-X031-Y027_2001_2025.tif,EVI_Series_ID_EU_150-X031-Y027_2001_2025.tif,EVI_Series_ID_EU_150-X031-Y027_2001_2025.tif,2001-2025,2001-01-01..2025-12-19,band-level; see time_index.csv,band-level; see time_index.csv,EU_150-X031-Y027,2001,2025,2001-01-01,2025-12-19,575,Float32,-Infinity,675,679,EPSG:3035,"[4208250.0,250.0,0.0,2793000.0,0.0,-250.0]",250.0,250.0,"[4208250.0,2623250.0,4377000.0,2793000.0]",0.0,0.0,DEFLATE,494089537,-0.2,0.998,0.40968836295713623,0.5782035634782609,575,6e3c1cfc064026514baec0512c4ad3d696aa72a6731b6323ca7821a6643b5be1,True,
A:\_BioGeo\liuxianx\Co_authors\ana\output\MODIS_EU_EVI\2001_2025\EVI_Series_ID_EU_150-X031-Y028_2001_2025.tif,EVI_Series_ID_EU_150-X031-Y028_2001_2025.tif,EVI_Series_ID_EU_150-X031-Y028_2001_2025.tif,2001-2025,2001-01-01..2025-12-19,band-level; see time_index.csv,band-level; see time_index.csv,EU_150-X031-Y028,2001,2025,2001-01-01,2025-12-19,575,Float32,-Infinity,674,679,EPSG:3035,"[4228000.0,250.0,0.0,2644500.0,0.0,-250.0]",250.0,250.0,"[4228000.0,2474750.0,4396500.0,2644500.0]",0.0,0.0,DEFLATE,479409755,-0.2,0.998,0.31540288429669744,0.5551620869565218,575,6e3c1cfc064026514baec0512c4ad3d696aa72a6731b6323ca7821a6643b5be1,True,
A:\_BioGeo\liuxianx\Co_authors\ana\output\MODIS_EU_EVI\2001_2025\EVI_Series_ID_EU_150-X031-Y029_2001_2025.tif,EVI_Series_ID_EU_150-X031-Y029_2001_2025.tif,EVI_Series_ID_EU_150-X031-Y029_2001_2025.tif,2001-2025,2001-01-01..2025-12-19,band-level; see time_index.csv,band-level; see time_index.csv,EU_150-X031-Y029,2001,2025,2001-01-01,2025-12-19,575,Float32,-Infinity,672,679,EPSG:3035,"[4247750.0,250.0,0.0,2495750.0,0.0,-250.0]",250.0,250.0,"[4247750.0,2326000.0,4415750.0,2495750.0]",0.0,0.0,DEFLATE,627893653,-0.164,0.997,0.36096255342163264,0.742168,575,6e3c1cfc064026514baec0512c4ad3d696aa72a6731b6323ca7821a6643b5be1,True,
A:\_BioGeo\liuxianx\Co_authors\ana\output\MODIS_EU_EVI\2001_2025\EVI_Series_ID_EU_150-X031-Y030_2001_2025.tif,EVI_Series_ID_EU_150-X031-Y030_2001_2025.tif,EVI_Series_ID_EU_150-X031-Y030_2001_2025.tif,2001-2025,2001-01-01..2025-12-19,band-level; see time_index.csv,band-level; see time_index.csv,EU_150-X031-Y030,2001,2025,2001-01-01,2025-12-19,575,Float32,-Infinity,672,679,EPSG:3035,"[4267000.0,250.0,0.0,2347000.0,0.0,-250.0]",250.0,250.0,"[4267000.0,2177250.0,4435000.0,2347000.0]",0.0,0.0,DEFLATE,346531753,-0.161,0.991,0.36921772957241794,0.39297252173913044,575,6e3c1cfc064026514baec0512c4ad3d696aa72a6731b6323ca7821a6643b5be1,True,
A:\_BioGeo\liuxianx\Co_authors\ana\output\MODIS_EU_EVI\2001_2025\EVI_Series_ID_EU_150-X031-Y031_2001_2025.tif,EVI_Series_ID_EU_150-X031-Y031_2001_2025.tif,EVI_Series_ID_EU_150-X031-Y031_2001_2025.tif,2001-2025,2001-01-01..2025-12-19,band-level; see time_index.csv,band-level; see time_index.csv,EU_150-X031-Y031,2001,2025,2001-01-01,2025-12-19,575,Float32,-Infinity,671,679,EPSG:3035,"[4286000.0,250.0,0.0,2198250.0,0.0,-250.0]",250.0,250.0,"[4286000.0,2028500.0,4453750.0,2198250.0]",0.0,0.0,DEFLATE,64338373,-0.085,0.905,0.33157986541777845,0.06494817391304347,575,6e3c1cfc064026514baec0512c4ad3d696aa72a6731b6323ca7821a6643b5be1,True,
A:\_BioGeo\liuxianx\Co_authors\ana\output\MODIS_EU_EVI\2001_2025\EVI_Series_ID_EU_150-X031-Y034_2001_2025.tif,EVI_Series_ID_EU_150-X031-Y034_2001_2025.tif,EVI_Series_ID_EU_150-X031-Y034_2001_2025.tif,2001-2025,2001-01-01..2025-12-19,band-level; see time_index.csv,band-level; see time_index.csv,EU_150-X031-Y034,2001,2025,2001-01-01,2025-12-19,575,Float32,-Infinity,667,679,EPSG:3035,"[4341500.0,250.0,0.0,1751250.0,0.0,-250.0]",250.0,250.0,"[4341500.0,1581500.0,4508250.0,1751250.0]",0.0,0.0,DEFLATE,3279711,-0.009,0.407,0.13692597643449889,3.694156756756756e-05,575,6e3c1cfc064026514baec0512c4ad3d696aa72a6731b6323ca7821a6643b5be1,True,
A:\_BioGeo\liuxianx\Co_authors\ana\output\MODIS_EU_EVI\2001_2025\EVI_Series_ID_EU_150-X032-Y015_2001_2025.tif,EVI_Series_ID_EU_150-X032-Y015_2001_2025.tif,EVI_Series_ID_EU_150-X032-Y015_2001_2025.tif,2001-2025,2001-01-01..2025-12-19,band-level; see time_index.csv,band-level; see time_index.csv,EU_150-X032-Y015,2001,2025,2001-01-01,2025-12-19,575,Float32,-Infinity,689,680,EPSG:3035,"[4096750.0,250.0,0.0,4592250.0,0.0,-250.0]",250.0,250.0,"[4096750.0,4422250.0,4269000.0,4592250.0]",0.0,0.0,DEFLATE,56738717,-0.195,0.942,0.2902365670547954,0.06219735783109405,575,6e3c1cfc064026514baec0512c4ad3d696aa72a6731b6323ca7821a6643b5be1,True,
A:\_BioGeo\liuxianx\Co_authors\ana\output\MODIS_EU_EVI\2001_2025\EVI_Series_ID_EU_150-X032-Y016_2001_2025.tif,EVI_Series_ID_EU_150-X032-Y016_2001_2025.tif,EVI_Series_ID_EU_150-X032-Y016_2001_2025.tif,2001-2025,2001-01-01..2025-12-19,band-level; see time_index.csv,band-level; see time_index.csv,EU_150-X032-Y016,2001,2025,2001-01-01,2025-12-19,575,Float32,-Infinity,688,680,EPSG:3035,"[4120000.0,250.0,0.0,4444500.0,0.0,-250.0]",250.0,250.0,"[4120000.0,4274500.0,4292000.0,4444500.0]",0.0,0.0,DEFLATE,203710499,-0.2,0.997,0.31383992328507004,0.22058985475352114,575,6e3c1cfc064026514baec0512c4ad3d696aa72a6731b6323ca7821a6643b5be1,True,
A:\_BioGeo\liuxianx\Co_authors\ana\output\MODIS_EU_EVI\2001_2025\EVI_Series_ID_EU_150-X032-Y017_2001_2025.tif,EVI_Series_ID_EU_150-X032-Y017_2001_2025.tif,EVI_Series_ID_EU_150-X032-Y017_2001_2025.tif,2001-2025,2001-01-01..2025-12-19,band-level; see time_index.csv,band-level; see time_index.csv,EU_150-X032-Y017,2001,2025,2001-01-01,2025-12-19,575,Float32,-Infinity,687,680,EPSG:3035,"[4142750.0,250.0,0.0,4296750.0,0.0,-250.0]",250.0,250.0,"[4142750.0,4126750.0,4314500.0,4296750.0]",0.0,0.0,DEFLATE,227845659,-0.2,0.998,0.3041893486260001,0.26042334069565215,575,6e3c1cfc064026514baec0512c4ad3d696aa72a6731b6323ca7821a6643b5be1,True,
A:\_BioGeo\liuxianx\Co_authors\ana\output\MODIS_EU_EVI\2001_2025\EVI_Series_ID_EU_150-X032-Y018_2001_2025.tif,EVI_Series_ID_EU_150-X032-Y018_2001_2025.tif,EVI_Series_ID_EU_150-X032-Y018_2001_2025.tif,2001-2025,2001-01-01..2025-12-19,band-level; see time_index.csv,band-level; see time_index.csv,EU_150-X032-Y018,2001,2025,2001-01-01,2025-12-19,575,Float32,-Infinity,686,680,EPSG:3035,"[4165500.0,250.0,0.0,4148750.0,0.0,-250.0]",250.0,250.0,"[4165500.0,3978750.0,4337000.0,4148750.0]",0.0,0.0,DEFLATE,336465485,-0.196,0.998,0.30848876468147307,0.4050229811324042,575,6e3c1cfc064026514baec0512c4ad3d696aa72a6731b6323ca7821a6643b5be1,True,
A:\_BioGeo\liuxianx\Co_authors\ana\output\MODIS_EU_EVI\2001_2025\EVI_Series_ID_EU_150-X032-Y019_2001_2025.tif,EVI_Series_ID_EU_150-X032-Y019_2001_2025.tif,EVI_Series_ID_EU_150-X032-Y019_2001_2025.tif,2001-2025,2001-01-01..2025-12-19,band-level; see time_index.csv,band-level; see time_index.csv,EU_150-X032-Y019,2001,2025,2001-01-01,2025-12-19,575,Float32,-Infinity,685,680,EPSG:3035,"[4187750.0,250.0,0.0,4000750.0,0.0,-250.0]",250.0,250.0,"[4187750.0,3830750.0,4359000.0,4000750.0]",0.0,0.0,DEFLATE,142475603,-0.167,0.969,0.2922091744490255,0.1688623036572438,575,6e3c1cfc064026514baec0512c4ad3d696aa72a6731b6323ca7821a6643b5be1,True,
A:\_BioGeo\liuxianx\Co_authors\ana\output\MODIS_EU_EVI\2001_2025\EVI_Series_ID_EU_150-X032-Y020_2001_2025.tif,EVI_Series_ID_EU_150-X032-Y020_2001_2025.tif,EVI_Series_ID_EU_150-X032-Y020_2001_2025.tif,2001-2025,2001-01-01..2025-12-19,band-level; see time_index.csv,band-level; see time_index.csv,EU_150-X032-Y020,2001,2025,2001-01-01,2025-12-19,575,Float32,-Infinity,683,680,EPSG:3035,"[4210000.0,250.0,0.0,3852750.0,0.0,-250.0]",250.0,250.0,"[4210000.0,3682750.0,4380750.0,3852750.0]",0.0,0.0,DEFLATE,330006463,-0.149,0.999,0.3771873111026352,0.3737547611888112,575,6e3c1cfc064026514baec0512c4ad3d696aa72a6731b6323ca7821a6643b5be1,True,
A:\_BioGeo\liuxianx\Co_authors\ana\output\MODIS_EU_EVI\2001_2025\EVI_Series_ID_EU_150-X032-Y021_2001_2025.tif,EVI_Series_ID_EU_150-X032-Y021_2001_2025.tif,EVI_Series_ID_EU_150-X032-Y021_2001_2025.tif,2001-2025,2001-01-01..2025-12-19,band-level; see time_index.csv,band-level; see time_index.csv,EU_150-X032-Y021,2001,2025,2001-01-01,2025-12-19,575,Float32,-Infinity,682,679,EPSG:3035,"[4231750.0,250.0,0.0,3704500.0,0.0,-250.0]",250.0,250.0,"[4231750.0,3534750.0,4402250.0,3704500.0]",0.0,0.0,DEFLATE,406655205,-0.158,1.0,0.3731719811365629,0.4665105965217391,575,6e3c1cfc064026514baec0512c4ad3d696aa72a6731b6323ca7821a6643b5be1,True,
A:\_BioGeo\liuxianx\Co_authors\ana\output\MODIS_EU_EVI\2001_2025\EVI_Series_ID_EU_150-X032-Y022_2001_2025.tif,EVI_Series_ID_EU_150-X032-Y022_2001_2025.tif,EVI_Series_ID_EU_150-X032-Y022_2001_2025.tif,2001-2025,2001-01-01..2025-12-19,band-level; see time_index.csv,band-level; see time_index.csv,EU_150-X032-Y022,2001,2025,2001-01-01,2025-12-19,575,Float32,-Infinity,681,679,EPSG:3035,"[4253250.0,250.0,0.0,3556250.0,0.0,-250.0]",250.0,250.0,"[4253250.0,3386500.0,4423500.0,3556250.0]",0.0,0.0,DEFLATE,412953807,-0.143,1.0,0.40494568846897755,0.47342904973913047,575,6e3c1cfc064026514baec0512c4ad3d696aa72a6731b6323ca7821a6643b5be1,True,
A:\_BioGeo\liuxianx\Co_authors\ana\output\MODIS_EU_EVI\2001_2025\EVI_Series_ID_EU_150-X032-Y023_2001_2025.tif,EVI_Series_ID_EU_150-X032-Y023_2001_2025.tif,EVI_Series_ID_EU_150-X032-Y023_2001_2025.tif,2001-2025,2001-01-01..2025-12-19,band-level; see time_index.csv,band-level; see time_index.csv,EU_150-X032-Y023,2001,2025,2001-01-01,2025-12-19,575,Float32,-Infinity,680,679,EPSG:3035,"[4274500.0,250.0,0.0,3408000.0,0.0,-250.0]",250.0,250.0,"[4274500.0,3238250.0,4444500.0,3408000.0]",0.0,0.0,DEFLATE,574551339,-0.167,1.0,0.3767366516841981,0.6776953322782608,575,6e3c1cfc064026514baec0512c4ad3d696aa72a6731b6323ca7821a6643b5be1,True,
A:\_BioGeo\liuxianx\Co_authors\ana\output\MODIS_EU_EVI\2001_2025\EVI_Series_ID_EU_150-X032-Y024_2001_2025.tif,EVI_Series_ID_EU_150-X032-Y024_2001_2025.tif,EVI_Series_ID_EU_150-X032-Y024_2001_2025.tif,2001-2025,2001-01-01..2025-12-19,band-level; see time_index.csv,band-level; see time_index.csv,EU_150-X032-Y024,2001,2025,2001-01-01,2025-12-19,575,Float32,-Infinity,679,679,EPSG:3035,"[4295500.0,250.0,0.0,3259500.0,0.0,-250.0]",250.0,250.0,"[4295500.0,3089750.0,4465250.0,3259500.0]",0.0,0.0,DEFLATE,579086133,-0.114,1.0,0.36928005350516224,0.6809130458188154,575,6e3c1cfc064026514baec0512c4ad3d696aa72a6731b6323ca7821a6643b5be1,True,
A:\_BioGeo\liuxianx\Co_authors\ana\output\MODIS_EU_EVI\2001_2025\EVI_Series_ID_EU_150-X032-Y025_2001_2025.tif,EVI_Series_ID_EU_150-X032-Y025_2001_2025.tif,EVI_Series_ID_EU_150-X032-Y025_2001_2025.tif,2001-2025,2001-01-01..2025-12-19,band-level; see time_index.csv,band-level; see time_index.csv,EU_150-X032-Y025,2001,2025,2001-01-01,2025-12-19,575,Float32,-Infinity,677,679,EPSG:3035,"[4316250.0,250.0,0.0,3111000.0,0.0,-250.0]",250.0,250.0,"[4316250.0,2941250.0,4485500.0,3111000.0]",0.0,0.0,DEFLATE,551836149,-0.191,0.999,0.36491899610859874,0.6676147064572426,575,6e3c1cfc064026514baec0512c4ad3d696aa72a6731b6323ca7821a6643b5be1,True,
A:\_BioGeo\liuxianx\Co_authors\ana\output\MODIS_EU_EVI\2001_2025\EVI_Series_ID_EU_150-X032-Y026_2001_2025.tif,EVI_Series_ID_EU_150-X032-Y026_2001_2025.tif,EVI_Series_ID_EU_150-X032-Y026_2001_2025.tif,2001-2025,2001-01-01..2025-12-19,band-level; see time_index.csv,band-level; see time_index.csv,EU_150-X032-Y026,2001,2025,2001-01-01,2025-12-19,575,Float32,-Infinity,676,679,EPSG:3035,"[4336750.0,250.0,0.0,2962500.0,0.0,-250.0]",250.0,250.0,"[4336750.0,2792750.0,4505750.0,2962500.0]",0.0,0.0,DEFLATE,562716445,-0.089,0.999,0.36863875735504137,0.6778655709913044,575,6e3c1cfc064026514baec0512c4ad3d696aa72a6731b6323ca7821a6643b5be1,True,
A:\_BioGeo\liuxianx\Co_authors\ana\output\MODIS_EU_EVI\2001_2025\EVI_Series_ID_EU_150-X032-Y027_2001_2025.tif,EVI_Series_ID_EU_150-X032-Y027_2001_2025.tif,EVI_Series_ID_EU_150-X032-Y027_2001_2025.tif,2001-2025,2001-01-01..2025-12-19,band-level; see time_index.csv,band-level; see time_index.csv,EU_150-X032-Y027,2001,2025,2001-01-01,2025-12-19,575,Float32,-Infinity,675,679,EPSG:3035,"[4356750.0,250.0,0.0,2814000.0,0.0,-250.0]",250.0,250.0,"[4356750.0,2644250.0,4525500.0,2814000.0]",0.0,0.0,DEFLATE,494886031,-0.2,0.999,0.37599416180991385,0.5831160956521739,575,6e3c1cfc064026514baec0512c4ad3d696aa72a6731b6323ca7821a6643b5be1,True,
A:\_BioGeo\liuxianx\Co_authors\ana\output\MODIS_EU_EVI\2001_2025\EVI_Series_ID_EU_150-X032-Y028_2001_2025.tif,EVI_Series_ID_EU_150-X032-Y028_2001_2025.tif,EVI_Series_ID_EU_150-X032-Y028_2001_2025.tif,2001-2025,2001-01-01..2025-12-19,band-level; see time_index.csv,band-level; see time_index.csv,EU_150-X032-Y028,2001,2025,2001-01-01,2025-12-19,575,Float32,-Infinity,673,679,EPSG:3035,"[4376750.0,250.0,0.0,2665250.0,0.0,-250.0]",250.0,250.0,"[4376750.0,2495500.0,4545000.0,2665250.0]",0.0,0.0,DEFLATE,515031039,-0.2,0.999,0.33356714716574304,0.6139389565217391,575,6e3c1cfc064026514baec0512c4ad3d696aa72a6731b6323ca7821a6643b5be1,True,
A:\_BioGeo\liuxianx\Co_authors\ana\output\MODIS_EU_EVI\2001_2025\EVI_Series_ID_EU_150-X032-Y029_2001_2025.tif,EVI_Series_ID_EU_150-X032-Y029_2001_2025.tif,EVI_Series_ID_EU_150-X032-Y029_2001_2025.tif,2001-2025,2001-01-01..2025-12-19,band-level; see time_index.csv,band-level; see time_index.csv,EU_150-X032-Y029,2001,2025,2001-01-01,2025-12-19,575,Float32,-Infinity,672,679,EPSG:3035,"[4396250.0,250.0,0.0,2516500.0,0.0,-250.0]",250.0,250.0,"[4396250.0,2346750.0,4564250.0,2516500.0]",0.0,0.0,DEFLATE,455998311,-0.104,0.986,0.3075267135398092,0.5320311304347826,575,6e3c1cfc064026514baec0512c4ad3d696aa72a6731b6323ca7821a6643b5be1,True,
A:\_BioGeo\liuxianx\Co_authors\ana\output\MODIS_EU_EVI\2001_2025\EVI_Series_ID_EU_150-X032-Y030_2001_2025.tif,EVI_Series_ID_EU_150-X032-Y030_2001_2025.tif,EVI_Series_ID_EU_150-X032-Y030_2001_2025.tif,2001-2025,2001-01-01..2025-12-19,band-level; see time_index.csv,band-level; see time_index.csv,EU_150-X032-Y030,2001,2025,2001-01-01,2025-12-19,575,Float32,-Infinity,671,678,EPSG:3035,"[4415500.0,250.0,0.0,2367500.0,0.0,-250.0]",250.0,250.0,"[4415500.0,2198000.0,4583250.0,2367500.0]",0.0,0.0,DEFLATE,577369317,-0.108,0.987,0.36157571292262297,0.6940926434782609,575,6e3c1cfc064026514baec0512c4ad3d696aa72a6731b6323ca7821a6643b5be1,True,
A:\_BioGeo\liuxianx\Co_authors\ana\output\MODIS_EU_EVI\2001_2025\EVI_Series_ID_EU_150-X032-Y031_2001_2025.tif,EVI_Series_ID_EU_150-X032-Y031_2001_2025.tif,EVI_Series_ID_EU_150-X032-Y031_2001_2025.tif,2001-2025,2001-01-01..2025-12-19,band-level; see time_index.csv,band-level; see time_index.csv,EU_150-X032-Y031,2001,2025,2001-01-01,2025-12-19,575,Float32,-Infinity,669,678,EPSG:3035,"[4434750.0,250.0,0.0,2218500.0,0.0,-250.0]",250.0,250.0,"[4434750.0,2049000.0,4602000.0,2218500.0]",0.0,0.0,DEFLATE,551889079,-0.199,0.975,0.3723148903315491,0.6525518260869566,575,6e3c1cfc064026514baec0512c4ad3d696aa72a6731b6323ca7821a6643b5be1,True,
A:\_BioGeo\liuxianx\Co_authors\ana\output\MODIS_EU_EVI\2001_2025\EVI_Series_ID_EU_150-X032-Y032_2001_2025.tif,EVI_Series_ID_EU_150-X032-Y032_2001_2025.tif,EVI_Series_ID_EU_150-X032-Y032_2001_2025.tif,2001-2025,2001-01-01..2025-12-19,band-level; see time_index.csv,band-level; see time_index.csv,EU_150-X032-Y032,2001,2025,2001-01-01,2025-12-19,575,Float32,-Infinity,668,678,EPSG:3035,"[4453500.0,250.0,0.0,2069500.0,0.0,-250.0]",250.0,250.0,"[4453500.0,1900000.0,4620500.0,2069500.0]",0.0,0.0,DEFLATE,75132713,-0.087,0.944,0.3725668222644095,0.07905930434782608,575,6e3c1cfc064026514baec0512c4ad3d696aa72a6731b6323ca7821a6643b5be1,True,
A:\_BioGeo\liuxianx\Co_authors\ana\output\MODIS_EU_EVI\2001_2025\EVI_Series_ID_EU_150-X032-Y034_2001_2025.tif,EVI_Series_ID_EU_150-X032-Y034_2001_2025.tif,EVI_Series_ID_EU_150-X032-Y034_2001_2025.tif,2001-2025,2001-01-01..2025-12-19,band-level; see time_index.csv,band-level; see time_index.csv,EU_150-X032-Y034,2001,2025,2001-01-01,2025-12-19,575,Float32,-Infinity,666,678,EPSG:3035,"[4490000.0,250.0,0.0,1771250.0,0.0,-250.0]",250.0,250.0,"[4490000.0,1601750.0,4656500.0,1771250.0]",0.0,0.0,DEFLATE,190976495,-0.133,0.967,0.2995540922540728,0.22634278260869564,575,6e3c1cfc064026514baec0512c4ad3d696aa72a6731b6323ca7821a6643b5be1,True,
A:\_BioGeo\liuxianx\Co_authors\ana\output\MODIS_EU_EVI\2001_2025\EVI_Series_ID_EU_150-X032-Y035_2001_2025.tif,EVI_Series_ID_EU_150-X032-Y035_2001_2025.tif,EVI_Series_ID_EU_150-X032-Y035_2001_2025.tif,2001-2025,2001-01-01..2025-12-19,band-level; see time_index.csv,band-level; see time_index.csv,EU_150-X032-Y035,2001,2025,2001-01-01,2025-12-19,575,Float32,-Infinity,665,678,EPSG:3035,"[4508000.0,250.0,0.0,1622000.0,0.0,-250.0]",250.0,250.0,"[4508000.0,1452500.0,4674250.0,1622000.0]",0.0,0.0,DEFLATE,59552331,-0.105,0.953,0.2933578795768869,0.06330057391304347,575,6e3c1cfc064026514baec0512c4ad3d696aa72a6731b6323ca7821a6643b5be1,True,
A:\_BioGeo\liuxianx\Co_authors\ana\output\MODIS_EU_EVI\2001_2025\EVI_Series_ID_EU_150-X033-Y014_2001_2025.tif,EVI_Series_ID_EU_150-X033-Y014_2001_2025.tif,EVI_Series_ID_EU_150-X033-Y014_2001_2025.tif,2001-2025,2001-01-01..2025-12-19,band-level; see time_index.csv,band-level; see time_index.csv,EU_150-X033-Y014,2001,2025,2001-01-01,2025-12-19,575,Float32,-Infinity,690,680,EPSG:3035,"[4222250.0,250.0,0.0,4762000.0,0.0,-250.0]",250.0,250.0,"[4222250.0,4592000.0,4394750.0,4762000.0]",0.0,0.0,DEFLATE,19370919,-0.147,0.909,0.2737453508881355,0.01864198198795181,575,6e3c1cfc064026514baec0512c4ad3d696aa72a6731b6323ca7821a6643b5be1,True,
A:\_BioGeo\liuxianx\Co_authors\ana\output\MODIS_EU_EVI\2001_2025\EVI_Series_ID_EU_150-X033-Y015_2001_2025.tif,EVI_Series_ID_EU_150-X033-Y015_2001_2025.tif,EVI_Series_ID_EU_150-X033-Y015_2001_2025.tif,2001-2025,2001-01-01..2025-12-19,band-level; see time_index.csv,band-level; see time_index.csv,EU_150-X033-Y015,2001,2025,2001-01-01,2025-12-19,575,Float32,-Infinity,689,679,EPSG:3035,"[4245500.0,250.0,0.0,4614000.0,0.0,-250.0]",250.0,250.0,"[4245500.0,4444250.0,4417750.0,4614000.0]",0.0,0.0,DEFLATE,238435489,-0.2,0.997,0.3266922042421429,0.2981747538314176,575,6e3c1cfc064026514baec0512c4ad3d696aa72a6731b6323ca7821a6643b5be1,True,
A:\_BioGeo\liuxianx\Co_authors\ana\output\MODIS_EU_EVI\2001_2025\EVI_Series_ID_EU_150-X033-Y016_2001_2025.tif,EVI_Series_ID_EU_150-X033-Y016_2001_2025.tif,EVI_Series_ID_EU_150-X033-Y016_2001_2025.tif,2001-2025,2001-01-01..2025-12-19,band-level; see time_index.csv,band-level; see time_index.csv,EU_150-X033-Y016,2001,2025,2001-01-01,2025-12-19,575,Float32,-Infinity,688,679,EPSG:3035,"[4268750.0,250.0,0.0,4466250.0,0.0,-250.0]",250.0,250.0,"[4268750.0,4296500.0,4440750.0,4466250.0]",0.0,0.0,DEFLATE,262240373,-0.199,0.996,0.33632151631918966,0.32390805777576853,575,6e3c1cfc064026514baec0512c4ad3d696aa72a6731b6323ca7821a6643b5be1,True,
A:\_BioGeo\liuxianx\Co_authors\ana\output\MODIS_EU_EVI\2001_2025\EVI_Series_ID_EU_150-X033-Y017_2001_2025.tif,EVI_Series_ID_EU_150-X033-Y017_2001_2025.tif,EVI_Series_ID_EU_150-X033-Y017_2001_2025.tif,2001-2025,2001-01-01..2025-12-19,band-level; see time_index.csv,band-level; see time_index.csv,EU_150-X033-Y017,2001,2025,2001-01-01,2025-12-19,575,Float32,-Infinity,686,679,EPSG:3035,"[4291750.0,250.0,0.0,4318250.0,0.0,-250.0]",250.0,250.0,"[4291750.0,4148500.0,4463250.0,4318250.0]",0.0,0.0,DEFLATE,332674685,-0.2,0.991,0.32444985029100337,0.4026940493913043,575,6e3c1cfc064026514baec0512c4ad3d696aa72a6731b6323ca7821a6643b5be1,True,
A:\_BioGeo\liuxianx\Co_authors\ana\output\MODIS_EU_EVI\2001_2025\EVI_Series_ID_EU_150-X033-Y018_2001_2025.tif,EVI_Series_ID_EU_150-X033-Y018_2001_2025.tif,EVI_Series_ID_EU_150-X033-Y018_2001_2025.tif,2001-2025,2001-01-01..2025-12-19,band-level; see time_index.csv,band-level; see time_index.csv,EU_150-X033-Y018,2001,2025,2001-01-01,2025-12-19,575,Float32,-Infinity,685,679,EPSG:3035,"[4314250.0,250.0,0.0,4170250.0,0.0,-250.0]",250.0,250.0,"[4314250.0,4000500.0,4485500.0,4170250.0]",0.0,0.0,DEFLATE,441908993,-0.198,0.994,0.3028778771681686,0.5347714568695652,575,6e3c1cfc064026514baec0512c4ad3d696aa72a6731b6323ca7821a6643b5be1,True,
A:\_BioGeo\liuxianx\Co_authors\ana\output\MODIS_EU_EVI\2001_2025\EVI_Series_ID_EU_150-X033-Y019_2001_2025.tif,EVI_Series_ID_EU_150-X033-Y019_2001_2025.tif,EVI_Series_ID_EU_150-X033-Y019_2001_2025.tif,2001-2025,2001-01-01..2025-12-19,band-level; see time_index.csv,band-level; see time_index.csv,EU_150-X033-Y019,2001,2025,2001-01-01,2025-12-19,575,Float32,-Infinity,684,679,EPSG:3035,"[4336750.0,250.0,0.0,4022250.0,0.0,-250.0]",250.0,250.0,"[4336750.0,3852500.0,4507750.0,4022250.0]",0.0,0.0,DEFLATE,330736019,-0.198,0.991,0.3074313616458137,0.38826250452961675,575,6e3c1cfc064026514baec0512c4ad3d696aa72a6731b6323ca7821a6643b5be1,True,
A:\_BioGeo\liuxianx\Co_authors\ana\output\MODIS_EU_EVI\2001_2025\EVI_Series_ID_EU_150-X033-Y020_2001_2025.tif,EVI_Series_ID_EU_150-X033-Y020_2001_2025.tif,EVI_Series_ID_EU_150-X033-Y020_2001_2025.tif,2001-2025,2001-01-01..2025-12-19,band-level; see time_index.csv,band-level; see time_index.csv,EU_150-X033-Y020,2001,2025,2001-01-01,2025-12-19,575,Float32,-Infinity,683,679,EPSG:3035,"[4358750.0,250.0,0.0,3874000.0,0.0,-250.0]",250.0,250.0,"[4358750.0,3704250.0,4529500.0,3874000.0]",0.0,0.0,DEFLATE,235108633,-0.198,0.994,0.3292841790348669,0.27495755574912895,575,6e3c1cfc064026514baec0512c4ad3d696aa72a6731b6323ca7821a6643b5be1,True,
A:\_BioGeo\liuxianx\Co_authors\ana\output\MODIS_EU_EVI\2001_2025\EVI_Series_ID_EU_150-X033-Y021_2001_2025.tif,EVI_Series_ID_EU_150-X033-Y021_2001_2025.tif,EVI_Series_ID_EU_150-X033-Y021_2001_2025.tif,2001-2025,2001-01-01..2025-12-19,band-level; see time_index.csv,band-level; see time_index.csv,EU_150-X033-Y021,2001,2025,2001-01-01,2025-12-19,575,Float32,-Infinity,682,679,EPSG:3035,"[4380500.0,250.0,0.0,3725750.0,0.0,-250.0]",250.0,250.0,"[4380500.0,3556000.0,4551000.0,3725750.0]",0.0,0.0,DEFLATE,330987423,-0.147,0.999,0.3576812682336767,0.3653210285217391,575,6e3c1cfc064026514baec0512c4ad3d696aa72a6731b6323ca7821a6643b5be1,True,
A:\_BioGeo\liuxianx\Co_authors\ana\output\MODIS_EU_EVI\2001_2025\EVI_Series_ID_EU_150-X033-Y022_2001_2025.tif,EVI_Series_ID_EU_150-X033-Y022_2001_2025.tif,EVI_Series_ID_EU_150-X033-Y022_2001_2025.tif,2001-2025,2001-01-01..2025-12-19,band-level; see time_index.csv,band-level; see time_index.csv,EU_150-X033-Y022,2001,2025,2001-01-01,2025-12-19,575,Float32,-Infinity,680,679,EPSG:3035,"[4402000.0,250.0,0.0,3577500.0,0.0,-250.0]",250.0,250.0,"[4402000.0,3407750.0,4572000.0,3577500.0]",0.0,0.0,DEFLATE,268659941,-0.152,0.999,0.38545489882584494,0.29508604939130434,575,6e3c1cfc064026514baec0512c4ad3d696aa72a6731b6323ca7821a6643b5be1,True,
A:\_BioGeo\liuxianx\Co_authors\ana\output\MODIS_EU_EVI\2001_2025\EVI_Series_ID_EU_150-X033-Y023_2001_2025.tif,EVI_Series_ID_EU_150-X033-Y023_2001_2025.tif,EVI_Series_ID_EU_150-X033-Y023_2001_2025.tif,2001-2025,2001-01-01..2025-12-19,band-level; see time_index.csv,band-level; see time_index.csv,EU_150-X033-Y023,2001,2025,2001-01-01,2025-12-19,575,Float32,-Infinity,679,679,EPSG:3035,"[4423250.0,250.0,0.0,3429000.0,0.0,-250.0]",250.0,250.0,"[4423250.0,3259250.0,4593000.0,3429000.0]",0.0,0.0,DEFLATE,574532757,-0.153,1.0,0.3738039286041605,0.6734998165505227,575,6e3c1cfc064026514baec0512c4ad3d696aa72a6731b6323ca7821a6643b5be1,True,
A:\_BioGeo\liuxianx\Co_authors\ana\output\MODIS_EU_EVI\2001_2025\EVI_Series_ID_EU_150-X033-Y024_2001_2025.tif,EVI_Series_ID_EU_150-X033-Y024_2001_2025.tif,EVI_Series_ID_EU_150-X033-Y024_2001_2025.tif,2001-2025,2001-01-01..2025-12-19,band-level; see time_index.csv,band-level; see time_index.csv,EU_150-X033-Y024,2001,2025,2001-01-01,2025-12-19,575,Float32,-Infinity,678,679,EPSG:3035,"[4444250.0,250.0,0.0,3280500.0,0.0,-250.0]",250.0,250.0,"[4444250.0,3110750.0,4613750.0,3280500.0]",0.0,0.0,DEFLATE,589300097,-0.096,1.0,0.35538363116576427,0.6923574472125436,575,6e3c1cfc064026514baec0512c4ad3d696aa72a6731b6323ca7821a6643b5be1,True,
A:\_BioGeo\liuxianx\Co_authors\ana\output\MODIS_EU_EVI\2001_2025\EVI_Series_ID_EU_150-X033-Y025_2001_2025.tif,EVI_Series_ID_EU_150-X033-Y025_2001_2025.tif,EVI_Series_ID_EU_150-X033-Y025_2001_2025.tif,2001-2025,2001-01-01..2025-12-19,band-level; see time_index.csv,band-level; see time_index.csv,EU_150-X033-Y025,2001,2025,2001-01-01,2025-12-19,575,Float32,-Infinity,676,679,EPSG:3035,"[4465000.0,250.0,0.0,3132000.0,0.0,-250.0]",250.0,250.0,"[4465000.0,2962250.0,4634000.0,3132000.0]",0.0,0.0,DEFLATE,552421449,-0.079,0.999,0.3603997959613738,0.6547564467247386,575,6e3c1cfc064026514baec0512c4ad3d696aa72a6731b6323ca7821a6643b5be1,True,
A:\_BioGeo\liuxianx\Co_authors\ana\output\MODIS_EU_EVI\2001_2025\EVI_Series_ID_EU_150-X033-Y026_2001_2025.tif,EVI_Series_ID_EU_150-X033-Y026_2001_2025.tif,EVI_Series_ID_EU_150-X033-Y026_2001_2025.tif,2001-2025,2001-01-01..2025-12-19,band-level; see time_index.csv,band-level; see time_index.csv,EU_150-X033-Y026,2001,2025,2001-01-01,2025-12-19,575,Float32,-Infinity,676,678,EPSG:3035,"[4485250.0,250.0,0.0,2983250.0,0.0,-250.0]",250.0,250.0,"[4485250.0,2813750.0,4654250.0,2983250.0]",0.0,0.0,DEFLATE,529713915,-0.119,1.0,0.3753921352351336,0.64904276,575,6e3c1cfc064026514baec0512c4ad3d696aa72a6731b6323ca7821a6643b5be1,True,
A:\_BioGeo\liuxianx\Co_authors\ana\output\MODIS_EU_EVI\2001_2025\EVI_Series_ID_EU_150-X033-Y027_2001_2025.tif,EVI_Series_ID_EU_150-X033-Y027_2001_2025.tif,EVI_Series_ID_EU_150-X033-Y027_2001_2025.tif,2001-2025,2001-01-01..2025-12-19,band-level; see time_index.csv,band-level; see time_index.csv,EU_150-X033-Y027,2001,2025,2001-01-01,2025-12-19,575,Float32,-Infinity,674,678,EPSG:3035,"[4505500.0,250.0,0.0,2834500.0,0.0,-250.0]",250.0,250.0,"[4505500.0,2665000.0,4674000.0,2834500.0]",0.0,0.0,DEFLATE,481637007,-0.2,0.997,0.3856397964048323,0.5767756269565217,575,6e3c1cfc064026514baec0512c4ad3d696aa72a6731b6323ca7821a6643b5be1,True,
A:\_BioGeo\liuxianx\Co_authors\ana\output\MODIS_EU_EVI\2001_2025\EVI_Series_ID_EU_150-X033-Y028_2001_2025.tif,EVI_Series_ID_EU_150-X033-Y028_2001_2025.tif,EVI_Series_ID_EU_150-X033-Y028_2001_2025.tif,2001-2025,2001-01-01..2025-12-19,band-level; see time_index.csv,band-level; see time_index.csv,EU_150-X033-Y028,2001,2025,2001-01-01,2025-12-19,575,Float32,-Infinity,673,678,EPSG:3035,"[4525250.0,250.0,0.0,2685750.0,0.0,-250.0]",250.0,250.0,"[4525250.0,2516250.0,4693500.0,2685750.0]",0.0,0.0,DEFLATE,540603075,-0.2,0.997,0.35450437902581766,0.6472354782608696,575,6e3c1cfc064026514baec0512c4ad3d696aa72a6731b6323ca7821a6643b5be1,True,
A:\_BioGeo\liuxianx\Co_authors\ana\output\MODIS_EU_EVI\2001_2025\EVI_Series_ID_EU_150-X033-Y029_2001_2025.tif,EVI_Series_ID_EU_150-X033-Y029_2001_2025.tif,EVI_Series_ID_EU_150-X033-Y029_2001_2025.tif,2001-2025,2001-01-01..2025-12-19,band-level; see time_index.csv,band-level; see time_index.csv,EU_150-X033-Y029,2001,2025,2001-01-01,2025-12-19,575,Float32,-Infinity,672,679,EPSG:3035,"[4544750.0,250.0,0.0,2537000.0,0.0,-250.0]",250.0,250.0,"[4544750.0,2367250.0,4712750.0,2537000.0]",0.0,0.0,DEFLATE,258389585,-0.191,0.985,0.35648253522363926,0.30133048695652176,575,6e3c1cfc064026514baec0512c4ad3d696aa72a6731b6323ca7821a6643b5be1,True,
A:\_BioGeo\liuxianx\Co_authors\ana\output\MODIS_EU_EVI\2001_2025\EVI_Series_ID_EU_150-X033-Y030_2001_2025.tif,EVI_Series_ID_EU_150-X033-Y030_2001_2025.tif,EVI_Series_ID_EU_150-X033-Y030_2001_2025.tif,2001-2025,2001-01-01..2025-12-19,band-level; see time_index.csv,band-level; see time_index.csv,EU_150-X033-Y030,2001,2025,2001-01-01,2025-12-19,575,Float32,-Infinity,671,679,EPSG:3035,"[4564000.0,250.0,0.0,2388000.0,0.0,-250.0]",250.0,250.0,"[4564000.0,2218250.0,4731750.0,2388000.0]",0.0,0.0,DEFLATE,101682983,-0.134,0.994,0.3031093941746947,0.11311755652173915,575,6e3c1cfc064026514baec0512c4ad3d696aa72a6731b6323ca7821a6643b5be1,True,
A:\_BioGeo\liuxianx\Co_authors\ana\output\MODIS_EU_EVI\2001_2025\EVI_Series_ID_EU_150-X033-Y031_2001_2025.tif,EVI_Series_ID_EU_150-X033-Y031_2001_2025.tif,EVI_Series_ID_EU_150-X033-Y031_2001_2025.tif,2001-2025,2001-01-01..2025-12-19,band-level; see time_index.csv,band-level; see time_index.csv,EU_150-X033-Y031,2001,2025,2001-01-01,2025-12-19,575,Float32,-Infinity,670,678,EPSG:3035,"[4583000.0,250.0,0.0,2238750.0,0.0,-250.0]",250.0,250.0,"[4583000.0,2069250.0,4750500.0,2238750.0]",0.0,0.0,DEFLATE,373933151,-0.186,0.995,0.35352901222285515,0.45074645217391307,575,6e3c1cfc064026514baec0512c4ad3d696aa72a6731b6323ca7821a6643b5be1,True,
A:\_BioGeo\liuxianx\Co_authors\ana\output\MODIS_EU_EVI\2001_2025\EVI_Series_ID_EU_150-X033-Y032_2001_2025.tif,EVI_Series_ID_EU_150-X033-Y032_2001_2025.tif,EVI_Series_ID_EU_150-X033-Y032_2001_2025.tif,2001-2025,2001-01-01..2025-12-19,band-level; see time_index.csv,band-level; see time_index.csv,EU_150-X033-Y032,2001,2025,2001-01-01,2025-12-19,575,Float32,-Infinity,669,678,EPSG:3035,"[4601750.0,250.0,0.0,2089750.0,0.0,-250.0]",250.0,250.0,"[4601750.0,1920250.0,4769000.0,2089750.0]",0.0,0.0,DEFLATE,448686137,-0.093,0.993,0.3671274508091382,0.5276784347826087,575,6e3c1cfc064026514baec0512c4ad3d696aa72a6731b6323ca7821a6643b5be1,True,
A:\_BioGeo\liuxianx\Co_authors\ana\output\MODIS_EU_EVI\2001_2025\EVI_Series_ID_EU_150-X033-Y033_2001_2025.tif,EVI_Series_ID_EU_150-X033-Y033_2001_2025.tif,EVI_Series_ID_EU_150-X033-Y033_2001_2025.tif,2001-2025,2001-01-01..2025-12-19,band-level; see time_index.csv,band-level; see time_index.csv,EU_150-X033-Y033,2001,2025,2001-01-01,2025-12-19,575,Float32,-Infinity,667,678,EPSG:3035,"[4620250.0,250.0,0.0,1940500.0,0.0,-250.0]",250.0,250.0,"[4620250.0,1771000.0,4787000.0,1940500.0]",0.0,0.0,DEFLATE,28709759,-0.09,0.942,0.39431034839504714,0.026812391304347826,575,6e3c1cfc064026514baec0512c4ad3d696aa72a6731b6323ca7821a6643b5be1,True,
A:\_BioGeo\liuxianx\Co_authors\ana\output\MODIS_EU_EVI\2001_2025\EVI_Series_ID_EU_150-X033-Y034_2001_2025.tif,EVI_Series_ID_EU_150-X033-Y034_2001_2025.tif,EVI_Series_ID_EU_150-X033-Y034_2001_2025.tif,2001-2025,2001-01-01..2025-12-19,band-level; see time_index.csv,band-level; see time_index.csv,EU_150-X033-Y034,2001,2025,2001-01-01,2025-12-19,575,Float32,-Infinity,665,678,EPSG:3035,"[4638500.0,250.0,0.0,1791250.0,0.0,-250.0]",250.0,250.0,"[4638500.0,1621750.0,4804750.0,1791250.0]",0.0,0.0,DEFLATE,212998001,-0.186,0.961,0.3381108496036361,0.2444393043478261,575,6e3c1cfc064026514baec0512c4ad3d696aa72a6731b6323ca7821a6643b5be1,True,
A:\_BioGeo\liuxianx\Co_authors\ana\output\MODIS_EU_EVI\2001_2025\EVI_Series_ID_EU_150-X033-Y035_2001_2025.tif,EVI_Series_ID_EU_150-X033-Y035_2001_2025.tif,EVI_Series_ID_EU_150-X033-Y035_2001_2025.tif,2001-2025,2001-01-01..2025-12-19,band-level; see time_index.csv,band-level; see time_index.csv,EU_150-X033-Y035,2001,2025,2001-01-01,2025-12-19,575,Float32,-Infinity,665,678,EPSG:3035,"[4656250.0,250.0,0.0,1642000.0,0.0,-250.0]",250.0,250.0,"[4656250.0,1472500.0,4822500.0,1642000.0]",0.0,0.0,DEFLATE,293911523,-0.103,0.961,0.2946688156168924,0.3611874782608696,575,6e3c1cfc064026514baec0512c4ad3d696aa72a6731b6323ca7821a6643b5be1,True,
A:\_BioGeo\liuxianx\Co_authors\ana\output\MODIS_EU_EVI\2001_2025\EVI_Series_ID_EU_150-X033-Y036_2001_2025.tif,EVI_Series_ID_EU_150-X033-Y036_2001_2025.tif,EVI_Series_ID_EU_150-X033-Y036_2001_2025.tif,2001-2025,2001-01-01..2025-12-19,band-level; see time_index.csv,band-level; see time_index.csv,EU_150-X033-Y036,2001,2025,2001-01-01,2025-12-19,575,Float32,-Infinity,663,678,EPSG:3035,"[4674000.0,250.0,0.0,1492500.0,0.0,-250.0]",250.0,250.0,"[4674000.0,1323000.0,4839750.0,1492500.0]",0.0,0.0,DEFLATE,14099439,-0.055,0.961,0.2221567634120899,0.011640471304347826,575,6e3c1cfc064026514baec0512c4ad3d696aa72a6731b6323ca7821a6643b5be1,True,
A:\_BioGeo\liuxianx\Co_authors\ana\output\MODIS_EU_EVI\2001_2025\EVI_Series_ID_EU_150-X034-Y012_2001_2025.tif,EVI_Series_ID_EU_150-X034-Y012_2001_2025.tif,EVI_Series_ID_EU_150-X034-Y012_2001_2025.tif,2001-2025,2001-01-01..2025-12-19,band-level; see time_index.csv,band-level; see time_index.csv,EU_150-X034-Y012,2001,2025,2001-01-01,2025-12-19,575,Float32,-Infinity,692,680,EPSG:3035,"[4323250.0,250.0,0.0,5079250.0,0.0,-250.0]",250.0,250.0,"[4323250.0,4909250.0,4496250.0,5079250.0]",0.0,0.0,DEFLATE,13629471,-0.198,0.991,0.32482400178628895,0.01206249187111111,575,6e3c1cfc064026514baec0512c4ad3d696aa72a6731b6323ca7821a6643b5be1,True,
A:\_BioGeo\liuxianx\Co_authors\ana\output\MODIS_EU_EVI\2001_2025\EVI_Series_ID_EU_150-X034-Y013_2001_2025.tif,EVI_Series_ID_EU_150-X034-Y013_2001_2025.tif,EVI_Series_ID_EU_150-X034-Y013_2001_2025.tif,2001-2025,2001-01-01..2025-12-19,band-level; see time_index.csv,band-level; see time_index.csv,EU_150-X034-Y013,2001,2025,2001-01-01,2025-12-19,575,Float32,-Infinity,691,679,EPSG:3035,"[4347250.0,250.0,0.0,4931500.0,0.0,-250.0]",250.0,250.0,"[4347250.0,4761750.0,4520000.0,4931500.0]",0.0,0.0,DEFLATE,64567253,-0.2,0.997,0.29113946471549457,0.08221145095137421,575,6e3c1cfc064026514baec0512c4ad3d696aa72a6731b6323ca7821a6643b5be1,True,
A:\_BioGeo\liuxianx\Co_authors\ana\output\MODIS_EU_EVI\2001_2025\EVI_Series_ID_EU_150-X034-Y014_2001_2025.tif,EVI_Series_ID_EU_150-X034-Y014_2001_2025.tif,EVI_Series_ID_EU_150-X034-Y014_2001_2025.tif,2001-2025,2001-01-01..2025-12-19,band-level; see time_index.csv,band-level; see time_index.csv,EU_150-X034-Y014,2001,2025,2001-01-01,2025-12-19,575,Float32,-Infinity,690,680,EPSG:3035,"[4371000.0,250.0,0.0,4783750.0,0.0,-250.0]",250.0,250.0,"[4371000.0,4613750.0,4543500.0,4783750.0]",0.0,0.0,DEFLATE,193233529,-0.2,0.994,0.313199352203049,0.24093994288577156,575,6e3c1cfc064026514baec0512c4ad3d696aa72a6731b6323ca7821a6643b5be1,True,
A:\_BioGeo\liuxianx\Co_authors\ana\output\MODIS_EU_EVI\2001_2025\EVI_Series_ID_EU_150-X034-Y015_2001_2025.tif,EVI_Series_ID_EU_150-X034-Y015_2001_2025.tif,EVI_Series_ID_EU_150-X034-Y015_2001_2025.tif,2001-2025,2001-01-01..2025-12-19,band-level; see time_index.csv,band-level; see time_index.csv,EU_150-X034-Y015,2001,2025,2001-01-01,2025-12-19,575,Float32,-Infinity,688,680,EPSG:3035,"[4394500.0,250.0,0.0,4636000.0,0.0,-250.0]",250.0,250.0,"[4394500.0,4466000.0,4566500.0,4636000.0]",0.0,0.0,DEFLATE,275102187,-0.2,0.987,0.3276935983247041,0.36627163139534885,575,6e3c1cfc064026514baec0512c4ad3d696aa72a6731b6323ca7821a6643b5be1,True,
A:\_BioGeo\liuxianx\Co_authors\ana\output\MODIS_EU_EVI\2001_2025\EVI_Series_ID_EU_150-X034-Y016_2001_2025.tif,EVI_Series_ID_EU_150-X034-Y016_2001_2025.tif,EVI_Series_ID_EU_150-X034-Y016_2001_2025.tif,2001-2025,2001-01-01..2025-12-19,band-level; see time_index.csv,band-level; see time_index.csv,EU_150-X034-Y016,2001,2025,2001-01-01,2025-12-19,575,Float32,-Infinity,688,680,EPSG:3035,"[4417500.0,250.0,0.0,4488000.0,0.0,-250.0]",250.0,250.0,"[4417500.0,4318000.0,4589500.0,4488000.0]",0.0,0.0,DEFLATE,295803481,-0.199,0.996,0.31659356503329544,0.38000728936363637,575,6e3c1cfc064026514baec0512c4ad3d696aa72a6731b6323ca7821a6643b5be1,True,
A:\_BioGeo\liuxianx\Co_authors\ana\output\MODIS_EU_EVI\2001_2025\EVI_Series_ID_EU_150-X034-Y017_2001_2025.tif,EVI_Series_ID_EU_150-X034-Y017_2001_2025.tif,EVI_Series_ID_EU_150-X034-Y017_2001_2025.tif,2001-2025,2001-01-01..2025-12-19,band-level; see time_index.csv,band-level; see time_index.csv,EU_150-X034-Y017,2001,2025,2001-01-01,2025-12-19,575,Float32,-Infinity,686,680,EPSG:3035,"[4440500.0,250.0,0.0,4340000.0,0.0,-250.0]",250.0,250.0,"[4440500.0,4170000.0,4612000.0,4340000.0]",0.0,0.0,DEFLATE,334376531,-0.199,0.965,0.31290822931102297,0.43067224721254355,575,6e3c1cfc064026514baec0512c4ad3d696aa72a6731b6323ca7821a6643b5be1,True,
A:\_BioGeo\liuxianx\Co_authors\ana\output\MODIS_EU_EVI\2001_2025\EVI_Series_ID_EU_150-X034-Y018_2001_2025.tif,EVI_Series_ID_EU_150-X034-Y018_2001_2025.tif,EVI_Series_ID_EU_150-X034-Y018_2001_2025.tif,2001-2025,2001-01-01..2025-12-19,band-level; see time_index.csv,band-level; see time_index.csv,EU_150-X034-Y018,2001,2025,2001-01-01,2025-12-19,575,Float32,-Infinity,685,679,EPSG:3035,"[4463000.0,250.0,0.0,4191750.0,0.0,-250.0]",250.0,250.0,"[4463000.0,4022000.0,4634250.0,4191750.0]",0.0,0.0,DEFLATE,448441553,-0.2,0.973,0.3122848219463948,0.5527272669565217,575,6e3c1cfc064026514baec0512c4ad3d696aa72a6731b6323ca7821a6643b5be1,True,
A:\_BioGeo\liuxianx\Co_authors\ana\output\MODIS_EU_EVI\2001_2025\EVI_Series_ID_EU_150-X034-Y019_2001_2025.tif,EVI_Series_ID_EU_150-X034-Y019_2001_2025.tif,EVI_Series_ID_EU_150-X034-Y019_2001_2025.tif,2001-2025,2001-01-01..2025-12-19,band-level; see time_index.csv,band-level; see time_index.csv,EU_150-X034-Y019,2001,2025,2001-01-01,2025-12-19,575,Float32,-Infinity,684,679,EPSG:3035,"[4485250.0,250.0,0.0,4043500.0,0.0,-250.0]",250.0,250.0,"[4485250.0,3873750.0,4656250.0,4043500.0]",0.0,0.0,DEFLATE,452157327,-0.179,0.999,0.30002903226918287,0.5343517373913044,575,6e3c1cfc064026514baec0512c4ad3d696aa72a6731b6323ca7821a6643b5be1,True,
A:\_BioGeo\liuxianx\Co_authors\ana\output\MODIS_EU_EVI\2001_2025\EVI_Series_ID_EU_150-X034-Y020_2001_2025.tif,EVI_Series_ID_EU_150-X034-Y020_2001_2025.tif,EVI_Series_ID_EU_150-X034-Y020_2001_2025.tif,2001-2025,2001-01-01..2025-12-19,band-level; see time_index.csv,band-level; see time_index.csv,EU_150-X034-Y020,2001,2025,2001-01-01,2025-12-19,575,Float32,-Infinity,682,679,EPSG:3035,"[4507500.0,250.0,0.0,3895250.0,0.0,-250.0]",250.0,250.0,"[4507500.0,3725500.0,4678000.0,3895250.0]",0.0,0.0,DEFLATE,487450291,-0.164,0.975,0.32268388723799185,0.5996153766956522,575,6e3c1cfc064026514baec0512c4ad3d696aa72a6731b6323ca7821a6643b5be1,True,
A:\_BioGeo\liuxianx\Co_authors\ana\output\MODIS_EU_EVI\2001_2025\EVI_Series_ID_EU_150-X034-Y021_2001_2025.tif,EVI_Series_ID_EU_150-X034-Y021_2001_2025.tif,EVI_Series_ID_EU_150-X034-Y021_2001_2025.tif,2001-2025,2001-01-01..2025-12-19,band-level; see time_index.csv,band-level; see time_index.csv,EU_150-X034-Y021,2001,2025,2001-01-01,2025-12-19,575,Float32,-Infinity,681,679,EPSG:3035,"[4529250.0,250.0,0.0,3747000.0,0.0,-250.0]",250.0,250.0,"[4529250.0,3577250.0,4699500.0,3747000.0]",0.0,0.0,DEFLATE,298629651,-0.194,0.999,0.3453821279135391,0.3616081989547038,575,6e3c1cfc064026514baec0512c4ad3d696aa72a6731b6323ca7821a6643b5be1,True,
A:\_BioGeo\liuxianx\Co_authors\ana\output\MODIS_EU_EVI\2001_2025\EVI_Series_ID_EU_150-X034-Y022_2001_2025.tif,EVI_Series_ID_EU_150-X034-Y022_2001_2025.tif,EVI_Series_ID_EU_150-X034-Y022_2001_2025.tif,2001-2025,2001-01-01..2025-12-19,band-level; see time_index.csv,band-level; see time_index.csv,EU_150-X034-Y022,2001,2025,2001-01-01,2025-12-19,575,Float32,-Infinity,680,679,EPSG:3035,"[4550750.0,250.0,0.0,3598500.0,0.0,-250.0]",250.0,250.0,"[4550750.0,3428750.0,4720750.0,3598500.0]",0.0,0.0,DEFLATE,78442207,-0.102,0.991,0.3615547368420237,0.08063844660869565,575,6e3c1cfc064026514baec0512c4ad3d696aa72a6731b6323ca7821a6643b5be1,True,
A:\_BioGeo\liuxianx\Co_authors\ana\output\MODIS_EU_EVI\2001_2025\EVI_Series_ID_EU_150-X034-Y023_2001_2025.tif,EVI_Series_ID_EU_150-X034-Y023_2001_2025.tif,EVI_Series_ID_EU_150-X034-Y023_2001_2025.tif,2001-2025,2001-01-01..2025-12-19,band-level; see time_index.csv,band-level; see time_index.csv,EU_150-X034-Y023,2001,2025,2001-01-01,2025-12-19,575,Float32,-Infinity,679,679,EPSG:3035,"[4571750.0,250.0,0.0,3450000.0,0.0,-250.0]",250.0,250.0,"[4571750.0,3280250.0,4741500.0,3450000.0]",0.0,0.0,DEFLATE,538869697,-0.196,0.999,0.36175830822748367,0.6407248521739131,575,6e3c1cfc064026514baec0512c4ad3d696aa72a6731b6323ca7821a6643b5be1,True,
A:\_BioGeo\liuxianx\Co_authors\ana\output\MODIS_EU_EVI\2001_2025\EVI_Series_ID_EU_150-X034-Y024_2001_2025.tif,EVI_Series_ID_EU_150-X034-Y024_2001_2025.tif,EVI_Series_ID_EU_150-X034-Y024_2001_2025.tif,2001-2025,2001-01-01..2025-12-19,band-level; see time_index.csv,band-level; see time_index.csv,EU_150-X034-Y024,2001,2025,2001-01-01,2025-12-19,575,Float32,-Infinity,678,679,EPSG:3035,"[4592750.0,250.0,0.0,3301500.0,0.0,-250.0]",250.0,250.0,"[4592750.0,3131750.0,4762250.0,3301500.0]",0.0,0.0,DEFLATE,568430129,-0.129,0.992,0.3382330787995518,0.6893100989547039,575,6e3c1cfc064026514baec0512c4ad3d696aa72a6731b6323ca7821a6643b5be1,True,
A:\_BioGeo\liuxianx\Co_authors\ana\output\MODIS_EU_EVI\2001_2025\EVI_Series_ID_EU_150-X034-Y025_2001_2025.tif,EVI_Series_ID_EU_150-X034-Y025_2001_2025.tif,EVI_Series_ID_EU_150-X034-Y025_2001_2025.tif,2001-2025,2001-01-01..2025-12-19,band-level; see time_index.csv,band-level; see time_index.csv,EU_150-X034-Y025,2001,2025,2001-01-01,2025-12-19,575,Float32,-Infinity,676,679,EPSG:3035,"[4613500.0,250.0,0.0,3152750.0,0.0,-250.0]",250.0,250.0,"[4613500.0,2983000.0,4782500.0,3152750.0]",0.0,0.0,DEFLATE,553573537,-0.181,1.0,0.358181000917843,0.6569012803135889,575,6e3c1cfc064026514baec0512c4ad3d696aa72a6731b6323ca7821a6643b5be1,True,
A:\_BioGeo\liuxianx\Co_authors\ana\output\MODIS_EU_EVI\2001_2025\EVI_Series_ID_EU_150-X034-Y026_2001_2025.tif,EVI_Series_ID_EU_150-X034-Y026_2001_2025.tif,EVI_Series_ID_EU_150-X034-Y026_2001_2025.tif,2001-2025,2001-01-01..2025-12-19,band-level; see time_index.csv,band-level; see time_index.csv,EU_150-X034-Y026,2001,2025,2001-01-01,2025-12-19,575,Float32,-Infinity,675,679,EPSG:3035,"[4633750.0,250.0,0.0,3004000.0,0.0,-250.0]",250.0,250.0,"[4633750.0,2834250.0,4802500.0,3004000.0]",0.0,0.0,DEFLATE,555356193,-0.172,0.999,0.34932274740693475,0.6673012916695652,575,6e3c1cfc064026514baec0512c4ad3d696aa72a6731b6323ca7821a6643b5be1,True,
A:\_BioGeo\liuxianx\Co_authors\ana\output\MODIS_EU_EVI\2001_2025\EVI_Series_ID_EU_150-X034-Y027_2001_2025.tif,EVI_Series_ID_EU_150-X034-Y027_2001_2025.tif,EVI_Series_ID_EU_150-X034-Y027_2001_2025.tif,2001-2025,2001-01-01..2025-12-19,band-level; see time_index.csv,band-level; see time_index.csv,EU_150-X034-Y027,2001,2025,2001-01-01,2025-12-19,575,Float32,-Infinity,674,679,EPSG:3035,"[4654000.0,250.0,0.0,2855250.0,0.0,-250.0]",250.0,250.0,"[4654000.0,2685500.0,4822500.0,2855250.0]",0.0,0.0,DEFLATE,555496927,-0.17,0.995,0.36114801344865505,0.6686967095652174,575,6e3c1cfc064026514baec0512c4ad3d696aa72a6731b6323ca7821a6643b5be1,True,
A:\_BioGeo\liuxianx\Co_authors\ana\output\MODIS_EU_EVI\2001_2025\EVI_Series_ID_EU_150-X034-Y028_2001_2025.tif,EVI_Series_ID_EU_150-X034-Y028_2001_2025.tif,EVI_Series_ID_EU_150-X034-Y028_2001_2025.tif,2001-2025,2001-01-01..2025-12-19,band-level; see time_index.csv,band-level; see time_index.csv,EU_150-X034-Y028,2001,2025,2001-01-01,2025-12-19,575,Float32,-Infinity,673,678,EPSG:3035,"[4673750.0,250.0,0.0,2706250.0,0.0,-250.0]",250.0,250.0,"[4673750.0,2536750.0,4842000.0,2706250.0]",0.0,0.0,DEFLATE,591528029,-0.167,0.989,0.3807965052564529,0.7232429182608695,575,6e3c1cfc064026514baec0512c4ad3d696aa72a6731b6323ca7821a6643b5be1,True,
A:\_BioGeo\liuxianx\Co_authors\ana\output\MODIS_EU_EVI\2001_2025\EVI_Series_ID_EU_150-X034-Y029_2001_2025.tif,EVI_Series_ID_EU_150-X034-Y029_2001_2025.tif,EVI_Series_ID_EU_150-X034-Y029_2001_2025.tif,2001-2025,2001-01-01..2025-12-19,band-level; see time_index.csv,band-level; see time_index.csv,EU_150-X034-Y029,2001,2025,2001-01-01,2025-12-19,575,Float32,-Infinity,672,678,EPSG:3035,"[4693250.0,250.0,0.0,2557250.0,0.0,-250.0]",250.0,250.0,"[4693250.0,2387750.0,4861250.0,2557250.0]",0.0,0.0,DEFLATE,544833897,-0.149,0.999,0.4037444055326858,0.7027067600000001,575,6e3c1cfc064026514baec0512c4ad3d696aa72a6731b6323ca7821a6643b5be1,True,
A:\_BioGeo\liuxianx\Co_authors\ana\output\MODIS_EU_EVI\2001_2025\EVI_Series_ID_EU_150-X034-Y030_2001_2025.tif,EVI_Series_ID_EU_150-X034-Y030_2001_2025.tif,EVI_Series_ID_EU_150-X034-Y030_2001_2025.tif,2001-2025,2001-01-01..2025-12-19,band-level; see time_index.csv,band-level; see time_index.csv,EU_150-X034-Y030,2001,2025,2001-01-01,2025-12-19,575,Float32,-Infinity,670,679,EPSG:3035,"[4712500.0,250.0,0.0,2408250.0,0.0,-250.0]",250.0,250.0,"[4712500.0,2238500.0,4880000.0,2408250.0]",0.0,0.0,DEFLATE,371890083,-0.152,0.988,0.32865567788422717,0.4501549739130435,575,6e3c1cfc064026514baec0512c4ad3d696aa72a6731b6323ca7821a6643b5be1,True,
A:\_BioGeo\liuxianx\Co_authors\ana\output\MODIS_EU_EVI\2001_2025\EVI_Series_ID_EU_150-X034-Y031_2001_2025.tif,EVI_Series_ID_EU_150-X034-Y031_2001_2025.tif,EVI_Series_ID_EU_150-X034-Y031_2001_2025.tif,2001-2025,2001-01-01..2025-12-19,band-level; see time_index.csv,band-level; see time_index.csv,EU_150-X034-Y031,2001,2025,2001-01-01,2025-12-19,575,Float32,-Infinity,669,678,EPSG:3035,"[4731500.0,250.0,0.0,2259000.0,0.0,-250.0]",250.0,250.0,"[4731500.0,2089500.0,4898750.0,2259000.0]",0.0,0.0,DEFLATE,56132107,-0.12,0.89,0.3097941369167377,0.05627488695652174,575,6e3c1cfc064026514baec0512c4ad3d696aa72a6731b6323ca7821a6643b5be1,True,
A:\_BioGeo\liuxianx\Co_authors\ana\output\MODIS_EU_EVI\2001_2025\EVI_Series_ID_EU_150-X034-Y032_2001_2025.tif,EVI_Series_ID_EU_150-X034-Y032_2001_2025.tif,EVI_Series_ID_EU_150-X034-Y032_2001_2025.tif,2001-2025,2001-01-01..2025-12-19,band-level; see time_index.csv,band-level; see time_index.csv,EU_150-X034-Y032,2001,2025,2001-01-01,2025-12-19,575,Float32,-Infinity,668,678,EPSG:3035,"[4750250.0,250.0,0.0,2109750.0,0.0,-250.0]",250.0,250.0,"[4750250.0,1940250.0,4917250.0,2109750.0]",0.0,0.0,DEFLATE,486571875,-0.125,0.98,0.30247420615191983,0.6069226086956522,575,6e3c1cfc064026514baec0512c4ad3d696aa72a6731b6323ca7821a6643b5be1,True,
A:\_BioGeo\liuxianx\Co_authors\ana\output\MODIS_EU_EVI\2001_2025\EVI_Series_ID_EU_150-X034-Y033_2001_2025.tif,EVI_Series_ID_EU_150-X034-Y033_2001_2025.tif,EVI_Series_ID_EU_150-X034-Y033_2001_2025.tif,2001-2025,2001-01-01..2025-12-19,band-level; see time_index.csv,band-level; see time_index.csv,EU_150-X034-Y033,2001,2025,2001-01-01,2025-12-19,575,Float32,-Infinity,666,678,EPSG:3035,"[4768750.0,250.0,0.0,1960500.0,0.0,-250.0]",250.0,250.0,"[4768750.0,1791000.0,4935250.0,1960500.0]",0.0,0.0,DEFLATE,396291021,-0.133,0.988,0.3636941019104164,0.4795038260869565,575,6e3c1cfc064026514baec0512c4ad3d696aa72a6731b6323ca7821a6643b5be1,True,
A:\_BioGeo\liuxianx\Co_authors\ana\output\MODIS_EU_EVI\2001_2025\EVI_Series_ID_EU_150-X034-Y034_2001_2025.tif,EVI_Series_ID_EU_150-X034-Y034_2001_2025.tif,EVI_Series_ID_EU_150-X034-Y034_2001_2025.tif,2001-2025,2001-01-01..2025-12-19,band-level; see time_index.csv,band-level; see time_index.csv,EU_150-X034-Y034,2001,2025,2001-01-01,2025-12-19,575,Float32,-Infinity,665,678,EPSG:3035,"[4786750.0,250.0,0.0,1811250.0,0.0,-250.0]",250.0,250.0,"[4786750.0,1641750.0,4953000.0,1811250.0]",0.0,0.0,DEFLATE,234857787,-0.093,0.987,0.3730564350773706,0.26488921739130433,575,6e3c1cfc064026514baec0512c4ad3d696aa72a6731b6323ca7821a6643b5be1,True,
A:\_BioGeo\liuxianx\Co_authors\ana\output\MODIS_EU_EVI\2001_2025\EVI_Series_ID_EU_150-X035-Y011_2001_2025.tif,EVI_Series_ID_EU_150-X035-Y011_2001_2025.tif,EVI_Series_ID_EU_150-X035-Y011_2001_2025.tif,2001-2025,2001-01-01..2025-12-19,band-level; see time_index.csv,band-level; see time_index.csv,EU_150-X035-Y011,2001,2025,2001-01-01,2025-12-19,575,Float32,-Infinity,693,680,EPSG:3035,"[4447750.0,250.0,0.0,5249000.0,0.0,-250.0]",250.0,250.0,"[4447750.0,5079000.0,4621000.0,5249000.0]",0.0,0.0,DEFLATE,27765487,-0.197,0.992,0.3099030515020904,0.031737388373033706,575,6e3c1cfc064026514baec0512c4ad3d696aa72a6731b6323ca7821a6643b5be1,True,
A:\_BioGeo\liuxianx\Co_authors\ana\output\MODIS_EU_EVI\2001_2025\EVI_Series_ID_EU_150-X035-Y012_2001_2025.tif,EVI_Series_ID_EU_150-X035-Y012_2001_2025.tif,EVI_Series_ID_EU_150-X035-Y012_2001_2025.tif,2001-2025,2001-01-01..2025-12-19,band-level; see time_index.csv,band-level; see time_index.csv,EU_150-X035-Y012,2001,2025,2001-01-01,2025-12-19,575,Float32,-Infinity,692,680,EPSG:3035,"[4472000.0,250.0,0.0,5101250.0,0.0,-250.0]",250.0,250.0,"[4472000.0,4931250.0,4645000.0,5101250.0]",0.0,0.0,DEFLATE,148210749,-0.2,0.999,0.3025958567658337,0.19063936984901533,575,6e3c1cfc064026514baec0512c4ad3d696aa72a6731b6323ca7821a6643b5be1,True,
A:\_BioGeo\liuxianx\Co_authors\ana\output\MODIS_EU_EVI\2001_2025\EVI_Series_ID_EU_150-X035-Y013_2001_2025.tif,EVI_Series_ID_EU_150-X035-Y013_2001_2025.tif,EVI_Series_ID_EU_150-X035-Y013_2001_2025.tif,2001-2025,2001-01-01..2025-12-19,band-level; see time_index.csv,band-level; see time_index.csv,EU_150-X035-Y013,2001,2025,2001-01-01,2025-12-19,575,Float32,-Infinity,691,680,EPSG:3035,"[4496000.0,250.0,0.0,4953500.0,0.0,-250.0]",250.0,250.0,"[4496000.0,4783500.0,4668750.0,4953500.0]",0.0,0.0,DEFLATE,189292943,-0.2,0.998,0.29908258698031204,0.2537908467230444,575,6e3c1cfc064026514baec0512c4ad3d696aa72a6731b6323ca7821a6643b5be1,True,
A:\_BioGeo\liuxianx\Co_authors\ana\output\MODIS_EU_EVI\2001_2025\EVI_Series_ID_EU_150-X035-Y014_2001_2025.tif,EVI_Series_ID_EU_150-X035-Y014_2001_2025.tif,EVI_Series_ID_EU_150-X035-Y014_2001_2025.tif,2001-2025,2001-01-01..2025-12-19,band-level; see time_index.csv,band-level; see time_index.csv,EU_150-X035-Y014,2001,2025,2001-01-01,2025-12-19,575,Float32,-Infinity,689,679,EPSG:3035,"[4519750.0,250.0,0.0,4805500.0,0.0,-250.0]",250.0,250.0,"[4519750.0,4635750.0,4692000.0,4805500.0]",0.0,0.0,DEFLATE,258231689,-0.2,0.988,0.31374787876127347,0.3646358859917355,575,6e3c1cfc064026514baec0512c4ad3d696aa72a6731b6323ca7821a6643b5be1,True,
A:\_BioGeo\liuxianx\Co_authors\ana\output\MODIS_EU_EVI\2001_2025\EVI_Series_ID_EU_150-X035-Y015_2001_2025.tif,EVI_Series_ID_EU_150-X035-Y015_2001_2025.tif,EVI_Series_ID_EU_150-X035-Y015_2001_2025.tif,2001-2025,2001-01-01..2025-12-19,band-level; see time_index.csv,band-level; see time_index.csv,EU_150-X035-Y015,2001,2025,2001-01-01,2025-12-19,575,Float32,-Infinity,688,679,EPSG:3035,"[4543250.0,250.0,0.0,4657500.0,0.0,-250.0]",250.0,250.0,"[4543250.0,4487750.0,4715250.0,4657500.0]",0.0,0.0,DEFLATE,320396919,-0.199,0.979,0.3250584642203628,0.4318116528046422,575,6e3c1cfc064026514baec0512c4ad3d696aa72a6731b6323ca7821a6643b5be1,True,
A:\_BioGeo\liuxianx\Co_authors\ana\output\MODIS_EU_EVI\2001_2025\EVI_Series_ID_EU_150-X035-Y016_2001_2025.tif,EVI_Series_ID_EU_150-X035-Y016_2001_2025.tif,EVI_Series_ID_EU_150-X035-Y016_2001_2025.tif,2001-2025,2001-01-01..2025-12-19,band-level; see time_index.csv,band-level; see time_index.csv,EU_150-X035-Y016,2001,2025,2001-01-01,2025-12-19,575,Float32,-Infinity,687,679,EPSG:3035,"[4566250.0,250.0,0.0,4509500.0,0.0,-250.0]",250.0,250.0,"[4566250.0,4339750.0,4738000.0,4509500.0]",0.0,0.0,DEFLATE,360733095,-0.199,0.997,0.32884744989848436,0.4653729761948529,575,6e3c1cfc064026514baec0512c4ad3d696aa72a6731b6323ca7821a6643b5be1,True,
A:\_BioGeo\liuxianx\Co_authors\ana\output\MODIS_EU_EVI\2001_2025\EVI_Series_ID_EU_150-X035-Y017_2001_2025.tif,EVI_Series_ID_EU_150-X035-Y017_2001_2025.tif,EVI_Series_ID_EU_150-X035-Y017_2001_2025.tif,2001-2025,2001-01-01..2025-12-19,band-level; see time_index.csv,band-level; see time_index.csv,EU_150-X035-Y017,2001,2025,2001-01-01,2025-12-19,575,Float32,-Infinity,685,679,EPSG:3035,"[4589250.0,250.0,0.0,4361250.0,0.0,-250.0]",250.0,250.0,"[4589250.0,4191500.0,4760500.0,4361250.0]",0.0,0.0,DEFLATE,303957521,-0.197,0.96,0.31832945748718694,0.37681370113438045,575,6e3c1cfc064026514baec0512c4ad3d696aa72a6731b6323ca7821a6643b5be1,True,
A:\_BioGeo\liuxianx\Co_authors\ana\output\MODIS_EU_EVI\2001_2025\EVI_Series_ID_EU_150-X035-Y018_2001_2025.tif,EVI_Series_ID_EU_150-X035-Y018_2001_2025.tif,EVI_Series_ID_EU_150-X035-Y018_2001_2025.tif,2001-2025,2001-01-01..2025-12-19,band-level; see time_index.csv,band-level; see time_index.csv,EU_150-X035-Y018,2001,2025,2001-01-01,2025-12-19,575,Float32,-Infinity,684,679,EPSG:3035,"[4611750.0,250.0,0.0,4213000.0,0.0,-250.0]",250.0,250.0,"[4611750.0,4043250.0,4782750.0,4213000.0]",0.0,0.0,DEFLATE,462865511,-0.198,0.998,0.3174209737448351,0.5560047012173912,575,6e3c1cfc064026514baec0512c4ad3d696aa72a6731b6323ca7821a6643b5be1,True,
A:\_BioGeo\liuxianx\Co_authors\ana\output\MODIS_EU_EVI\2001_2025\EVI_Series_ID_EU_150-X035-Y019_2001_2025.tif,EVI_Series_ID_EU_150-X035-Y019_2001_2025.tif,EVI_Series_ID_EU_150-X035-Y019_2001_2025.tif,2001-2025,2001-01-01..2025-12-19,band-level; see time_index.csv,band-level; see time_index.csv,EU_150-X035-Y019,2001,2025,2001-01-01,2025-12-19,575,Float32,-Infinity,683,679,EPSG:3035,"[4634000.0,250.0,0.0,4064750.0,0.0,-250.0]",250.0,250.0,"[4634000.0,3895000.0,4804750.0,4064750.0]",0.0,0.0,DEFLATE,371436433,-0.189,0.991,0.30241840455703933,0.44299659825479926,575,6e3c1cfc064026514baec0512c4ad3d696aa72a6731b6323ca7821a6643b5be1,True,
A:\_BioGeo\liuxianx\Co_authors\ana\output\MODIS_EU_EVI\2001_2025\EVI_Series_ID_EU_150-X035-Y020_2001_2025.tif,EVI_Series_ID_EU_150-X035-Y020_2001_2025.tif,EVI_Series_ID_EU_150-X035-Y020_2001_2025.tif,2001-2025,2001-01-01..2025-12-19,band-level; see time_index.csv,band-level; see time_index.csv,EU_150-X035-Y020,2001,2025,2001-01-01,2025-12-19,575,Float32,-Infinity,682,679,EPSG:3035,"[4656000.0,250.0,0.0,3916500.0,0.0,-250.0]",250.0,250.0,"[4656000.0,3746750.0,4826500.0,3916500.0]",0.0,0.0,DEFLATE,214693967,-0.143,0.979,0.3226073668662977,0.25124720275261325,575,6e3c1cfc064026514baec0512c4ad3d696aa72a6731b6323ca7821a6643b5be1,True,
A:\_BioGeo\liuxianx\Co_authors\ana\output\MODIS_EU_EVI\2001_2025\EVI_Series_ID_EU_150-X035-Y021_2001_2025.tif,EVI_Series_ID_EU_150-X035-Y021_2001_2025.tif,EVI_Series_ID_EU_150-X035-Y021_2001_2025.tif,2001-2025,2001-01-01..2025-12-19,band-level; see time_index.csv,band-level; see time_index.csv,EU_150-X035-Y021,2001,2025,2001-01-01,2025-12-19,575,Float32,-Infinity,681,679,EPSG:3035,"[4677750.0,250.0,0.0,3768000.0,0.0,-250.0]",250.0,250.0,"[4677750.0,3598250.0,4848000.0,3768000.0]",0.0,0.0,DEFLATE,51025407,-0.113,0.89,0.3347597403833857,0.054786099612676054,575,6e3c1cfc064026514baec0512c4ad3d696aa72a6731b6323ca7821a6643b5be1,True,
A:\_BioGeo\liuxianx\Co_authors\ana\output\MODIS_EU_EVI\2001_2025\EVI_Series_ID_EU_150-X035-Y022_2001_2025.tif,EVI_Series_ID_EU_150-X035-Y022_2001_2025.tif,EVI_Series_ID_EU_150-X035-Y022_2001_2025.tif,2001-2025,2001-01-01..2025-12-19,band-level; see time_index.csv,band-level; see time_index.csv,EU_150-X035-Y022,2001,2025,2001-01-01,2025-12-19,575,Float32,-Infinity,679,679,EPSG:3035,"[4699250.0,250.0,0.0,3619500.0,0.0,-250.0]",250.0,250.0,"[4699250.0,3449750.0,4869000.0,3619500.0]",0.0,0.0,DEFLATE,246495195,-0.144,0.994,0.35527071824063117,0.2898076573913043,575,6e3c1cfc064026514baec0512c4ad3d696aa72a6731b6323ca7821a6643b5be1,True,
A:\_BioGeo\liuxianx\Co_authors\ana\output\MODIS_EU_EVI\2001_2025\EVI_Series_ID_EU_150-X035-Y023_2001_2025.tif,EVI_Series_ID_EU_150-X035-Y023_2001_2025.tif,EVI_Series_ID_EU_150-X035-Y023_2001_2025.tif,2001-2025,2001-01-01..2025-12-19,band-level; see time_index.csv,band-level; see time_index.csv,EU_150-X035-Y023,2001,2025,2001-01-01,2025-12-19,575,Float32,-Infinity,678,678,EPSG:3035,"[4720500.0,250.0,0.0,3470750.0,0.0,-250.0]",250.0,250.0,"[4720500.0,3301250.0,4890000.0,3470750.0]",0.0,0.0,DEFLATE,505594839,-0.129,1.0,0.34243966327919173,0.6241849142857142,575,6e3c1cfc064026514baec0512c4ad3d696aa72a6731b6323ca7821a6643b5be1,True,
A:\_BioGeo\liuxianx\Co_authors\ana\output\MODIS_EU_EVI\2001_2025\EVI_Series_ID_EU_150-X035-Y024_2001_2025.tif,EVI_Series_ID_EU_150-X035-Y024_2001_2025.tif,EVI_Series_ID_EU_150-X035-Y024_2001_2025.tif,2001-2025,2001-01-01..2025-12-19,band-level; see time_index.csv,band-level; see time_index.csv,EU_150-X035-Y024,2001,2025,2001-01-01,2025-12-19,575,Float32,-Infinity,677,679,EPSG:3035,"[4741250.0,250.0,0.0,3322250.0,0.0,-250.0]",250.0,250.0,"[4741250.0,3152500.0,4910500.0,3322250.0]",0.0,0.0,DEFLATE,559454313,-0.194,0.999,0.34210829226430006,0.6745792196864111,575,6e3c1cfc064026514baec0512c4ad3d696aa72a6731b6323ca7821a6643b5be1,True,
A:\_BioGeo\liuxianx\Co_authors\ana\output\MODIS_EU_EVI\2001_2025\EVI_Series_ID_EU_150-X035-Y025_2001_2025.tif,EVI_Series_ID_EU_150-X035-Y025_2001_2025.tif,EVI_Series_ID_EU_150-X035-Y025_2001_2025.tif,2001-2025,2001-01-01..2025-12-19,band-level; see time_index.csv,band-level; see time_index.csv,EU_150-X035-Y025,2001,2025,2001-01-01,2025-12-19,575,Float32,-Infinity,676,678,EPSG:3035,"[4762000.0,250.0,0.0,3173250.0,0.0,-250.0]",250.0,250.0,"[4762000.0,3003750.0,4931000.0,3173250.0]",0.0,0.0,DEFLATE,547289991,-0.141,0.999,0.3506820200395942,0.668893447652174,575,6e3c1cfc064026514baec0512c4ad3d696aa72a6731b6323ca7821a6643b5be1,True,
A:\_BioGeo\liuxianx\Co_authors\ana\output\MODIS_EU_EVI\2001_2025\EVI_Series_ID_EU_150-X035-Y026_2001_2025.tif,EVI_Series_ID_EU_150-X035-Y026_2001_2025.tif,EVI_Series_ID_EU_150-X035-Y026_2001_2025.tif,2001-2025,2001-01-01..2025-12-19,band-level; see time_index.csv,band-level; see time_index.csv,EU_150-X035-Y026,2001,2025,2001-01-01,2025-12-19,575,Float32,-Infinity,675,678,EPSG:3035,"[4782250.0,250.0,0.0,3024500.0,0.0,-250.0]",250.0,250.0,"[4782250.0,2855000.0,4951000.0,3024500.0]",0.0,0.0,DEFLATE,570606507,-0.166,0.998,0.3588592809338282,0.6759009556521739,575,6e3c1cfc064026514baec0512c4ad3d696aa72a6731b6323ca7821a6643b5be1,True,
A:\_BioGeo\liuxianx\Co_authors\ana\output\MODIS_EU_EVI\2001_2025\EVI_Series_ID_EU_150-X035-Y027_2001_2025.tif,EVI_Series_ID_EU_150-X035-Y027_2001_2025.tif,EVI_Series_ID_EU_150-X035-Y027_2001_2025.tif,2001-2025,2001-01-01..2025-12-19,band-level; see time_index.csv,band-level; see time_index.csv,EU_150-X035-Y027,2001,2025,2001-01-01,2025-12-19,575,Float32,-Infinity,674,678,EPSG:3035,"[4802250.0,250.0,0.0,2875500.0,0.0,-250.0]",250.0,250.0,"[4802250.0,2706000.0,4970750.0,2875500.0]",0.0,0.0,DEFLATE,607646685,-0.188,0.998,0.32263058899523295,0.7323350626086957,575,6e3c1cfc064026514baec0512c4ad3d696aa72a6731b6323ca7821a6643b5be1,True,
A:\_BioGeo\liuxianx\Co_authors\ana\output\MODIS_EU_EVI\2001_2025\EVI_Series_ID_EU_150-X035-Y028_2001_2025.tif,EVI_Series_ID_EU_150-X035-Y028_2001_2025.tif,EVI_Series_ID_EU_150-X035-Y028_2001_2025.tif,2001-2025,2001-01-01..2025-12-19,band-level; see time_index.csv,band-level; see time_index.csv,EU_150-X035-Y028,2001,2025,2001-01-01,2025-12-19,575,Float32,-Infinity,672,678,EPSG:3035,"[4822250.0,250.0,0.0,2726500.0,0.0,-250.0]",250.0,250.0,"[4822250.0,2557000.0,4990250.0,2726500.0]",0.0,0.0,DEFLATE,599671295,-0.193,0.999,0.3488772433720019,0.7286384098782609,575,6e3c1cfc064026514baec0512c4ad3d696aa72a6731b6323ca7821a6643b5be1,True,
A:\_BioGeo\liuxianx\Co_authors\ana\output\MODIS_EU_EVI\2001_2025\EVI_Series_ID_EU_150-X035-Y029_2001_2025.tif,EVI_Series_ID_EU_150-X035-Y029_2001_2025.tif,EVI_Series_ID_EU_150-X035-Y029_2001_2025.tif,2001-2025,2001-01-01..2025-12-19,band-level; see time_index.csv,band-level; see time_index.csv,EU_150-X035-Y029,2001,2025,2001-01-01,2025-12-19,575,Float32,-Infinity,671,678,EPSG:3035,"[4841750.0,250.0,0.0,2577500.0,0.0,-250.0]",250.0,250.0,"[4841750.0,2408000.0,5009500.0,2577500.0]",0.0,0.0,DEFLATE,609109265,-0.103,0.988,0.375600214841578,0.7441195826086957,575,6e3c1cfc064026514baec0512c4ad3d696aa72a6731b6323ca7821a6643b5be1,True,
A:\_BioGeo\liuxianx\Co_authors\ana\output\MODIS_EU_EVI\2001_2025\EVI_Series_ID_EU_150-X035-Y030_2001_2025.tif,EVI_Series_ID_EU_150-X035-Y030_2001_2025.tif,EVI_Series_ID_EU_150-X035-Y030_2001_2025.tif,2001-2025,2001-01-01..2025-12-19,band-level; see time_index.csv,band-level; see time_index.csv,EU_150-X035-Y030,2001,2025,2001-01-01,2025-12-19,575,Float32,-Infinity,669,678,EPSG:3035,"[4861000.0,250.0,0.0,2428250.0,0.0,-250.0]",250.0,250.0,"[4861000.0,2258750.0,5028250.0,2428250.0]",0.0,0.0,DEFLATE,541250457,-0.195,0.999,0.3814118135356402,0.6643992608695652,575,6e3c1cfc064026514baec0512c4ad3d696aa72a6731b6323ca7821a6643b5be1,True,
A:\_BioGeo\liuxianx\Co_authors\ana\output\MODIS_EU_EVI\2001_2025\EVI_Series_ID_EU_150-X035-Y031_2001_2025.tif,EVI_Series_ID_EU_150-X035-Y031_2001_2025.tif,EVI_Series_ID_EU_150-X035-Y031_2001_2025.tif,2001-2025,2001-01-01..2025-12-19,band-level; see time_index.csv,band-level; see time_index.csv,EU_150-X035-Y031,2001,2025,2001-01-01,2025-12-19,575,Float32,-Infinity,669,678,EPSG:3035,"[4879750.0,250.0,0.0,2279000.0,0.0,-250.0]",250.0,250.0,"[4879750.0,2109500.0,5047000.0,2279000.0]",0.0,0.0,DEFLATE,219244553,-0.14,1.0,0.3337619222282715,0.257934347826087,575,6e3c1cfc064026514baec0512c4ad3d696aa72a6731b6323ca7821a6643b5be1,True,
A:\_BioGeo\liuxianx\Co_authors\ana\output\MODIS_EU_EVI\2001_2025\EVI_Series_ID_EU_150-X035-Y032_2001_2025.tif,EVI_Series_ID_EU_150-X035-Y032_2001_2025.tif,EVI_Series_ID_EU_150-X035-Y032_2001_2025.tif,2001-2025,2001-01-01..2025-12-19,band-level; see time_index.csv,band-level; see time_index.csv,EU_150-X035-Y032,2001,2025,2001-01-01,2025-12-19,575,Float32,-Infinity,667,678,EPSG:3035,"[4898500.0,250.0,0.0,2129750.0,0.0,-250.0]",250.0,250.0,"[4898500.0,1960250.0,5065250.0,2129750.0]",0.0,0.0,DEFLATE,104868273,-0.085,0.967,0.2927332159337203,0.12075194782608696,575,6e3c1cfc064026514baec0512c4ad3d696aa72a6731b6323ca7821a6643b5be1,True,
A:\_BioGeo\liuxianx\Co_authors\ana\output\MODIS_EU_EVI\2001_2025\EVI_Series_ID_EU_150-X035-Y033_2001_2025.tif,EVI_Series_ID_EU_150-X035-Y033_2001_2025.tif,EVI_Series_ID_EU_150-X035-Y033_2001_2025.tif,2001-2025,2001-01-01..2025-12-19,band-level; see time_index.csv,band-level; see time_index.csv,EU_150-X035-Y033,2001,2025,2001-01-01,2025-12-19,575,Float32,-Infinity,666,677,EPSG:3035,"[4917000.0,250.0,0.0,1980250.0,0.0,-250.0]",250.0,250.0,"[4917000.0,1811000.0,5083500.0,1980250.0]",0.0,0.0,DEFLATE,124370981,-0.097,0.894,0.28075788996136075,0.14770337391304347,575,6e3c1cfc064026514baec0512c4ad3d696aa72a6731b6323ca7821a6643b5be1,True,
A:\_BioGeo\liuxianx\Co_authors\ana\output\MODIS_EU_EVI\2001_2025\EVI_Series_ID_EU_150-X035-Y034_2001_2025.tif,EVI_Series_ID_EU_150-X035-Y034_2001_2025.tif,EVI_Series_ID_EU_150-X035-Y034_2001_2025.tif,2001-2025,2001-01-01..2025-12-19,band-level; see time_index.csv,band-level; see time_index.csv,EU_150-X035-Y034,2001,2025,2001-01-01,2025-12-19,575,Float32,-Infinity,665,678,EPSG:3035,"[4935000.0,250.0,0.0,1831000.0,0.0,-250.0]",250.0,250.0,"[4935000.0,1661500.0,5101250.0,1831000.0]",0.0,0.0,DEFLATE,9687837,-0.08,0.773,0.2724391901218424,0.006148514782608696,575,6e3c1cfc064026514baec0512c4ad3d696aa72a6731b6323ca7821a6643b5be1,True,
A:\_BioGeo\liuxianx\Co_authors\ana\output\MODIS_EU_EVI\2001_2025\EVI_Series_ID_EU_150-X036-Y010_2001_2025.tif,EVI_Series_ID_EU_150-X036-Y010_2001_2025.tif,EVI_Series_ID_EU_150-X036-Y010_2001_2025.tif,2001-2025,2001-01-01..2025-12-19,band-level; see time_index.csv,band-level; see time_index.csv,EU_150-X036-Y010,2001,2025,2001-01-01,2025-12-19,575,Float32,-Infinity,694,679,EPSG:3035,"[4572000.0,250.0,0.0,5418500.0,0.0,-250.0]",250.0,250.0,"[4572000.0,5248750.0,4745500.0,5418500.0]",0.0,0.0,DEFLATE,3565301,-0.183,0.858,0.2363994091809557,0.0004653406172839506,575,6e3c1cfc064026514baec0512c4ad3d696aa72a6731b6323ca7821a6643b5be1,True,
A:\_BioGeo\liuxianx\Co_authors\ana\output\MODIS_EU_EVI\2001_2025\EVI_Series_ID_EU_150-X036-Y011_2001_2025.tif,EVI_Series_ID_EU_150-X036-Y011_2001_2025.tif,EVI_Series_ID_EU_150-X036-Y011_2001_2025.tif,2001-2025,2001-01-01..2025-12-19,band-level; see time_index.csv,band-level; see time_index.csv,EU_150-X036-Y011,2001,2025,2001-01-01,2025-12-19,575,Float32,-Infinity,693,679,EPSG:3035,"[4596500.0,250.0,0.0,5270750.0,0.0,-250.0]",250.0,250.0,"[4596500.0,5101000.0,4769750.0,5270750.0]",0.0,0.0,DEFLATE,146741619,-0.2,1.0,0.3020915448369818,0.2077783501113586,575,6e3c1cfc064026514baec0512c4ad3d696aa72a6731b6323ca7821a6643b5be1,True,
A:\_BioGeo\liuxianx\Co_authors\ana\output\MODIS_EU_EVI\2001_2025\EVI_Series_ID_EU_150-X036-Y012_2001_2025.tif,EVI_Series_ID_EU_150-X036-Y012_2001_2025.tif,EVI_Series_ID_EU_150-X036-Y012_2001_2025.tif,2001-2025,2001-01-01..2025-12-19,band-level; see time_index.csv,band-level; see time_index.csv,EU_150-X036-Y012,2001,2025,2001-01-01,2025-12-19,575,Float32,-Infinity,692,679,EPSG:3035,"[4620750.0,250.0,0.0,5123000.0,0.0,-250.0]",250.0,250.0,"[4620750.0,4953250.0,4793750.0,5123000.0]",0.0,0.0,DEFLATE,208126331,-0.2,0.999,0.29019909100974345,0.30383335748552337,575,6e3c1cfc064026514baec0512c4ad3d696aa72a6731b6323ca7821a6643b5be1,True,
A:\_BioGeo\liuxianx\Co_authors\ana\output\MODIS_EU_EVI\2001_2025\EVI_Series_ID_EU_150-X036-Y013_2001_2025.tif,EVI_Series_ID_EU_150-X036-Y013_2001_2025.tif,EVI_Series_ID_EU_150-X036-Y013_2001_2025.tif,2001-2025,2001-01-01..2025-12-19,band-level; see time_index.csv,band-level; see time_index.csv,EU_150-X036-Y013,2001,2025,2001-01-01,2025-12-19,575,Float32,-Infinity,690,679,EPSG:3035,"[4644750.0,250.0,0.0,4975000.0,0.0,-250.0]",250.0,250.0,"[4644750.0,4805250.0,4817250.0,4975000.0]",0.0,0.0,DEFLATE,262932735,-0.199,0.937,0.2858839645038809,0.3906661450431035,575,6e3c1cfc064026514baec0512c4ad3d696aa72a6731b6323ca7821a6643b5be1,True,
A:\_BioGeo\liuxianx\Co_authors\ana\output\MODIS_EU_EVI\2001_2025\EVI_Series_ID_EU_150-X036-Y014_2001_2025.tif,EVI_Series_ID_EU_150-X036-Y014_2001_2025.tif,EVI_Series_ID_EU_150-X036-Y014_2001_2025.tif,2001-2025,2001-01-01..2025-12-19,band-level; see time_index.csv,band-level; see time_index.csv,EU_150-X036-Y014,2001,2025,2001-01-01,2025-12-19,575,Float32,-Infinity,689,679,EPSG:3035,"[4668500.0,250.0,0.0,4827000.0,0.0,-250.0]",250.0,250.0,"[4668500.0,4657250.0,4840750.0,4827000.0]",0.0,0.0,DEFLATE,304013739,-0.199,0.93,0.30106721993461305,0.440542266386037,575,6e3c1cfc064026514baec0512c4ad3d696aa72a6731b6323ca7821a6643b5be1,True,
A:\_BioGeo\liuxianx\Co_authors\ana\output\MODIS_EU_EVI\2001_2025\EVI_Series_ID_EU_150-X036-Y015_2001_2025.tif,EVI_Series_ID_EU_150-X036-Y015_2001_2025.tif,EVI_Series_ID_EU_150-X036-Y015_2001_2025.tif,2001-2025,2001-01-01..2025-12-19,band-level; see time_index.csv,band-level; see time_index.csv,EU_150-X036-Y015,2001,2025,2001-01-01,2025-12-19,575,Float32,-Infinity,688,679,EPSG:3035,"[4691750.0,250.0,0.0,4679000.0,0.0,-250.0]",250.0,250.0,"[4691750.0,4509250.0,4863750.0,4679000.0]",0.0,0.0,DEFLATE,318997601,-0.198,0.975,0.325010107711363,0.44302142658102767,575,6e3c1cfc064026514baec0512c4ad3d696aa72a6731b6323ca7821a6643b5be1,True,
A:\_BioGeo\liuxianx\Co_authors\ana\output\MODIS_EU_EVI\2001_2025\EVI_Series_ID_EU_150-X036-Y016_2001_2025.tif,EVI_Series_ID_EU_150-X036-Y016_2001_2025.tif,EVI_Series_ID_EU_150-X036-Y016_2001_2025.tif,2001-2025,2001-01-01..2025-12-19,band-level; see time_index.csv,band-level; see time_index.csv,EU_150-X036-Y016,2001,2025,2001-01-01,2025-12-19,575,Float32,-Infinity,686,680,EPSG:3035,"[4715000.0,250.0,0.0,4531000.0,0.0,-250.0]",250.0,250.0,"[4715000.0,4361000.0,4886500.0,4531000.0]",0.0,0.0,DEFLATE,65375327,-0.186,0.976,0.3186488248179575,0.07910085647509578,575,6e3c1cfc064026514baec0512c4ad3d696aa72a6731b6323ca7821a6643b5be1,True,
A:\_BioGeo\liuxianx\Co_authors\ana\output\MODIS_EU_EVI\2001_2025\EVI_Series_ID_EU_150-X036-Y018_2001_2025.tif,EVI_Series_ID_EU_150-X036-Y018_2001_2025.tif,EVI_Series_ID_EU_150-X036-Y018_2001_2025.tif,2001-2025,2001-01-01..2025-12-19,band-level; see time_index.csv,band-level; see time_index.csv,EU_150-X036-Y018,2001,2025,2001-01-01,2025-12-19,575,Float32,-Infinity,684,679,EPSG:3035,"[4760250.0,250.0,0.0,4234250.0,0.0,-250.0]",250.0,250.0,"[4760250.0,4064500.0,4931250.0,4234250.0]",0.0,0.0,DEFLATE,128560961,-0.194,0.892,0.3068304249492866,0.1431715472027972,575,6e3c1cfc064026514baec0512c4ad3d696aa72a6731b6323ca7821a6643b5be1,True,
A:\_BioGeo\liuxianx\Co_authors\ana\output\MODIS_EU_EVI\2001_2025\EVI_Series_ID_EU_150-X036-Y019_2001_2025.tif,EVI_Series_ID_EU_150-X036-Y019_2001_2025.tif,EVI_Series_ID_EU_150-X036-Y019_2001_2025.tif,2001-2025,2001-01-01..2025-12-19,band-level; see time_index.csv,band-level; see time_index.csv,EU_150-X036-Y019,2001,2025,2001-01-01,2025-12-19,575,Float32,-Infinity,683,679,EPSG:3035,"[4782500.0,250.0,0.0,4086000.0,0.0,-250.0]",250.0,250.0,"[4782500.0,3916250.0,4953250.0,4086000.0]",0.0,0.0,DEFLATE,30541329,-0.124,0.857,0.24410855734848064,0.0315205985915493,575,6e3c1cfc064026514baec0512c4ad3d696aa72a6731b6323ca7821a6643b5be1,True,
A:\_BioGeo\liuxianx\Co_authors\ana\output\MODIS_EU_EVI\2001_2025\EVI_Series_ID_EU_150-X036-Y020_2001_2025.tif,EVI_Series_ID_EU_150-X036-Y020_2001_2025.tif,EVI_Series_ID_EU_150-X036-Y020_2001_2025.tif,2001-2025,2001-01-01..2025-12-19,band-level; see time_index.csv,band-level; see time_index.csv,EU_150-X036-Y020,2001,2025,2001-01-01,2025-12-19,575,Float32,-Infinity,682,679,EPSG:3035,"[4804500.0,250.0,0.0,3937500.0,0.0,-250.0]",250.0,250.0,"[4804500.0,3767750.0,4975000.0,3937500.0]",0.0,0.0,DEFLATE,75377825,-0.126,0.955,0.3267434845015152,0.08096707153169014,575,6e3c1cfc064026514baec0512c4ad3d696aa72a6731b6323ca7821a6643b5be1,True,
A:\_BioGeo\liuxianx\Co_authors\ana\output\MODIS_EU_EVI\2001_2025\EVI_Series_ID_EU_150-X036-Y022_2001_2025.tif,EVI_Series_ID_EU_150-X036-Y022_2001_2025.tif,EVI_Series_ID_EU_150-X036-Y022_2001_2025.tif,2001-2025,2001-01-01..2025-12-19,band-level; see time_index.csv,band-level; see time_index.csv,EU_150-X036-Y022,2001,2025,2001-01-01,2025-12-19,575,Float32,-Infinity,679,679,EPSG:3035,"[4847750.0,250.0,0.0,3640250.0,0.0,-250.0]",250.0,250.0,"[4847750.0,3470500.0,5017500.0,3640250.0]",0.0,0.0,DEFLATE,211972907,-0.166,0.997,0.37018357792078704,0.2388818601045296,575,6e3c1cfc064026514baec0512c4ad3d696aa72a6731b6323ca7821a6643b5be1,True,
A:\_BioGeo\liuxianx\Co_authors\ana\output\MODIS_EU_EVI\2001_2025\EVI_Series_ID_EU_150-X036-Y023_2001_2025.tif,EVI_Series_ID_EU_150-X036-Y023_2001_2025.tif,EVI_Series_ID_EU_150-X036-Y023_2001_2025.tif,2001-2025,2001-01-01..2025-12-19,band-level; see time_index.csv,band-level; see time_index.csv,EU_150-X036-Y023,2001,2025,2001-01-01,2025-12-19,575,Float32,-Infinity,678,678,EPSG:3035,"[4868750.0,250.0,0.0,3491500.0,0.0,-250.0]",250.0,250.0,"[4868750.0,3322000.0,5038250.0,3491500.0]",0.0,0.0,DEFLATE,503705897,-0.199,0.998,0.3556357844599432,0.6169772806457243,575,6e3c1cfc064026514baec0512c4ad3d696aa72a6731b6323ca7821a6643b5be1,True,
A:\_BioGeo\liuxianx\Co_authors\ana\output\MODIS_EU_EVI\2001_2025\EVI_Series_ID_EU_150-X036-Y024_2001_2025.tif,EVI_Series_ID_EU_150-X036-Y024_2001_2025.tif,EVI_Series_ID_EU_150-X036-Y024_2001_2025.tif,2001-2025,2001-01-01..2025-12-19,band-level; see time_index.csv,band-level; see time_index.csv,EU_150-X036-Y024,2001,2025,2001-01-01,2025-12-19,575,Float32,-Infinity,677,679,EPSG:3035,"[4889750.0,250.0,0.0,3342750.0,0.0,-250.0]",250.0,250.0,"[4889750.0,3173000.0,5059000.0,3342750.0]",0.0,0.0,DEFLATE,533705855,-0.165,0.995,0.33610807062913334,0.6575811027874564,575,6e3c1cfc064026514baec0512c4ad3d696aa72a6731b6323ca7821a6643b5be1,True,
A:\_BioGeo\liuxianx\Co_authors\ana\output\MODIS_EU_EVI\2001_2025\EVI_Series_ID_EU_150-X036-Y025_2001_2025.tif,EVI_Series_ID_EU_150-X036-Y025_2001_2025.tif,EVI_Series_ID_EU_150-X036-Y025_2001_2025.tif,2001-2025,2001-01-01..2025-12-19,band-level; see time_index.csv,band-level; see time_index.csv,EU_150-X036-Y025,2001,2025,2001-01-01,2025-12-19,575,Float32,-Infinity,676,678,EPSG:3035,"[4910250.0,250.0,0.0,3193750.0,0.0,-250.0]",250.0,250.0,"[4910250.0,3024250.0,5079250.0,3193750.0]",0.0,0.0,DEFLATE,516998467,-0.178,0.999,0.3307166367306792,0.6657686987740806,575,6e3c1cfc064026514baec0512c4ad3d696aa72a6731b6323ca7821a6643b5be1,True,
A:\_BioGeo\liuxianx\Co_authors\ana\output\MODIS_EU_EVI\2001_2025\EVI_Series_ID_EU_150-X036-Y026_2001_2025.tif,EVI_Series_ID_EU_150-X036-Y026_2001_2025.tif,EVI_Series_ID_EU_150-X036-Y026_2001_2025.tif,2001-2025,2001-01-01..2025-12-19,band-level; see time_index.csv,band-level; see time_index.csv,EU_150-X036-Y026,2001,2025,2001-01-01,2025-12-19,575,Float32,-Infinity,674,679,EPSG:3035,"[4930750.0,250.0,0.0,3045000.0,0.0,-250.0]",250.0,250.0,"[4930750.0,2875250.0,5099250.0,3045000.0]",0.0,0.0,DEFLATE,515818049,-0.195,0.998,0.3691558710326776,0.6264148556521739,575,6e3c1cfc064026514baec0512c4ad3d696aa72a6731b6323ca7821a6643b5be1,True,
A:\_BioGeo\liuxianx\Co_authors\ana\output\MODIS_EU_EVI\2001_2025\EVI_Series_ID_EU_150-X036-Y027_2001_2025.tif,EVI_Series_ID_EU_150-X036-Y027_2001_2025.tif,EVI_Series_ID_EU_150-X036-Y027_2001_2025.tif,2001-2025,2001-01-01..2025-12-19,band-level; see time_index.csv,band-level; see time_index.csv,EU_150-X036-Y027,2001,2025,2001-01-01,2025-12-19,575,Float32,-Infinity,673,679,EPSG:3035,"[4950750.0,250.0,0.0,2896000.0,0.0,-250.0]",250.0,250.0,"[4950750.0,2726250.0,5119000.0,2896000.0]",0.0,0.0,DEFLATE,603415513,-0.138,0.998,0.3444854377281443,0.7280170782608696,575,6e3c1cfc064026514baec0512c4ad3d696aa72a6731b6323ca7821a6643b5be1,True,
A:\_BioGeo\liuxianx\Co_authors\ana\output\MODIS_EU_EVI\2001_2025\EVI_Series_ID_EU_150-X036-Y028_2001_2025.tif,EVI_Series_ID_EU_150-X036-Y028_2001_2025.tif,EVI_Series_ID_EU_150-X036-Y028_2001_2025.tif,2001-2025,2001-01-01..2025-12-19,band-level; see time_index.csv,band-level; see time_index.csv,EU_150-X036-Y028,2001,2025,2001-01-01,2025-12-19,575,Float32,-Infinity,672,678,EPSG:3035,"[4970500.0,250.0,0.0,2746750.0,0.0,-250.0]",250.0,250.0,"[4970500.0,2577250.0,5138500.0,2746750.0]",0.0,0.0,DEFLATE,609858531,-0.109,0.994,0.2996457704077173,0.7541263376439791,575,6e3c1cfc064026514baec0512c4ad3d696aa72a6731b6323ca7821a6643b5be1,True,
A:\_BioGeo\liuxianx\Co_authors\ana\output\MODIS_EU_EVI\2001_2025\EVI_Series_ID_EU_150-X036-Y029_2001_2025.tif,EVI_Series_ID_EU_150-X036-Y029_2001_2025.tif,EVI_Series_ID_EU_150-X036-Y029_2001_2025.tif,2001-2025,2001-01-01..2025-12-19,band-level; see time_index.csv,band-level; see time_index.csv,EU_150-X036-Y029,2001,2025,2001-01-01,2025-12-19,575,Float32,-Infinity,670,678,EPSG:3035,"[4990000.0,250.0,0.0,2597500.0,0.0,-250.0]",250.0,250.0,"[4990000.0,2428000.0,5157500.0,2597500.0]",0.0,0.0,DEFLATE,603305523,-0.099,0.993,0.2994145034548994,0.7515144954782609,575,6e3c1cfc064026514baec0512c4ad3d696aa72a6731b6323ca7821a6643b5be1,True,
A:\_BioGeo\liuxianx\Co_authors\ana\output\MODIS_EU_EVI\2001_2025\EVI_Series_ID_EU_150-X036-Y030_2001_2025.tif,EVI_Series_ID_EU_150-X036-Y030_2001_2025.tif,EVI_Series_ID_EU_150-X036-Y030_2001_2025.tif,2001-2025,2001-01-01..2025-12-19,band-level; see time_index.csv,band-level; see time_index.csv,EU_150-X036-Y030,2001,2025,2001-01-01,2025-12-19,575,Float32,-Infinity,669,678,EPSG:3035,"[5009250.0,250.0,0.0,2448250.0,0.0,-250.0]",250.0,250.0,"[5009250.0,2278750.0,5176500.0,2448250.0]",0.0,0.0,DEFLATE,548908291,-0.197,0.999,0.39023254791549167,0.6879497207317073,575,6e3c1cfc064026514baec0512c4ad3d696aa72a6731b6323ca7821a6643b5be1,True,
A:\_BioGeo\liuxianx\Co_authors\ana\output\MODIS_EU_EVI\2001_2025\EVI_Series_ID_EU_150-X036-Y031_2001_2025.tif,EVI_Series_ID_EU_150-X036-Y031_2001_2025.tif,EVI_Series_ID_EU_150-X036-Y031_2001_2025.tif,2001-2025,2001-01-01..2025-12-19,band-level; see time_index.csv,band-level; see time_index.csv,EU_150-X036-Y031,2001,2025,2001-01-01,2025-12-19,575,Float32,-Infinity,669,678,EPSG:3035,"[5028000.0,250.0,0.0,2299000.0,0.0,-250.0]",250.0,250.0,"[5028000.0,2129500.0,5195250.0,2299000.0]",0.0,0.0,DEFLATE,516554759,-0.198,0.999,0.3639388739311424,0.6157893565217392,575,6e3c1cfc064026514baec0512c4ad3d696aa72a6731b6323ca7821a6643b5be1,True,
A:\_BioGeo\liuxianx\Co_authors\ana\output\MODIS_EU_EVI\2001_2025\EVI_Series_ID_EU_150-X036-Y032_2001_2025.tif,EVI_Series_ID_EU_150-X036-Y032_2001_2025.tif,EVI_Series_ID_EU_150-X036-Y032_2001_2025.tif,2001-2025,2001-01-01..2025-12-19,band-level; see time_index.csv,band-level; see time_index.csv,EU_150-X036-Y032,2001,2025,2001-01-01,2025-12-19,575,Float32,-Infinity,667,678,EPSG:3035,"[5046750.0,250.0,0.0,2149500.0,0.0,-250.0]",250.0,250.0,"[5046750.0,1980000.0,5213500.0,2149500.0]",0.0,0.0,DEFLATE,379948255,-0.193,0.988,0.33206927392093816,0.4499641739130435,575,6e3c1cfc064026514baec0512c4ad3d696aa72a6731b6323ca7821a6643b5be1,True,
A:\_BioGeo\liuxianx\Co_authors\ana\output\MODIS_EU_EVI\2001_2025\EVI_Series_ID_EU_150-X036-Y033_2001_2025.tif,EVI_Series_ID_EU_150-X036-Y033_2001_2025.tif,EVI_Series_ID_EU_150-X036-Y033_2001_2025.tif,2001-2025,2001-01-01..2025-12-19,band-level; see time_index.csv,band-level; see time_index.csv,EU_150-X036-Y033,2001,2025,2001-01-01,2025-12-19,575,Float32,-Infinity,666,677,EPSG:3035,"[5065000.0,250.0,0.0,2000000.0,0.0,-250.0]",250.0,250.0,"[5065000.0,1830750.0,5231500.0,2000000.0]",0.0,0.0,DEFLATE,254502809,-0.177,0.999,0.3361440477332694,0.29001739130434784,575,6e3c1cfc064026514baec0512c4ad3d696aa72a6731b6323ca7821a6643b5be1,True,
A:\_BioGeo\liuxianx\Co_authors\ana\output\MODIS_EU_EVI\2001_2025\EVI_Series_ID_EU_150-X036-Y034_2001_2025.tif,EVI_Series_ID_EU_150-X036-Y034_2001_2025.tif,EVI_Series_ID_EU_150-X036-Y034_2001_2025.tif,2001-2025,2001-01-01..2025-12-19,band-level; see time_index.csv,band-level; see time_index.csv,EU_150-X036-Y034,2001,2025,2001-01-01,2025-12-19,575,Float32,-Infinity,664,678,EPSG:3035,"[5083250.0,250.0,0.0,1850500.0,0.0,-250.0]",250.0,250.0,"[5083250.0,1681000.0,5249250.0,1850500.0]",0.0,0.0,DEFLATE,10818377,-0.043,0.976,0.3102406634483737,0.0072635513043478265,575,6e3c1cfc064026514baec0512c4ad3d696aa72a6731b6323ca7821a6643b5be1,True,
A:\_BioGeo\liuxianx\Co_authors\ana\output\MODIS_EU_EVI\2001_2025\EVI_Series_ID_EU_150-X037-Y010_2001_2025.tif,EVI_Series_ID_EU_150-X037-Y010_2001_2025.tif,EVI_Series_ID_EU_150-X037-Y010_2001_2025.tif,2001-2025,2001-01-01..2025-12-19,band-level; see time_index.csv,band-level; see time_index.csv,EU_150-X037-Y010,2001,2025,2001-01-01,2025-12-19,575,Float32,-Infinity,693,680,EPSG:3035,"[4720750.0,250.0,0.0,5440500.0,0.0,-250.0]",250.0,250.0,"[4720750.0,5270500.0,4894000.0,5440500.0]",0.0,0.0,DEFLATE,64835809,-0.199,0.998,0.2602163045242977,0.08854557295612009,575,6e3c1cfc064026514baec0512c4ad3d696aa72a6731b6323ca7821a6643b5be1,True,
A:\_BioGeo\liuxianx\Co_authors\ana\output\MODIS_EU_EVI\2001_2025\EVI_Series_ID_EU_150-X037-Y011_2001_2025.tif,EVI_Series_ID_EU_150-X037-Y011_2001_2025.tif,EVI_Series_ID_EU_150-X037-Y011_2001_2025.tif,2001-2025,2001-01-01..2025-12-19,band-level; see time_index.csv,band-level; see time_index.csv,EU_150-X037-Y011,2001,2025,2001-01-01,2025-12-19,575,Float32,-Infinity,692,680,EPSG:3035,"[4745250.0,250.0,0.0,5292750.0,0.0,-250.0]",250.0,250.0,"[4745250.0,5122750.0,4918250.0,5292750.0]",0.0,0.0,DEFLATE,204408561,-0.2,0.998,0.2844695251819918,0.31218852683146064,575,6e3c1cfc064026514baec0512c4ad3d696aa72a6731b6323ca7821a6643b5be1,True,
A:\_BioGeo\liuxianx\Co_authors\ana\output\MODIS_EU_EVI\2001_2025\EVI_Series_ID_EU_150-X037-Y012_2001_2025.tif,EVI_Series_ID_EU_150-X037-Y012_2001_2025.tif,EVI_Series_ID_EU_150-X037-Y012_2001_2025.tif,2001-2025,2001-01-01..2025-12-19,band-level; see time_index.csv,band-level; see time_index.csv,EU_150-X037-Y012,2001,2025,2001-01-01,2025-12-19,575,Float32,-Infinity,691,680,EPSG:3035,"[4769500.0,250.0,0.0,5144750.0,0.0,-250.0]",250.0,250.0,"[4769500.0,4974750.0,4942250.0,5144750.0]",0.0,0.0,DEFLATE,262714467,-0.2,0.972,0.3053508506063816,0.4991383685444744,575,6e3c1cfc064026514baec0512c4ad3d696aa72a6731b6323ca7821a6643b5be1,True,
A:\_BioGeo\liuxianx\Co_authors\ana\output\MODIS_EU_EVI\2001_2025\EVI_Series_ID_EU_150-X037-Y013_2001_2025.tif,EVI_Series_ID_EU_150-X037-Y013_2001_2025.tif,EVI_Series_ID_EU_150-X037-Y013_2001_2025.tif,2001-2025,2001-01-01..2025-12-19,band-level; see time_index.csv,band-level; see time_index.csv,EU_150-X037-Y013,2001,2025,2001-01-01,2025-12-19,575,Float32,-Infinity,689,680,EPSG:3035,"[4793500.0,250.0,0.0,4996750.0,0.0,-250.0]",250.0,250.0,"[4793500.0,4826750.0,4965750.0,4996750.0]",0.0,0.0,DEFLATE,295158309,-0.199,0.963,0.3201572117296656,0.4515292298051948,575,6e3c1cfc064026514baec0512c4ad3d696aa72a6731b6323ca7821a6643b5be1,True,
A:\_BioGeo\liuxianx\Co_authors\ana\output\MODIS_EU_EVI\2001_2025\EVI_Series_ID_EU_150-X037-Y014_2001_2025.tif,EVI_Series_ID_EU_150-X037-Y014_2001_2025.tif,EVI_Series_ID_EU_150-X037-Y014_2001_2025.tif,2001-2025,2001-01-01..2025-12-19,band-level; see time_index.csv,band-level; see time_index.csv,EU_150-X037-Y014,2001,2025,2001-01-01,2025-12-19,575,Float32,-Infinity,689,679,EPSG:3035,"[4817000.0,250.0,0.0,4848500.0,0.0,-250.0]",250.0,250.0,"[4817000.0,4678750.0,4989250.0,4848500.0]",0.0,0.0,DEFLATE,163649663,-0.197,0.947,0.3224332706940019,0.2305772978467909,575,6e3c1cfc064026514baec0512c4ad3d696aa72a6731b6323ca7821a6643b5be1,True,
A:\_BioGeo\liuxianx\Co_authors\ana\output\MODIS_EU_EVI\2001_2025\EVI_Series_ID_EU_150-X037-Y015_2001_2025.tif,EVI_Series_ID_EU_150-X037-Y015_2001_2025.tif,EVI_Series_ID_EU_150-X037-Y015_2001_2025.tif,2001-2025,2001-01-01..2025-12-19,band-level; see time_index.csv,band-level; see time_index.csv,EU_150-X037-Y015,2001,2025,2001-01-01,2025-12-19,575,Float32,-Infinity,687,679,EPSG:3035,"[4840500.0,250.0,0.0,4700500.0,0.0,-250.0]",250.0,250.0,"[4840500.0,4530750.0,5012250.0,4700500.0]",0.0,0.0,DEFLATE,109856095,-0.197,0.953,0.3307781554512126,0.13538099117647057,575,6e3c1cfc064026514baec0512c4ad3d696aa72a6731b6323ca7821a6643b5be1,True,
A:\_BioGeo\liuxianx\Co_authors\ana\output\MODIS_EU_EVI\2001_2025\EVI_Series_ID_EU_150-X037-Y016_2001_2025.tif,EVI_Series_ID_EU_150-X037-Y016_2001_2025.tif,EVI_Series_ID_EU_150-X037-Y016_2001_2025.tif,2001-2025,2001-01-01..2025-12-19,band-level; see time_index.csv,band-level; see time_index.csv,EU_150-X037-Y016,2001,2025,2001-01-01,2025-12-19,575,Float32,-Infinity,686,679,EPSG:3035,"[4863500.0,250.0,0.0,4552250.0,0.0,-250.0]",250.0,250.0,"[4863500.0,4382500.0,5035000.0,4552250.0]",0.0,0.0,DEFLATE,330516573,-0.2,0.998,0.33295341956234803,0.41778502277264323,575,6e3c1cfc064026514baec0512c4ad3d696aa72a6731b6323ca7821a6643b5be1,True,
A:\_BioGeo\liuxianx\Co_authors\ana\output\MODIS_EU_EVI\2001_2025\EVI_Series_ID_EU_150-X037-Y017_2001_2025.tif,EVI_Series_ID_EU_150-X037-Y017_2001_2025.tif,EVI_Series_ID_EU_150-X037-Y017_2001_2025.tif,2001-2025,2001-01-01..2025-12-19,band-level; see time_index.csv,band-level; see time_index.csv,EU_150-X037-Y017,2001,2025,2001-01-01,2025-12-19,575,Float32,-Infinity,685,679,EPSG:3035,"[4886250.0,250.0,0.0,4403750.0,0.0,-250.0]",250.0,250.0,"[4886250.0,4234000.0,5057500.0,4403750.0]",0.0,0.0,DEFLATE,333227295,-0.199,0.979,0.3153922738018986,0.4001831431064572,575,6e3c1cfc064026514baec0512c4ad3d696aa72a6731b6323ca7821a6643b5be1,True,
A:\_BioGeo\liuxianx\Co_authors\ana\output\MODIS_EU_EVI\2001_2025\EVI_Series_ID_EU_150-X037-Y018_2001_2025.tif,EVI_Series_ID_EU_150-X037-Y018_2001_2025.tif,EVI_Series_ID_EU_150-X037-Y018_2001_2025.tif,2001-2025,2001-01-01..2025-12-19,band-level; see time_index.csv,band-level; see time_index.csv,EU_150-X037-Y018,2001,2025,2001-01-01,2025-12-19,575,Float32,-Infinity,684,679,EPSG:3035,"[4908750.0,250.0,0.0,4255500.0,0.0,-250.0]",250.0,250.0,"[4908750.0,4085750.0,5079750.0,4255500.0]",0.0,0.0,DEFLATE,182881779,-0.199,0.997,0.28833427888689983,0.21012437909407666,575,6e3c1cfc064026514baec0512c4ad3d696aa72a6731b6323ca7821a6643b5be1,True,
A:\_BioGeo\liuxianx\Co_authors\ana\output\MODIS_EU_EVI\2001_2025\EVI_Series_ID_EU_150-X037-Y019_2001_2025.tif,EVI_Series_ID_EU_150-X037-Y019_2001_2025.tif,EVI_Series_ID_EU_150-X037-Y019_2001_2025.tif,2001-2025,2001-01-01..2025-12-19,band-level; see time_index.csv,band-level; see time_index.csv,EU_150-X037-Y019,2001,2025,2001-01-01,2025-12-19,575,Float32,-Infinity,683,679,EPSG:3035,"[4931000.0,250.0,0.0,4107000.0,0.0,-250.0]",250.0,250.0,"[4931000.0,3937250.0,5101750.0,4107000.0]",0.0,0.0,DEFLATE,96519957,-0.192,0.974,0.3424188410817952,0.10448274421052632,575,6e3c1cfc064026514baec0512c4ad3d696aa72a6731b6323ca7821a6643b5be1,True,
A:\_BioGeo\liuxianx\Co_authors\ana\output\MODIS_EU_EVI\2001_2025\EVI_Series_ID_EU_150-X037-Y020_2001_2025.tif,EVI_Series_ID_EU_150-X037-Y020_2001_2025.tif,EVI_Series_ID_EU_150-X037-Y020_2001_2025.tif,2001-2025,2001-01-01..2025-12-19,band-level; see time_index.csv,band-level; see time_index.csv,EU_150-X037-Y020,2001,2025,2001-01-01,2025-12-19,575,Float32,-Infinity,681,678,EPSG:3035,"[4953000.0,250.0,0.0,3958250.0,0.0,-250.0]",250.0,250.0,"[4953000.0,3788750.0,5123250.0,3958250.0]",0.0,0.0,DEFLATE,231218415,-0.177,0.992,0.3553613953611324,0.2722861479930192,575,6e3c1cfc064026514baec0512c4ad3d696aa72a6731b6323ca7821a6643b5be1,True,
A:\_BioGeo\liuxianx\Co_authors\ana\output\MODIS_EU_EVI\2001_2025\EVI_Series_ID_EU_150-X037-Y021_2001_2025.tif,EVI_Series_ID_EU_150-X037-Y021_2001_2025.tif,EVI_Series_ID_EU_150-X037-Y021_2001_2025.tif,2001-2025,2001-01-01..2025-12-19,band-level; see time_index.csv,band-level; see time_index.csv,EU_150-X037-Y021,2001,2025,2001-01-01,2025-12-19,575,Float32,-Infinity,680,679,EPSG:3035,"[4974750.0,250.0,0.0,3809750.0,0.0,-250.0]",250.0,250.0,"[4974750.0,3640000.0,5144750.0,3809750.0]",0.0,0.0,DEFLATE,425674215,-0.197,0.998,0.3784885172639275,0.5043239019130435,575,6e3c1cfc064026514baec0512c4ad3d696aa72a6731b6323ca7821a6643b5be1,True,
A:\_BioGeo\liuxianx\Co_authors\ana\output\MODIS_EU_EVI\2001_2025\EVI_Series_ID_EU_150-X037-Y022_2001_2025.tif,EVI_Series_ID_EU_150-X037-Y022_2001_2025.tif,EVI_Series_ID_EU_150-X037-Y022_2001_2025.tif,2001-2025,2001-01-01..2025-12-19,band-level; see time_index.csv,band-level; see time_index.csv,EU_150-X037-Y022,2001,2025,2001-01-01,2025-12-19,575,Float32,-Infinity,679,679,EPSG:3035,"[4996000.0,250.0,0.0,3661000.0,0.0,-250.0]",250.0,250.0,"[4996000.0,3491250.0,5165750.0,3661000.0]",0.0,0.0,DEFLATE,470614503,-0.19,0.999,0.38034247757336204,0.5623052442508711,575,6e3c1cfc064026514baec0512c4ad3d696aa72a6731b6323ca7821a6643b5be1,True,
A:\_BioGeo\liuxianx\Co_authors\ana\output\MODIS_EU_EVI\2001_2025\EVI_Series_ID_EU_150-X037-Y023_2001_2025.tif,EVI_Series_ID_EU_150-X037-Y023_2001_2025.tif,EVI_Series_ID_EU_150-X037-Y023_2001_2025.tif,2001-2025,2001-01-01..2025-12-19,band-level; see time_index.csv,band-level; see time_index.csv,EU_150-X037-Y023,2001,2025,2001-01-01,2025-12-19,575,Float32,-Infinity,677,678,EPSG:3035,"[5017250.0,250.0,0.0,3512000.0,0.0,-250.0]",250.0,250.0,"[5017250.0,3342500.0,5186500.0,3512000.0]",0.0,0.0,DEFLATE,504265829,-0.177,0.998,0.36925706758765436,0.6082235640034965,575,6e3c1cfc064026514baec0512c4ad3d696aa72a6731b6323ca7821a6643b5be1,True,
A:\_BioGeo\liuxianx\Co_authors\ana\output\MODIS_EU_EVI\2001_2025\EVI_Series_ID_EU_150-X037-Y024_2001_2025.tif,EVI_Series_ID_EU_150-X037-Y024_2001_2025.tif,EVI_Series_ID_EU_150-X037-Y024_2001_2025.tif,2001-2025,2001-01-01..2025-12-19,band-level; see time_index.csv,band-level; see time_index.csv,EU_150-X037-Y024,2001,2025,2001-01-01,2025-12-19,575,Float32,-Infinity,677,679,EPSG:3035,"[5038000.0,250.0,0.0,3363250.0,0.0,-250.0]",250.0,250.0,"[5038000.0,3193500.0,5207250.0,3363250.0]",0.0,0.0,DEFLATE,518914903,-0.178,1.0,0.34696134201472206,0.6429488761324041,575,6e3c1cfc064026514baec0512c4ad3d696aa72a6731b6323ca7821a6643b5be1,True,
A:\_BioGeo\liuxianx\Co_authors\ana\output\MODIS_EU_EVI\2001_2025\EVI_Series_ID_EU_150-X037-Y025_2001_2025.tif,EVI_Series_ID_EU_150-X037-Y025_2001_2025.tif,EVI_Series_ID_EU_150-X037-Y025_2001_2025.tif,2001-2025,2001-01-01..2025-12-19,band-level; see time_index.csv,band-level; see time_index.csv,EU_150-X037-Y025,2001,2025,2001-01-01,2025-12-19,575,Float32,-Infinity,675,678,EPSG:3035,"[5058750.0,250.0,0.0,3214250.0,0.0,-250.0]",250.0,250.0,"[5058750.0,3044750.0,5227500.0,3214250.0]",0.0,0.0,DEFLATE,533002571,-0.133,0.999,0.34326976369622697,0.667015008554007,575,6e3c1cfc064026514baec0512c4ad3d696aa72a6731b6323ca7821a6643b5be1,True,
A:\_BioGeo\liuxianx\Co_authors\ana\output\MODIS_EU_EVI\2001_2025\EVI_Series_ID_EU_150-X037-Y026_2001_2025.tif,EVI_Series_ID_EU_150-X037-Y026_2001_2025.tif,EVI_Series_ID_EU_150-X037-Y026_2001_2025.tif,2001-2025,2001-01-01..2025-12-19,band-level; see time_index.csv,band-level; see time_index.csv,EU_150-X037-Y026,2001,2025,2001-01-01,2025-12-19,575,Float32,-Infinity,674,678,EPSG:3035,"[5079000.0,250.0,0.0,3065250.0,0.0,-250.0]",250.0,250.0,"[5079000.0,2895750.0,5247500.0,3065250.0]",0.0,0.0,DEFLATE,507668091,-0.183,0.999,0.39371964523216657,0.6452947165217392,575,6e3c1cfc064026514baec0512c4ad3d696aa72a6731b6323ca7821a6643b5be1,True,
A:\_BioGeo\liuxianx\Co_authors\ana\output\MODIS_EU_EVI\2001_2025\EVI_Series_ID_EU_150-X037-Y027_2001_2025.tif,EVI_Series_ID_EU_150-X037-Y027_2001_2025.tif,EVI_Series_ID_EU_150-X037-Y027_2001_2025.tif,2001-2025,2001-01-01..2025-12-19,band-level; see time_index.csv,band-level; see time_index.csv,EU_150-X037-Y027,2001,2025,2001-01-01,2025-12-19,575,Float32,-Infinity,673,678,EPSG:3035,"[5099000.0,250.0,0.0,2916000.0,0.0,-250.0]",250.0,250.0,"[5099000.0,2746500.0,5267250.0,2916000.0]",0.0,0.0,DEFLATE,613561625,-0.18,0.998,0.3197607267519344,0.7332301808695652,575,6e3c1cfc064026514baec0512c4ad3d696aa72a6731b6323ca7821a6643b5be1,True,
A:\_BioGeo\liuxianx\Co_authors\ana\output\MODIS_EU_EVI\2001_2025\EVI_Series_ID_EU_150-X037-Y028_2001_2025.tif,EVI_Series_ID_EU_150-X037-Y028_2001_2025.tif,EVI_Series_ID_EU_150-X037-Y028_2001_2025.tif,2001-2025,2001-01-01..2025-12-19,band-level; see time_index.csv,band-level; see time_index.csv,EU_150-X037-Y028,2001,2025,2001-01-01,2025-12-19,575,Float32,-Infinity,671,678,EPSG:3035,"[5118750.0,250.0,0.0,2766750.0,0.0,-250.0]",250.0,250.0,"[5118750.0,2597250.0,5286500.0,2766750.0]",0.0,0.0,DEFLATE,617359781,-0.154,0.997,0.3221144209045055,0.7424110086956521,575,6e3c1cfc064026514baec0512c4ad3d696aa72a6731b6323ca7821a6643b5be1,True,
A:\_BioGeo\liuxianx\Co_authors\ana\output\MODIS_EU_EVI\2001_2025\EVI_Series_ID_EU_150-X037-Y029_2001_2025.tif,EVI_Series_ID_EU_150-X037-Y029_2001_2025.tif,EVI_Series_ID_EU_150-X037-Y029_2001_2025.tif,2001-2025,2001-01-01..2025-12-19,band-level; see time_index.csv,band-level; see time_index.csv,EU_150-X037-Y029,2001,2025,2001-01-01,2025-12-19,575,Float32,-Infinity,670,678,EPSG:3035,"[5138250.0,250.0,0.0,2617500.0,0.0,-250.0]",250.0,250.0,"[5138250.0,2448000.0,5305750.0,2617500.0]",0.0,0.0,DEFLATE,586157733,-0.127,0.998,0.3385293238385564,0.7325608347826087,575,6e3c1cfc064026514baec0512c4ad3d696aa72a6731b6323ca7821a6643b5be1,True,
A:\_BioGeo\liuxianx\Co_authors\ana\output\MODIS_EU_EVI\2001_2025\EVI_Series_ID_EU_150-X037-Y030_2001_2025.tif,EVI_Series_ID_EU_150-X037-Y030_2001_2025.tif,EVI_Series_ID_EU_150-X037-Y030_2001_2025.tif,2001-2025,2001-01-01..2025-12-19,band-level; see time_index.csv,band-level; see time_index.csv,EU_150-X037-Y030,2001,2025,2001-01-01,2025-12-19,575,Float32,-Infinity,669,678,EPSG:3035,"[5157250.0,250.0,0.0,2468250.0,0.0,-250.0]",250.0,250.0,"[5157250.0,2298750.0,5324500.0,2468250.0]",0.0,0.0,DEFLATE,579226259,-0.182,0.999,0.36187304179909013,0.7268849339130435,575,6e3c1cfc064026514baec0512c4ad3d696aa72a6731b6323ca7821a6643b5be1,True,
A:\_BioGeo\liuxianx\Co_authors\ana\output\MODIS_EU_EVI\2001_2025\EVI_Series_ID_EU_150-X037-Y031_2001_2025.tif,EVI_Series_ID_EU_150-X037-Y031_2001_2025.tif,EVI_Series_ID_EU_150-X037-Y031_2001_2025.tif,2001-2025,2001-01-01..2025-12-19,band-level; see time_index.csv,band-level; see time_index.csv,EU_150-X037-Y031,2001,2025,2001-01-01,2025-12-19,575,Float32,-Infinity,668,678,EPSG:3035,"[5176250.0,250.0,0.0,2318750.0,0.0,-250.0]",250.0,250.0,"[5176250.0,2149250.0,5343250.0,2318750.0]",0.0,0.0,DEFLATE,560092097,-0.2,1.0,0.3580779944991907,0.7155317891986063,575,6e3c1cfc064026514baec0512c4ad3d696aa72a6731b6323ca7821a6643b5be1,True,
A:\_BioGeo\liuxianx\Co_authors\ana\output\MODIS_EU_EVI\2001_2025\EVI_Series_ID_EU_150-X037-Y032_2001_2025.tif,EVI_Series_ID_EU_150-X037-Y032_2001_2025.tif,EVI_Series_ID_EU_150-X037-Y032_2001_2025.tif,2001-2025,2001-01-01..2025-12-19,band-level; see time_index.csv,band-level; see time_index.csv,EU_150-X037-Y032,2001,2025,2001-01-01,2025-12-19,575,Float32,-Infinity,666,678,EPSG:3035,"[5195000.0,250.0,0.0,2169250.0,0.0,-250.0]",250.0,250.0,"[5195000.0,1999750.0,5361500.0,2169250.0]",0.0,0.0,DEFLATE,573071287,-0.199,0.995,0.3287528540803933,0.7086650260869566,575,6e3c1cfc064026514baec0512c4ad3d696aa72a6731b6323ca7821a6643b5be1,True,
A:\_BioGeo\liuxianx\Co_authors\ana\output\MODIS_EU_EVI\2001_2025\EVI_Series_ID_EU_150-X037-Y033_2001_2025.tif,EVI_Series_ID_EU_150-X037-Y033_2001_2025.tif,EVI_Series_ID_EU_150-X037-Y033_2001_2025.tif,2001-2025,2001-01-01..2025-12-19,band-level; see time_index.csv,band-level; see time_index.csv,EU_150-X037-Y033,2001,2025,2001-01-01,2025-12-19,575,Float32,-Infinity,665,678,EPSG:3035,"[5213250.0,250.0,0.0,2019750.0,0.0,-250.0]",250.0,250.0,"[5213250.0,1850250.0,5379500.0,2019750.0]",0.0,0.0,DEFLATE,620115467,-0.191,0.996,0.3266185263189877,0.7554770434782608,575,6e3c1cfc064026514baec0512c4ad3d696aa72a6731b6323ca7821a6643b5be1,True,
A:\_BioGeo\liuxianx\Co_authors\ana\output\MODIS_EU_EVI\2001_2025\EVI_Series_ID_EU_150-X037-Y034_2001_2025.tif,EVI_Series_ID_EU_150-X037-Y034_2001_2025.tif,EVI_Series_ID_EU_150-X037-Y034_2001_2025.tif,2001-2025,2001-01-01..2025-12-19,band-level; see time_index.csv,band-level; see time_index.csv,EU_150-X037-Y034,2001,2025,2001-01-01,2025-12-19,575,Float32,-Infinity,664,678,EPSG:3035,"[5231250.0,250.0,0.0,1870000.0,0.0,-250.0]",250.0,250.0,"[5231250.0,1700500.0,5397250.0,1870000.0]",0.0,0.0,DEFLATE,440551811,-0.162,0.978,0.33062881104297187,0.5273690434782609,575,6e3c1cfc064026514baec0512c4ad3d696aa72a6731b6323ca7821a6643b5be1,True,
A:\_BioGeo\liuxianx\Co_authors\ana\output\MODIS_EU_EVI\2001_2025\EVI_Series_ID_EU_150-X037-Y035_2001_2025.tif,EVI_Series_ID_EU_150-X037-Y035_2001_2025.tif,EVI_Series_ID_EU_150-X037-Y035_2001_2025.tif,2001-2025,2001-01-01..2025-12-19,band-level; see time_index.csv,band-level; see time_index.csv,EU_150-X037-Y035,2001,2025,2001-01-01,2025-12-19,575,Float32,-Infinity,663,678,EPSG:3035,"[5249000.0,250.0,0.0,1720250.0,0.0,-250.0]",250.0,250.0,"[5249000.0,1550750.0,5414750.0,1720250.0]",0.0,0.0,DEFLATE,179491293,-0.168,0.968,0.3522183088303761,0.203572,575,6e3c1cfc064026514baec0512c4ad3d696aa72a6731b6323ca7821a6643b5be1,True,
A:\_BioGeo\liuxianx\Co_authors\ana\output\MODIS_EU_EVI\2001_2025\EVI_Series_ID_EU_150-X038-Y010_2001_2025.tif,EVI_Series_ID_EU_150-X038-Y010_2001_2025.tif,EVI_Series_ID_EU_150-X038-Y010_2001_2025.tif,2001-2025,2001-01-01..2025-12-19,band-level; see time_index.csv,band-level; see time_index.csv,EU_150-X038-Y010,2001,2025,2001-01-01,2025-12-19,575,Float32,-Infinity,694,679,EPSG:3035,"[4869250.0,250.0,0.0,5462250.0,0.0,-250.0]",250.0,250.0,"[4869250.0,5292500.0,5042750.0,5462250.0]",0.0,0.0,DEFLATE,113706843,-0.199,0.984,0.2700719653604172,0.1635094892517321,575,6e3c1cfc064026514baec0512c4ad3d696aa72a6731b6323ca7821a6643b5be1,True,
A:\_BioGeo\liuxianx\Co_authors\ana\output\MODIS_EU_EVI\2001_2025\EVI_Series_ID_EU_150-X038-Y011_2001_2025.tif,EVI_Series_ID_EU_150-X038-Y011_2001_2025.tif,EVI_Series_ID_EU_150-X038-Y011_2001_2025.tif,2001-2025,2001-01-01..2025-12-19,band-level; see time_index.csv,band-level; see time_index.csv,EU_150-X038-Y011,2001,2025,2001-01-01,2025-12-19,575,Float32,-Infinity,692,679,EPSG:3035,"[4893750.0,250.0,0.0,5314250.0,0.0,-250.0]",250.0,250.0,"[4893750.0,5144500.0,5066750.0,5314250.0]",0.0,0.0,DEFLATE,256998667,-0.199,0.989,0.2768912702776529,0.42840431438256654,575,6e3c1cfc064026514baec0512c4ad3d696aa72a6731b6323ca7821a6643b5be1,True,
A:\_BioGeo\liuxianx\Co_authors\ana\output\MODIS_EU_EVI\2001_2025\EVI_Series_ID_EU_150-X038-Y012_2001_2025.tif,EVI_Series_ID_EU_150-X038-Y012_2001_2025.tif,EVI_Series_ID_EU_150-X038-Y012_2001_2025.tif,2001-2025,2001-01-01..2025-12-19,band-level; see time_index.csv,band-level; see time_index.csv,EU_150-X038-Y012,2001,2025,2001-01-01,2025-12-19,575,Float32,-Infinity,691,679,EPSG:3035,"[4918000.0,250.0,0.0,5166250.0,0.0,-250.0]",250.0,250.0,"[4918000.0,4996500.0,5090750.0,5166250.0]",0.0,0.0,DEFLATE,272975485,-0.198,0.889,0.29920504760566674,0.48718373739348375,575,6e3c1cfc064026514baec0512c4ad3d696aa72a6731b6323ca7821a6643b5be1,True,
A:\_BioGeo\liuxianx\Co_authors\ana\output\MODIS_EU_EVI\2001_2025\EVI_Series_ID_EU_150-X038-Y013_2001_2025.tif,EVI_Series_ID_EU_150-X038-Y013_2001_2025.tif,EVI_Series_ID_EU_150-X038-Y013_2001_2025.tif,2001-2025,2001-01-01..2025-12-19,band-level; see time_index.csv,band-level; see time_index.csv,EU_150-X038-Y013,2001,2025,2001-01-01,2025-12-19,575,Float32,-Infinity,689,680,EPSG:3035,"[4942000.0,250.0,0.0,5018250.0,0.0,-250.0]",250.0,250.0,"[4942000.0,4848250.0,5114250.0,5018250.0]",0.0,0.0,DEFLATE,294990099,-0.198,0.896,0.3150771750754985,0.4510458705206074,575,6e3c1cfc064026514baec0512c4ad3d696aa72a6731b6323ca7821a6643b5be1,True,
A:\_BioGeo\liuxianx\Co_authors\ana\output\MODIS_EU_EVI\2001_2025\EVI_Series_ID_EU_150-X038-Y014_2001_2025.tif,EVI_Series_ID_EU_150-X038-Y014_2001_2025.tif,EVI_Series_ID_EU_150-X038-Y014_2001_2025.tif,2001-2025,2001-01-01..2025-12-19,band-level; see time_index.csv,band-level; see time_index.csv,EU_150-X038-Y014,2001,2025,2001-01-01,2025-12-19,575,Float32,-Infinity,688,679,EPSG:3035,"[4965500.0,250.0,0.0,4870000.0,0.0,-250.0]",250.0,250.0,"[4965500.0,4700250.0,5137500.0,4870000.0]",0.0,0.0,DEFLATE,260657181,-0.2,0.974,0.33335060781146525,0.375682796090535,575,6e3c1cfc064026514baec0512c4ad3d696aa72a6731b6323ca7821a6643b5be1,True,
A:\_BioGeo\liuxianx\Co_authors\ana\output\MODIS_EU_EVI\2001_2025\EVI_Series_ID_EU_150-X038-Y015_2001_2025.tif,EVI_Series_ID_EU_150-X038-Y015_2001_2025.tif,EVI_Series_ID_EU_150-X038-Y015_2001_2025.tif,2001-2025,2001-01-01..2025-12-19,band-level; see time_index.csv,band-level; see time_index.csv,EU_150-X038-Y015,2001,2025,2001-01-01,2025-12-19,575,Float32,-Infinity,687,679,EPSG:3035,"[4989000.0,250.0,0.0,4721750.0,0.0,-250.0]",250.0,250.0,"[4989000.0,4552000.0,5160750.0,4721750.0]",0.0,0.0,DEFLATE,344426709,-0.2,0.97,0.3421830089525617,0.47574219246575344,575,6e3c1cfc064026514baec0512c4ad3d696aa72a6731b6323ca7821a6643b5be1,True,
A:\_BioGeo\liuxianx\Co_authors\ana\output\MODIS_EU_EVI\2001_2025\EVI_Series_ID_EU_150-X038-Y016_2001_2025.tif,EVI_Series_ID_EU_150-X038-Y016_2001_2025.tif,EVI_Series_ID_EU_150-X038-Y016_2001_2025.tif,2001-2025,2001-01-01..2025-12-19,band-level; see time_index.csv,band-level; see time_index.csv,EU_150-X038-Y016,2001,2025,2001-01-01,2025-12-19,575,Float32,-Infinity,686,679,EPSG:3035,"[5012000.0,250.0,0.0,4573250.0,0.0,-250.0]",250.0,250.0,"[5012000.0,4403500.0,5183500.0,4573250.0]",0.0,0.0,DEFLATE,366100877,-0.2,0.998,0.3147631068901254,0.460340743649635,575,6e3c1cfc064026514baec0512c4ad3d696aa72a6731b6323ca7821a6643b5be1,True,
A:\_BioGeo\liuxianx\Co_authors\ana\output\MODIS_EU_EVI\2001_2025\EVI_Series_ID_EU_150-X038-Y017_2001_2025.tif,EVI_Series_ID_EU_150-X038-Y017_2001_2025.tif,EVI_Series_ID_EU_150-X038-Y017_2001_2025.tif,2001-2025,2001-01-01..2025-12-19,band-level; see time_index.csv,band-level; see time_index.csv,EU_150-X038-Y017,2001,2025,2001-01-01,2025-12-19,575,Float32,-Infinity,684,678,EPSG:3035,"[5034750.0,250.0,0.0,4424750.0,0.0,-250.0]",250.0,250.0,"[5034750.0,4255250.0,5205750.0,4424750.0]",0.0,0.0,DEFLATE,381464893,-0.2,0.998,0.3012576791498888,0.4648344223036649,575,6e3c1cfc064026514baec0512c4ad3d696aa72a6731b6323ca7821a6643b5be1,True,
A:\_BioGeo\liuxianx\Co_authors\ana\output\MODIS_EU_EVI\2001_2025\EVI_Series_ID_EU_150-X038-Y018_2001_2025.tif,EVI_Series_ID_EU_150-X038-Y018_2001_2025.tif,EVI_Series_ID_EU_150-X038-Y018_2001_2025.tif,2001-2025,2001-01-01..2025-12-19,band-level; see time_index.csv,band-level; see time_index.csv,EU_150-X038-Y018,2001,2025,2001-01-01,2025-12-19,575,Float32,-Infinity,683,678,EPSG:3035,"[5057250.0,250.0,0.0,4276250.0,0.0,-250.0]",250.0,250.0,"[5057250.0,4106750.0,5228000.0,4276250.0]",0.0,0.0,DEFLATE,227010417,-0.199,0.998,0.3119217790799189,0.2657544219512195,575,6e3c1cfc064026514baec0512c4ad3d696aa72a6731b6323ca7821a6643b5be1,True,
A:\_BioGeo\liuxianx\Co_authors\ana\output\MODIS_EU_EVI\2001_2025\EVI_Series_ID_EU_150-X038-Y019_2001_2025.tif,EVI_Series_ID_EU_150-X038-Y019_2001_2025.tif,EVI_Series_ID_EU_150-X038-Y019_2001_2025.tif,2001-2025,2001-01-01..2025-12-19,band-level; see time_index.csv,band-level; see time_index.csv,EU_150-X038-Y019,2001,2025,2001-01-01,2025-12-19,575,Float32,-Infinity,682,679,EPSG:3035,"[5079500.0,250.0,0.0,4127750.0,0.0,-250.0]",250.0,250.0,"[5079500.0,3958000.0,5250000.0,4127750.0]",0.0,0.0,DEFLATE,379432217,-0.198,0.993,0.368524035383702,0.45469533046572935,575,6e3c1cfc064026514baec0512c4ad3d696aa72a6731b6323ca7821a6643b5be1,True,
A:\_BioGeo\liuxianx\Co_authors\ana\output\MODIS_EU_EVI\2001_2025\EVI_Series_ID_EU_150-X038-Y020_2001_2025.tif,EVI_Series_ID_EU_150-X038-Y020_2001_2025.tif,EVI_Series_ID_EU_150-X038-Y020_2001_2025.tif,2001-2025,2001-01-01..2025-12-19,band-level; see time_index.csv,band-level; see time_index.csv,EU_150-X038-Y020,2001,2025,2001-01-01,2025-12-19,575,Float32,-Infinity,680,678,EPSG:3035,"[5101500.0,250.0,0.0,3979000.0,0.0,-250.0]",250.0,250.0,"[5101500.0,3809500.0,5271500.0,3979000.0]",0.0,0.0,DEFLATE,304558377,-0.192,0.991,0.3698834345687659,0.36516084522648085,575,6e3c1cfc064026514baec0512c4ad3d696aa72a6731b6323ca7821a6643b5be1,True,
A:\_BioGeo\liuxianx\Co_authors\ana\output\MODIS_EU_EVI\2001_2025\EVI_Series_ID_EU_150-X038-Y021_2001_2025.tif,EVI_Series_ID_EU_150-X038-Y021_2001_2025.tif,EVI_Series_ID_EU_150-X038-Y021_2001_2025.tif,2001-2025,2001-01-01..2025-12-19,band-level; see time_index.csv,band-level; see time_index.csv,EU_150-X038-Y021,2001,2025,2001-01-01,2025-12-19,575,Float32,-Infinity,680,678,EPSG:3035,"[5123000.0,250.0,0.0,3830250.0,0.0,-250.0]",250.0,250.0,"[5123000.0,3660750.0,5293000.0,3830250.0]",0.0,0.0,DEFLATE,470361021,-0.182,0.999,0.36996350968515485,0.5784147140455342,575,6e3c1cfc064026514baec0512c4ad3d696aa72a6731b6323ca7821a6643b5be1,True,
A:\_BioGeo\liuxianx\Co_authors\ana\output\MODIS_EU_EVI\2001_2025\EVI_Series_ID_EU_150-X038-Y022_2001_2025.tif,EVI_Series_ID_EU_150-X038-Y022_2001_2025.tif,EVI_Series_ID_EU_150-X038-Y022_2001_2025.tif,2001-2025,2001-01-01..2025-12-19,band-level; see time_index.csv,band-level; see time_index.csv,EU_150-X038-Y022,2001,2025,2001-01-01,2025-12-19,575,Float32,-Infinity,678,679,EPSG:3035,"[5144500.0,250.0,0.0,3681500.0,0.0,-250.0]",250.0,250.0,"[5144500.0,3511750.0,5314000.0,3681500.0]",0.0,0.0,DEFLATE,479426507,-0.199,1.0,0.36597177201081443,0.582483088245614,575,6e3c1cfc064026514baec0512c4ad3d696aa72a6731b6323ca7821a6643b5be1,True,
A:\_BioGeo\liuxianx\Co_authors\ana\output\MODIS_EU_EVI\2001_2025\EVI_Series_ID_EU_150-X038-Y023_2001_2025.tif,EVI_Series_ID_EU_150-X038-Y023_2001_2025.tif,EVI_Series_ID_EU_150-X038-Y023_2001_2025.tif,2001-2025,2001-01-01..2025-12-19,band-level; see time_index.csv,band-level; see time_index.csv,EU_150-X038-Y023,2001,2025,2001-01-01,2025-12-19,575,Float32,-Infinity,677,678,EPSG:3035,"[5165500.0,250.0,0.0,3532500.0,0.0,-250.0]",250.0,250.0,"[5165500.0,3363000.0,5334750.0,3532500.0]",0.0,0.0,DEFLATE,497168775,-0.199,0.998,0.357402090087839,0.5964882094076654,575,6e3c1cfc064026514baec0512c4ad3d696aa72a6731b6323ca7821a6643b5be1,True,
A:\_BioGeo\liuxianx\Co_authors\ana\output\MODIS_EU_EVI\2001_2025\EVI_Series_ID_EU_150-X038-Y024_2001_2025.tif,EVI_Series_ID_EU_150-X038-Y024_2001_2025.tif,EVI_Series_ID_EU_150-X038-Y024_2001_2025.tif,2001-2025,2001-01-01..2025-12-19,band-level; see time_index.csv,band-level; see time_index.csv,EU_150-X038-Y024,2001,2025,2001-01-01,2025-12-19,575,Float32,-Infinity,676,678,EPSG:3035,"[5186250.0,250.0,0.0,3383500.0,0.0,-250.0]",250.0,250.0,"[5186250.0,3214000.0,5355250.0,3383500.0]",0.0,0.0,DEFLATE,494761837,-0.117,0.998,0.3515681202337951,0.6195290946167247,575,6e3c1cfc064026514baec0512c4ad3d696aa72a6731b6323ca7821a6643b5be1,True,
A:\_BioGeo\liuxianx\Co_authors\ana\output\MODIS_EU_EVI\2001_2025\EVI_Series_ID_EU_150-X038-Y025_2001_2025.tif,EVI_Series_ID_EU_150-X038-Y025_2001_2025.tif,EVI_Series_ID_EU_150-X038-Y025_2001_2025.tif,2001-2025,2001-01-01..2025-12-19,band-level; see time_index.csv,band-level; see time_index.csv,EU_150-X038-Y025,2001,2025,2001-01-01,2025-12-19,575,Float32,-Infinity,674,678,EPSG:3035,"[5207000.0,250.0,0.0,3234500.0,0.0,-250.0]",250.0,250.0,"[5207000.0,3065000.0,5375500.0,3234500.0]",0.0,0.0,DEFLATE,512026857,-0.125,0.997,0.35292593034434794,0.6466857373123909,575,6e3c1cfc064026514baec0512c4ad3d696aa72a6731b6323ca7821a6643b5be1,True,
A:\_BioGeo\liuxianx\Co_authors\ana\output\MODIS_EU_EVI\2001_2025\EVI_Series_ID_EU_150-X038-Y026_2001_2025.tif,EVI_Series_ID_EU_150-X038-Y026_2001_2025.tif,EVI_Series_ID_EU_150-X038-Y026_2001_2025.tif,2001-2025,2001-01-01..2025-12-19,band-level; see time_index.csv,band-level; see time_index.csv,EU_150-X038-Y026,2001,2025,2001-01-01,2025-12-19,575,Float32,-Infinity,673,678,EPSG:3035,"[5227250.0,250.0,0.0,3085250.0,0.0,-250.0]",250.0,250.0,"[5227250.0,2915750.0,5395500.0,3085250.0]",0.0,0.0,DEFLATE,523476757,-0.187,0.999,0.3823593306053189,0.6413622104347826,575,6e3c1cfc064026514baec0512c4ad3d696aa72a6731b6323ca7821a6643b5be1,True,
A:\_BioGeo\liuxianx\Co_authors\ana\output\MODIS_EU_EVI\2001_2025\EVI_Series_ID_EU_150-X038-Y027_2001_2025.tif,EVI_Series_ID_EU_150-X038-Y027_2001_2025.tif,EVI_Series_ID_EU_150-X038-Y027_2001_2025.tif,2001-2025,2001-01-01..2025-12-19,band-level; see time_index.csv,band-level; see time_index.csv,EU_150-X038-Y027,2001,2025,2001-01-01,2025-12-19,575,Float32,-Infinity,672,678,EPSG:3035,"[5247250.0,250.0,0.0,2936000.0,0.0,-250.0]",250.0,250.0,"[5247250.0,2766500.0,5415250.0,2936000.0]",0.0,0.0,DEFLATE,518610963,-0.197,1.0,0.38447130177122896,0.6492936086956521,575,6e3c1cfc064026514baec0512c4ad3d696aa72a6731b6323ca7821a6643b5be1,True,
A:\_BioGeo\liuxianx\Co_authors\ana\output\MODIS_EU_EVI\2001_2025\EVI_Series_ID_EU_150-X038-Y028_2001_2025.tif,EVI_Series_ID_EU_150-X038-Y028_2001_2025.tif,EVI_Series_ID_EU_150-X038-Y028_2001_2025.tif,2001-2025,2001-01-01..2025-12-19,band-level; see time_index.csv,band-level; see time_index.csv,EU_150-X038-Y028,2001,2025,2001-01-01,2025-12-19,575,Float32,-Infinity,671,678,EPSG:3035,"[5267000.0,250.0,0.0,2786750.0,0.0,-250.0]",250.0,250.0,"[5267000.0,2617250.0,5434750.0,2786750.0]",0.0,0.0,DEFLATE,561213577,-0.188,1.0,0.3666030401082429,0.6906782678260869,575,6e3c1cfc064026514baec0512c4ad3d696aa72a6731b6323ca7821a6643b5be1,True,
A:\_BioGeo\liuxianx\Co_authors\ana\output\MODIS_EU_EVI\2001_2025\EVI_Series_ID_EU_150-X038-Y029_2001_2025.tif,EVI_Series_ID_EU_150-X038-Y029_2001_2025.tif,EVI_Series_ID_EU_150-X038-Y029_2001_2025.tif,2001-2025,2001-01-01..2025-12-19,band-level; see time_index.csv,band-level; see time_index.csv,EU_150-X038-Y029,2001,2025,2001-01-01,2025-12-19,575,Float32,-Infinity,670,678,EPSG:3035,"[5286250.0,250.0,0.0,2637500.0,0.0,-250.0]",250.0,250.0,"[5286250.0,2468000.0,5453750.0,2637500.0]",0.0,0.0,DEFLATE,544674279,-0.199,0.998,0.36941597788221486,0.6859565878260869,575,6e3c1cfc064026514baec0512c4ad3d696aa72a6731b6323ca7821a6643b5be1,True,
A:\_BioGeo\liuxianx\Co_authors\ana\output\MODIS_EU_EVI\2001_2025\EVI_Series_ID_EU_150-X038-Y030_2001_2025.tif,EVI_Series_ID_EU_150-X038-Y030_2001_2025.tif,EVI_Series_ID_EU_150-X038-Y030_2001_2025.tif,2001-2025,2001-01-01..2025-12-19,band-level; see time_index.csv,band-level; see time_index.csv,EU_150-X038-Y030,2001,2025,2001-01-01,2025-12-19,575,Float32,-Infinity,668,678,EPSG:3035,"[5305500.0,250.0,0.0,2488000.0,0.0,-250.0]",250.0,250.0,"[5305500.0,2318500.0,5472500.0,2488000.0]",0.0,0.0,DEFLATE,586952269,-0.196,0.999,0.3051952686368477,0.7350236526086957,575,6e3c1cfc064026514baec0512c4ad3d696aa72a6731b6323ca7821a6643b5be1,True,
A:\_BioGeo\liuxianx\Co_authors\ana\output\MODIS_EU_EVI\2001_2025\EVI_Series_ID_EU_150-X038-Y031_2001_2025.tif,EVI_Series_ID_EU_150-X038-Y031_2001_2025.tif,EVI_Series_ID_EU_150-X038-Y031_2001_2025.tif,2001-2025,2001-01-01..2025-12-19,band-level; see time_index.csv,band-level; see time_index.csv,EU_150-X038-Y031,2001,2025,2001-01-01,2025-12-19,575,Float32,-Infinity,668,678,EPSG:3035,"[5324250.0,250.0,0.0,2338500.0,0.0,-250.0]",250.0,250.0,"[5324250.0,2169000.0,5491250.0,2338500.0]",0.0,0.0,DEFLATE,560676131,-0.197,0.997,0.3448202424392178,0.7098875568695653,575,6e3c1cfc064026514baec0512c4ad3d696aa72a6731b6323ca7821a6643b5be1,True,
A:\_BioGeo\liuxianx\Co_authors\ana\output\MODIS_EU_EVI\2001_2025\EVI_Series_ID_EU_150-X038-Y032_2001_2025.tif,EVI_Series_ID_EU_150-X038-Y032_2001_2025.tif,EVI_Series_ID_EU_150-X038-Y032_2001_2025.tif,2001-2025,2001-01-01..2025-12-19,band-level; see time_index.csv,band-level; see time_index.csv,EU_150-X038-Y032,2001,2025,2001-01-01,2025-12-19,575,Float32,-Infinity,666,677,EPSG:3035,"[5343000.0,250.0,0.0,2188750.0,0.0,-250.0]",250.0,250.0,"[5343000.0,2019500.0,5509500.0,2188750.0]",0.0,0.0,DEFLATE,608526619,-0.192,1.0,0.32229485510780986,0.7398304347826087,575,6e3c1cfc064026514baec0512c4ad3d696aa72a6731b6323ca7821a6643b5be1,True,
A:\_BioGeo\liuxianx\Co_authors\ana\output\MODIS_EU_EVI\2001_2025\EVI_Series_ID_EU_150-X038-Y033_2001_2025.tif,EVI_Series_ID_EU_150-X038-Y033_2001_2025.tif,EVI_Series_ID_EU_150-X038-Y033_2001_2025.tif,2001-2025,2001-01-01..2025-12-19,band-level; see time_index.csv,band-level; see time_index.csv,EU_150-X038-Y033,2001,2025,2001-01-01,2025-12-19,575,Float32,-Infinity,665,677,EPSG:3035,"[5361250.0,250.0,0.0,2039000.0,0.0,-250.0]",250.0,250.0,"[5361250.0,1869750.0,5527500.0,2039000.0]",0.0,0.0,DEFLATE,315622829,-0.163,0.973,0.3115789579900169,0.36668095652173915,575,6e3c1cfc064026514baec0512c4ad3d696aa72a6731b6323ca7821a6643b5be1,True,
A:\_BioGeo\liuxianx\Co_authors\ana\output\MODIS_EU_EVI\2001_2025\EVI_Series_ID_EU_150-X038-Y034_2001_2025.tif,EVI_Series_ID_EU_150-X038-Y034_2001_2025.tif,EVI_Series_ID_EU_150-X038-Y034_2001_2025.tif,2001-2025,2001-01-01..2025-12-19,band-level; see time_index.csv,band-level; see time_index.csv,EU_150-X038-Y034,2001,2025,2001-01-01,2025-12-19,575,Float32,-Infinity,664,677,EPSG:3035,"[5379250.0,250.0,0.0,1889250.0,0.0,-250.0]",250.0,250.0,"[5379250.0,1720000.0,5545250.0,1889250.0]",0.0,0.0,DEFLATE,446461843,-0.177,0.982,0.2874948698988401,0.5419521913043478,575,6e3c1cfc064026514baec0512c4ad3d696aa72a6731b6323ca7821a6643b5be1,True,
A:\_BioGeo\liuxianx\Co_authors\ana\output\MODIS_EU_EVI\2001_2025\EVI_Series_ID_EU_150-X038-Y035_2001_2025.tif,EVI_Series_ID_EU_150-X038-Y035_2001_2025.tif,EVI_Series_ID_EU_150-X038-Y035_2001_2025.tif,2001-2025,2001-01-01..2025-12-19,band-level; see time_index.csv,band-level; see time_index.csv,EU_150-X038-Y035,2001,2025,2001-01-01,2025-12-19,575,Float32,-Infinity,662,678,EPSG:3035,"[5397000.0,250.0,0.0,1739500.0,0.0,-250.0]",250.0,250.0,"[5397000.0,1570000.0,5562500.0,1739500.0]",0.0,0.0,DEFLATE,277273987,-0.094,0.974,0.30210616428196796,0.3458888695652174,575,6e3c1cfc064026514baec0512c4ad3d696aa72a6731b6323ca7821a6643b5be1,True,
A:\_BioGeo\liuxianx\Co_authors\ana\output\MODIS_EU_EVI\2001_2025\EVI_Series_ID_EU_150-X038-Y036_2001_2025.tif,EVI_Series_ID_EU_150-X038-Y036_2001_2025.tif,EVI_Series_ID_EU_150-X038-Y036_2001_2025.tif,2001-2025,2001-01-01..2025-12-19,band-level; see time_index.csv,band-level; see time_index.csv,EU_150-X038-Y036,2001,2025,2001-01-01,2025-12-19,575,Float32,-Infinity,661,677,EPSG:3035,"[5414500.0,250.0,0.0,1589500.0,0.0,-250.0]",250.0,250.0,"[5414500.0,1420250.0,5579750.0,1589500.0]",0.0,0.0,DEFLATE,35800647,-0.089,0.693,0.26655202415521495,0.035054452173913044,575,6e3c1cfc064026514baec0512c4ad3d696aa72a6731b6323ca7821a6643b5be1,True,
A:\_BioGeo\liuxianx\Co_authors\ana\output\MODIS_EU_EVI\2001_2025\EVI_Series_ID_EU_150-X039-Y010_2001_2025.tif,EVI_Series_ID_EU_150-X039-Y010_2001_2025.tif,EVI_Series_ID_EU_150-X039-Y010_2001_2025.tif,2001-2025,2001-01-01..2025-12-19,band-level; see time_index.csv,band-level; see time_index.csv,EU_150-X039-Y010,2001,2025,2001-01-01,2025-12-19,575,Float32,-Infinity,692,679,EPSG:3035,"[5018000.0,250.0,0.0,5483750.0,0.0,-250.0]",250.0,250.0,"[5018000.0,5314000.0,5191000.0,5483750.0]",0.0,0.0,DEFLATE,41541679,-0.199,0.881,0.2685153412226066,0.060881445158291456,575,6e3c1cfc064026514baec0512c4ad3d696aa72a6731b6323ca7821a6643b5be1,True,
A:\_BioGeo\liuxianx\Co_authors\ana\output\MODIS_EU_EVI\2001_2025\EVI_Series_ID_EU_150-X039-Y011_2001_2025.tif,EVI_Series_ID_EU_150-X039-Y011_2001_2025.tif,EVI_Series_ID_EU_150-X039-Y011_2001_2025.tif,2001-2025,2001-01-01..2025-12-19,band-level; see time_index.csv,band-level; see time_index.csv,EU_150-X039-Y011,2001,2025,2001-01-01,2025-12-19,575,Float32,-Infinity,691,679,EPSG:3035,"[5042500.0,250.0,0.0,5335750.0,0.0,-250.0]",250.0,250.0,"[5042500.0,5166000.0,5215250.0,5335750.0]",0.0,0.0,DEFLATE,247743739,-0.199,0.924,0.2859841595541268,0.37721630358744396,575,6e3c1cfc064026514baec0512c4ad3d696aa72a6731b6323ca7821a6643b5be1,True,
A:\_BioGeo\liuxianx\Co_authors\ana\output\MODIS_EU_EVI\2001_2025\EVI_Series_ID_EU_150-X039-Y012_2001_2025.tif,EVI_Series_ID_EU_150-X039-Y012_2001_2025.tif,EVI_Series_ID_EU_150-X039-Y012_2001_2025.tif,2001-2025,2001-01-01..2025-12-19,band-level; see time_index.csv,band-level; see time_index.csv,EU_150-X039-Y012,2001,2025,2001-01-01,2025-12-19,575,Float32,-Infinity,690,679,EPSG:3035,"[5066500.0,250.0,0.0,5187750.0,0.0,-250.0]",250.0,250.0,"[5066500.0,5018000.0,5239000.0,5187750.0]",0.0,0.0,DEFLATE,270209043,-0.199,0.993,0.31244000345218015,0.4181322713968958,575,6e3c1cfc064026514baec0512c4ad3d696aa72a6731b6323ca7821a6643b5be1,True,
A:\_BioGeo\liuxianx\Co_authors\ana\output\MODIS_EU_EVI\2001_2025\EVI_Series_ID_EU_150-X039-Y013_2001_2025.tif,EVI_Series_ID_EU_150-X039-Y013_2001_2025.tif,EVI_Series_ID_EU_150-X039-Y013_2001_2025.tif,2001-2025,2001-01-01..2025-12-19,band-level; see time_index.csv,band-level; see time_index.csv,EU_150-X039-Y013,2001,2025,2001-01-01,2025-12-19,575,Float32,-Infinity,689,679,EPSG:3035,"[5090500.0,250.0,0.0,5039500.0,0.0,-250.0]",250.0,250.0,"[5090500.0,4869750.0,5262750.0,5039500.0]",0.0,0.0,DEFLATE,284315467,-0.2,0.997,0.30078940032707174,0.41817097102941175,575,6e3c1cfc064026514baec0512c4ad3d696aa72a6731b6323ca7821a6643b5be1,True,
A:\_BioGeo\liuxianx\Co_authors\ana\output\MODIS_EU_EVI\2001_2025\EVI_Series_ID_EU_150-X039-Y014_2001_2025.tif,EVI_Series_ID_EU_150-X039-Y014_2001_2025.tif,EVI_Series_ID_EU_150-X039-Y014_2001_2025.tif,2001-2025,2001-01-01..2025-12-19,band-level; see time_index.csv,band-level; see time_index.csv,EU_150-X039-Y014,2001,2025,2001-01-01,2025-12-19,575,Float32,-Infinity,688,679,EPSG:3035,"[5114000.0,250.0,0.0,4891250.0,0.0,-250.0]",250.0,250.0,"[5114000.0,4721500.0,5286000.0,4891250.0]",0.0,0.0,DEFLATE,300813907,-0.2,0.898,0.31328648808874865,0.43071060724489796,575,6e3c1cfc064026514baec0512c4ad3d696aa72a6731b6323ca7821a6643b5be1,True,
A:\_BioGeo\liuxianx\Co_authors\ana\output\MODIS_EU_EVI\2001_2025\EVI_Series_ID_EU_150-X039-Y015_2001_2025.tif,EVI_Series_ID_EU_150-X039-Y015_2001_2025.tif,EVI_Series_ID_EU_150-X039-Y015_2001_2025.tif,2001-2025,2001-01-01..2025-12-19,band-level; see time_index.csv,band-level; see time_index.csv,EU_150-X039-Y015,2001,2025,2001-01-01,2025-12-19,575,Float32,-Infinity,687,679,EPSG:3035,"[5137250.0,250.0,0.0,4742750.0,0.0,-250.0]",250.0,250.0,"[5137250.0,4573000.0,5309000.0,4742750.0]",0.0,0.0,DEFLATE,321798985,-0.198,0.997,0.31888390784822446,0.44031177818003914,575,6e3c1cfc064026514baec0512c4ad3d696aa72a6731b6323ca7821a6643b5be1,True,
A:\_BioGeo\liuxianx\Co_authors\ana\output\MODIS_EU_EVI\2001_2025\EVI_Series_ID_EU_150-X039-Y016_2001_2025.tif,EVI_Series_ID_EU_150-X039-Y016_2001_2025.tif,EVI_Series_ID_EU_150-X039-Y016_2001_2025.tif,2001-2025,2001-01-01..2025-12-19,band-level; see time_index.csv,band-level; see time_index.csv,EU_150-X039-Y016,2001,2025,2001-01-01,2025-12-19,575,Float32,-Infinity,685,679,EPSG:3035,"[5160500.0,250.0,0.0,4594250.0,0.0,-250.0]",250.0,250.0,"[5160500.0,4424500.0,5331750.0,4594250.0]",0.0,0.0,DEFLATE,363030745,-0.196,0.98,0.30004208582181896,0.44680971745916515,575,6e3c1cfc064026514baec0512c4ad3d696aa72a6731b6323ca7821a6643b5be1,True,
A:\_BioGeo\liuxianx\Co_authors\ana\output\MODIS_EU_EVI\2001_2025\EVI_Series_ID_EU_150-X039-Y017_2001_2025.tif,EVI_Series_ID_EU_150-X039-Y017_2001_2025.tif,EVI_Series_ID_EU_150-X039-Y017_2001_2025.tif,2001-2025,2001-01-01..2025-12-19,band-level; see time_index.csv,band-level; see time_index.csv,EU_150-X039-Y017,2001,2025,2001-01-01,2025-12-19,575,Float32,-Infinity,684,679,EPSG:3035,"[5183250.0,250.0,0.0,4445750.0,0.0,-250.0]",250.0,250.0,"[5183250.0,4276000.0,5354250.0,4445750.0]",0.0,0.0,DEFLATE,384443197,-0.2,0.99,0.29274256470452625,0.45428944591304343,575,6e3c1cfc064026514baec0512c4ad3d696aa72a6731b6323ca7821a6643b5be1,True,
A:\_BioGeo\liuxianx\Co_authors\ana\output\MODIS_EU_EVI\2001_2025\EVI_Series_ID_EU_150-X039-Y018_2001_2025.tif,EVI_Series_ID_EU_150-X039-Y018_2001_2025.tif,EVI_Series_ID_EU_150-X039-Y018_2001_2025.tif,2001-2025,2001-01-01..2025-12-19,band-level; see time_index.csv,band-level; see time_index.csv,EU_150-X039-Y018,2001,2025,2001-01-01,2025-12-19,575,Float32,-Infinity,683,679,EPSG:3035,"[5205500.0,250.0,0.0,4297250.0,0.0,-250.0]",250.0,250.0,"[5205500.0,4127500.0,5376250.0,4297250.0]",0.0,0.0,DEFLATE,151872513,-0.197,0.998,0.333497877238264,0.1715339048780488,575,6e3c1cfc064026514baec0512c4ad3d696aa72a6731b6323ca7821a6643b5be1,True,
A:\_BioGeo\liuxianx\Co_authors\ana\output\MODIS_EU_EVI\2001_2025\EVI_Series_ID_EU_150-X039-Y019_2001_2025.tif,EVI_Series_ID_EU_150-X039-Y019_2001_2025.tif,EVI_Series_ID_EU_150-X039-Y019_2001_2025.tif,2001-2025,2001-01-01..2025-12-19,band-level; see time_index.csv,band-level; see time_index.csv,EU_150-X039-Y019,2001,2025,2001-01-01,2025-12-19,575,Float32,-Infinity,682,679,EPSG:3035,"[5227750.0,250.0,0.0,4148500.0,0.0,-250.0]",250.0,250.0,"[5227750.0,3978750.0,5398250.0,4148500.0]",0.0,0.0,DEFLATE,392272579,-0.198,0.994,0.3514234569194483,0.4711419799648506,575,6e3c1cfc064026514baec0512c4ad3d696aa72a6731b6323ca7821a6643b5be1,True,
A:\_BioGeo\liuxianx\Co_authors\ana\output\MODIS_EU_EVI\2001_2025\EVI_Series_ID_EU_150-X039-Y020_2001_2025.tif,EVI_Series_ID_EU_150-X039-Y020_2001_2025.tif,EVI_Series_ID_EU_150-X039-Y020_2001_2025.tif,2001-2025,2001-01-01..2025-12-19,band-level; see time_index.csv,band-level; see time_index.csv,EU_150-X039-Y020,2001,2025,2001-01-01,2025-12-19,575,Float32,-Infinity,680,679,EPSG:3035,"[5249750.0,250.0,0.0,3999750.0,0.0,-250.0]",250.0,250.0,"[5249750.0,3830000.0,5419750.0,3999750.0]",0.0,0.0,DEFLATE,433831671,-0.193,0.999,0.38307850688873085,0.5352893826631394,575,6e3c1cfc064026514baec0512c4ad3d696aa72a6731b6323ca7821a6643b5be1,True,
A:\_BioGeo\liuxianx\Co_authors\ana\output\MODIS_EU_EVI\2001_2025\EVI_Series_ID_EU_150-X039-Y021_2001_2025.tif,EVI_Series_ID_EU_150-X039-Y021_2001_2025.tif,EVI_Series_ID_EU_150-X039-Y021_2001_2025.tif,2001-2025,2001-01-01..2025-12-19,band-level; see time_index.csv,band-level; see time_index.csv,EU_150-X039-Y021,2001,2025,2001-01-01,2025-12-19,575,Float32,-Infinity,679,678,EPSG:3035,"[5271250.0,250.0,0.0,3850750.0,0.0,-250.0]",250.0,250.0,"[5271250.0,3681250.0,5441000.0,3850750.0]",0.0,0.0,DEFLATE,440524035,-0.191,1.0,0.3812096834656547,0.5343953841681262,575,6e3c1cfc064026514baec0512c4ad3d696aa72a6731b6323ca7821a6643b5be1,True,
A:\_BioGeo\liuxianx\Co_authors\ana\output\MODIS_EU_EVI\2001_2025\EVI_Series_ID_EU_150-X039-Y022_2001_2025.tif,EVI_Series_ID_EU_150-X039-Y022_2001_2025.tif,EVI_Series_ID_EU_150-X039-Y022_2001_2025.tif,2001-2025,2001-01-01..2025-12-19,band-level; see time_index.csv,band-level; see time_index.csv,EU_150-X039-Y022,2001,2025,2001-01-01,2025-12-19,575,Float32,-Infinity,678,679,EPSG:3035,"[5292750.0,250.0,0.0,3702000.0,0.0,-250.0]",250.0,250.0,"[5292750.0,3532250.0,5462250.0,3702000.0]",0.0,0.0,DEFLATE,459267703,-0.191,0.998,0.364218638323055,0.5537941143006992,575,6e3c1cfc064026514baec0512c4ad3d696aa72a6731b6323ca7821a6643b5be1,True,
A:\_BioGeo\liuxianx\Co_authors\ana\output\MODIS_EU_EVI\2001_2025\EVI_Series_ID_EU_150-X039-Y023_2001_2025.tif,EVI_Series_ID_EU_150-X039-Y023_2001_2025.tif,EVI_Series_ID_EU_150-X039-Y023_2001_2025.tif,2001-2025,2001-01-01..2025-12-19,band-level; see time_index.csv,band-level; see time_index.csv,EU_150-X039-Y023,2001,2025,2001-01-01,2025-12-19,575,Float32,-Infinity,677,678,EPSG:3035,"[5313750.0,250.0,0.0,3552750.0,0.0,-250.0]",250.0,250.0,"[5313750.0,3383250.0,5483000.0,3552750.0]",0.0,0.0,DEFLATE,489671263,-0.198,1.0,0.35958377068321784,0.5852043921640488,575,6e3c1cfc064026514baec0512c4ad3d696aa72a6731b6323ca7821a6643b5be1,True,
A:\_BioGeo\liuxianx\Co_authors\ana\output\MODIS_EU_EVI\2001_2025\EVI_Series_ID_EU_150-X039-Y024_2001_2025.tif,EVI_Series_ID_EU_150-X039-Y024_2001_2025.tif,EVI_Series_ID_EU_150-X039-Y024_2001_2025.tif,2001-2025,2001-01-01..2025-12-19,band-level; see time_index.csv,band-level; see time_index.csv,EU_150-X039-Y024,2001,2025,2001-01-01,2025-12-19,575,Float32,-Infinity,676,678,EPSG:3035,"[5334500.0,250.0,0.0,3403750.0,0.0,-250.0]",250.0,250.0,"[5334500.0,3234250.0,5503500.0,3403750.0]",0.0,0.0,DEFLATE,496459277,-0.197,0.986,0.3472594030534959,0.626198450174216,575,6e3c1cfc064026514baec0512c4ad3d696aa72a6731b6323ca7821a6643b5be1,True,
A:\_BioGeo\liuxianx\Co_authors\ana\output\MODIS_EU_EVI\2001_2025\EVI_Series_ID_EU_150-X039-Y025_2001_2025.tif,EVI_Series_ID_EU_150-X039-Y025_2001_2025.tif,EVI_Series_ID_EU_150-X039-Y025_2001_2025.tif,2001-2025,2001-01-01..2025-12-19,band-level; see time_index.csv,band-level; see time_index.csv,EU_150-X039-Y025,2001,2025,2001-01-01,2025-12-19,575,Float32,-Infinity,675,678,EPSG:3035,"[5355000.0,250.0,0.0,3254500.0,0.0,-250.0]",250.0,250.0,"[5355000.0,3085000.0,5523750.0,3254500.0]",0.0,0.0,DEFLATE,525011107,-0.138,1.0,0.3424577621000064,0.6363361860383945,575,6e3c1cfc064026514baec0512c4ad3d696aa72a6731b6323ca7821a6643b5be1,True,
A:\_BioGeo\liuxianx\Co_authors\ana\output\MODIS_EU_EVI\2001_2025\EVI_Series_ID_EU_150-X039-Y026_2001_2025.tif,EVI_Series_ID_EU_150-X039-Y026_2001_2025.tif,EVI_Series_ID_EU_150-X039-Y026_2001_2025.tif,2001-2025,2001-01-01..2025-12-19,band-level; see time_index.csv,band-level; see time_index.csv,EU_150-X039-Y026,2001,2025,2001-01-01,2025-12-19,575,Float32,-Infinity,673,678,EPSG:3035,"[5375250.0,250.0,0.0,3105250.0,0.0,-250.0]",250.0,250.0,"[5375250.0,2935750.0,5543500.0,3105250.0]",0.0,0.0,DEFLATE,536568353,-0.197,0.997,0.32733643575255106,0.6426904633216783,575,6e3c1cfc064026514baec0512c4ad3d696aa72a6731b6323ca7821a6643b5be1,True,
A:\_BioGeo\liuxianx\Co_authors\ana\output\MODIS_EU_EVI\2001_2025\EVI_Series_ID_EU_150-X039-Y027_2001_2025.tif,EVI_Series_ID_EU_150-X039-Y027_2001_2025.tif,EVI_Series_ID_EU_150-X039-Y027_2001_2025.tif,2001-2025,2001-01-01..2025-12-19,band-level; see time_index.csv,band-level; see time_index.csv,EU_150-X039-Y027,2001,2025,2001-01-01,2025-12-19,575,Float32,-Infinity,672,678,EPSG:3035,"[5395250.0,250.0,0.0,2956000.0,0.0,-250.0]",250.0,250.0,"[5395250.0,2786500.0,5563250.0,2956000.0]",0.0,0.0,DEFLATE,507650677,-0.199,0.999,0.3625893707239195,0.6332570486956521,575,6e3c1cfc064026514baec0512c4ad3d696aa72a6731b6323ca7821a6643b5be1,True,
A:\_BioGeo\liuxianx\Co_authors\ana\output\MODIS_EU_EVI\2001_2025\EVI_Series_ID_EU_150-X039-Y028_2001_2025.tif,EVI_Series_ID_EU_150-X039-Y028_2001_2025.tif,EVI_Series_ID_EU_150-X039-Y028_2001_2025.tif,2001-2025,2001-01-01..2025-12-19,band-level; see time_index.csv,band-level; see time_index.csv,EU_150-X039-Y028,2001,2025,2001-01-01,2025-12-19,575,Float32,-Infinity,670,677,EPSG:3035,"[5415000.0,250.0,0.0,2806500.0,0.0,-250.0]",250.0,250.0,"[5415000.0,2637250.0,5582500.0,2806500.0]",0.0,0.0,DEFLATE,538593013,-0.199,1.0,0.37892960817131427,0.6618642730434783,575,6e3c1cfc064026514baec0512c4ad3d696aa72a6731b6323ca7821a6643b5be1,True,
A:\_BioGeo\liuxianx\Co_authors\ana\output\MODIS_EU_EVI\2001_2025\EVI_Series_ID_EU_150-X039-Y029_2001_2025.tif,EVI_Series_ID_EU_150-X039-Y029_2001_2025.tif,EVI_Series_ID_EU_150-X039-Y029_2001_2025.tif,2001-2025,2001-01-01..2025-12-19,band-level; see time_index.csv,band-level; see time_index.csv,EU_150-X039-Y029,2001,2025,2001-01-01,2025-12-19,575,Float32,-Infinity,669,678,EPSG:3035,"[5434500.0,250.0,0.0,2657250.0,0.0,-250.0]",250.0,250.0,"[5434500.0,2487750.0,5601750.0,2657250.0]",0.0,0.0,DEFLATE,572700901,-0.199,1.0,0.3523175943171866,0.7008281460869565,575,6e3c1cfc064026514baec0512c4ad3d696aa72a6731b6323ca7821a6643b5be1,True,
A:\_BioGeo\liuxianx\Co_authors\ana\output\MODIS_EU_EVI\2001_2025\EVI_Series_ID_EU_150-X039-Y030_2001_2025.tif,EVI_Series_ID_EU_150-X039-Y030_2001_2025.tif,EVI_Series_ID_EU_150-X039-Y030_2001_2025.tif,2001-2025,2001-01-01..2025-12-19,band-level; see time_index.csv,band-level; see time_index.csv,EU_150-X039-Y030,2001,2025,2001-01-01,2025-12-19,575,Float32,-Infinity,668,677,EPSG:3035,"[5453500.0,250.0,0.0,2507500.0,0.0,-250.0]",250.0,250.0,"[5453500.0,2338250.0,5620500.0,2507500.0]",0.0,0.0,DEFLATE,617930591,-0.14,0.998,0.2960281738336463,0.7440081558280702,575,6e3c1cfc064026514baec0512c4ad3d696aa72a6731b6323ca7821a6643b5be1,True,
A:\_BioGeo\liuxianx\Co_authors\ana\output\MODIS_EU_EVI\2001_2025\EVI_Series_ID_EU_150-X039-Y031_2001_2025.tif,EVI_Series_ID_EU_150-X039-Y031_2001_2025.tif,EVI_Series_ID_EU_150-X039-Y031_2001_2025.tif,2001-2025,2001-01-01..2025-12-19,band-level; see time_index.csv,band-level; see time_index.csv,EU_150-X039-Y031,2001,2025,2001-01-01,2025-12-19,575,Float32,-Infinity,667,678,EPSG:3035,"[5472250.0,250.0,0.0,2358000.0,0.0,-250.0]",250.0,250.0,"[5472250.0,2188500.0,5639000.0,2358000.0]",0.0,0.0,DEFLATE,616231301,-0.199,0.996,0.3386159504152833,0.7514267704347827,575,6e3c1cfc064026514baec0512c4ad3d696aa72a6731b6323ca7821a6643b5be1,True,
A:\_BioGeo\liuxianx\Co_authors\ana\output\MODIS_EU_EVI\2001_2025\EVI_Series_ID_EU_150-X039-Y032_2001_2025.tif,EVI_Series_ID_EU_150-X039-Y032_2001_2025.tif,EVI_Series_ID_EU_150-X039-Y032_2001_2025.tif,2001-2025,2001-01-01..2025-12-19,band-level; see time_index.csv,band-level; see time_index.csv,EU_150-X039-Y032,2001,2025,2001-01-01,2025-12-19,575,Float32,-Infinity,665,678,EPSG:3035,"[5491000.0,250.0,0.0,2208250.0,0.0,-250.0]",250.0,250.0,"[5491000.0,2038750.0,5657250.0,2208250.0]",0.0,0.0,DEFLATE,427533421,-0.168,0.999,0.33282880051433694,0.5166634782608696,575,6e3c1cfc064026514baec0512c4ad3d696aa72a6731b6323ca7821a6643b5be1,True,
A:\_BioGeo\liuxianx\Co_authors\ana\output\MODIS_EU_EVI\2001_2025\EVI_Series_ID_EU_150-X039-Y033_2001_2025.tif,EVI_Series_ID_EU_150-X039-Y033_2001_2025.tif,EVI_Series_ID_EU_150-X039-Y033_2001_2025.tif,2001-2025,2001-01-01..2025-12-19,band-level; see time_index.csv,band-level; see time_index.csv,EU_150-X039-Y033,2001,2025,2001-01-01,2025-12-19,575,Float32,-Infinity,664,678,EPSG:3035,"[5509250.0,250.0,0.0,2058500.0,0.0,-250.0]",250.0,250.0,"[5509250.0,1889000.0,5675250.0,2058500.0]",0.0,0.0,DEFLATE,38185631,-0.14,0.925,0.2681388837717039,0.035109507826086954,575,6e3c1cfc064026514baec0512c4ad3d696aa72a6731b6323ca7821a6643b5be1,True,
A:\_BioGeo\liuxianx\Co_authors\ana\output\MODIS_EU_EVI\2001_2025\EVI_Series_ID_EU_150-X039-Y034_2001_2025.tif,EVI_Series_ID_EU_150-X039-Y034_2001_2025.tif,EVI_Series_ID_EU_150-X039-Y034_2001_2025.tif,2001-2025,2001-01-01..2025-12-19,band-level; see time_index.csv,band-level; see time_index.csv,EU_150-X039-Y034,2001,2025,2001-01-01,2025-12-19,575,Float32,-Infinity,663,677,EPSG:3035,"[5527250.0,250.0,0.0,1908500.0,0.0,-250.0]",250.0,250.0,"[5527250.0,1739250.0,5693000.0,1908500.0]",0.0,0.0,DEFLATE,106376549,-0.135,0.804,0.2567866115844488,0.11619415652173913,575,6e3c1cfc064026514baec0512c4ad3d696aa72a6731b6323ca7821a6643b5be1,True,
A:\_BioGeo\liuxianx\Co_authors\ana\output\MODIS_EU_EVI\2001_2025\EVI_Series_ID_EU_150-X039-Y035_2001_2025.tif,EVI_Series_ID_EU_150-X039-Y035_2001_2025.tif,EVI_Series_ID_EU_150-X039-Y035_2001_2025.tif,2001-2025,2001-01-01..2025-12-19,band-level; see time_index.csv,band-level; see time_index.csv,EU_150-X039-Y035,2001,2025,2001-01-01,2025-12-19,575,Float32,-Infinity,661,677,EPSG:3035,"[5545000.0,250.0,0.0,1758500.0,0.0,-250.0]",250.0,250.0,"[5545000.0,1589250.0,5710250.0,1758500.0]",0.0,0.0,DEFLATE,74535197,-0.064,0.837,0.1998548767494114,0.0772868695652174,575,6e3c1cfc064026514baec0512c4ad3d696aa72a6731b6323ca7821a6643b5be1,True,
A:\_BioGeo\liuxianx\Co_authors\ana\output\MODIS_EU_EVI\2001_2025\EVI_Series_ID_EU_150-X039-Y036_2001_2025.tif,EVI_Series_ID_EU_150-X039-Y036_2001_2025.tif,EVI_Series_ID_EU_150-X039-Y036_2001_2025.tif,2001-2025,2001-01-01..2025-12-19,band-level; see time_index.csv,band-level; see time_index.csv,EU_150-X039-Y036,2001,2025,2001-01-01,2025-12-19,575,Float32,-Infinity,661,677,EPSG:3035,"[5562250.0,250.0,0.0,1608500.0,0.0,-250.0]",250.0,250.0,"[5562250.0,1439250.0,5727500.0,1608500.0]",0.0,0.0,DEFLATE,166515163,-0.179,0.854,0.2701221583588085,0.19584671304347825,575,6e3c1cfc064026514baec0512c4ad3d696aa72a6731b6323ca7821a6643b5be1,True,
A:\_BioGeo\liuxianx\Co_authors\ana\output\MODIS_EU_EVI\2001_2025\EVI_Series_ID_EU_150-X039-Y037_2001_2025.tif,EVI_Series_ID_EU_150-X039-Y037_2001_2025.tif,EVI_Series_ID_EU_150-X039-Y037_2001_2025.tif,2001-2025,2001-01-01..2025-12-19,band-level; see time_index.csv,band-level; see time_index.csv,EU_150-X039-Y037,2001,2025,2001-01-01,2025-12-19,575,Float32,-Infinity,659,677,EPSG:3035,"[5579500.0,250.0,0.0,1458250.0,0.0,-250.0]",250.0,250.0,"[5579500.0,1289000.0,5744250.0,1458250.0]",0.0,0.0,DEFLATE,5711505,-0.081,0.531,0.15774274099281743,0.0025159147826086955,575,6e3c1cfc064026514baec0512c4ad3d696aa72a6731b6323ca7821a6643b5be1,True,
A:\_BioGeo\liuxianx\Co_authors\ana\output\MODIS_EU_EVI\2001_2025\EVI_Series_ID_EU_150-X040-Y011_2001_2025.tif,EVI_Series_ID_EU_150-X040-Y011_2001_2025.tif,EVI_Series_ID_EU_150-X040-Y011_2001_2025.tif,2001-2025,2001-01-01..2025-12-19,band-level; see time_index.csv,band-level; see time_index.csv,EU_150-X040-Y011,2001,2025,2001-01-01,2025-12-19,575,Float32,-Infinity,691,679,EPSG:3035,"[5190750.0,250.0,0.0,5357250.0,0.0,-250.0]",250.0,250.0,"[5190750.0,5187500.0,5363500.0,5357250.0]",0.0,0.0,DEFLATE,180498433,-0.2,0.99,0.3091046633272271,0.27561284578475337,575,6e3c1cfc064026514baec0512c4ad3d696aa72a6731b6323ca7821a6643b5be1,True,
A:\_BioGeo\liuxianx\Co_authors\ana\output\MODIS_EU_EVI\2001_2025\EVI_Series_ID_EU_150-X040-Y012_2001_2025.tif,EVI_Series_ID_EU_150-X040-Y012_2001_2025.tif,EVI_Series_ID_EU_150-X040-Y012_2001_2025.tif,2001-2025,2001-01-01..2025-12-19,band-level; see time_index.csv,band-level; see time_index.csv,EU_150-X040-Y012,2001,2025,2001-01-01,2025-12-19,575,Float32,-Infinity,690,679,EPSG:3035,"[5215000.0,250.0,0.0,5209000.0,0.0,-250.0]",250.0,250.0,"[5215000.0,5039250.0,5387500.0,5209000.0]",0.0,0.0,DEFLATE,263890687,-0.2,0.993,0.27971565573476886,0.38583263150537633,575,6e3c1cfc064026514baec0512c4ad3d696aa72a6731b6323ca7821a6643b5be1,True,
A:\_BioGeo\liuxianx\Co_authors\ana\output\MODIS_EU_EVI\2001_2025\EVI_Series_ID_EU_150-X040-Y013_2001_2025.tif,EVI_Series_ID_EU_150-X040-Y013_2001_2025.tif,EVI_Series_ID_EU_150-X040-Y013_2001_2025.tif,2001-2025,2001-01-01..2025-12-19,band-level; see time_index.csv,band-level; see time_index.csv,EU_150-X040-Y013,2001,2025,2001-01-01,2025-12-19,575,Float32,-Infinity,689,679,EPSG:3035,"[5238750.0,250.0,0.0,5060750.0,0.0,-250.0]",250.0,250.0,"[5238750.0,4891000.0,5411000.0,5060750.0]",0.0,0.0,DEFLATE,261101011,-0.198,0.853,0.27727524365224576,0.37351586000000003,575,6e3c1cfc064026514baec0512c4ad3d696aa72a6731b6323ca7821a6643b5be1,True,
A:\_BioGeo\liuxianx\Co_authors\ana\output\MODIS_EU_EVI\2001_2025\EVI_Series_ID_EU_150-X040-Y014_2001_2025.tif,EVI_Series_ID_EU_150-X040-Y014_2001_2025.tif,EVI_Series_ID_EU_150-X040-Y014_2001_2025.tif,2001-2025,2001-01-01..2025-12-19,band-level; see time_index.csv,band-level; see time_index.csv,EU_150-X040-Y014,2001,2025,2001-01-01,2025-12-19,575,Float32,-Infinity,687,679,EPSG:3035,"[5262500.0,250.0,0.0,4912250.0,0.0,-250.0]",250.0,250.0,"[5262500.0,4742500.0,5434250.0,4912250.0]",0.0,0.0,DEFLATE,311009151,-0.195,0.999,0.29600566200766815,0.4429253894308943,575,6e3c1cfc064026514baec0512c4ad3d696aa72a6731b6323ca7821a6643b5be1,True,
A:\_BioGeo\liuxianx\Co_authors\ana\output\MODIS_EU_EVI\2001_2025\EVI_Series_ID_EU_150-X040-Y015_2001_2025.tif,EVI_Series_ID_EU_150-X040-Y015_2001_2025.tif,EVI_Series_ID_EU_150-X040-Y015_2001_2025.tif,2001-2025,2001-01-01..2025-12-19,band-level; see time_index.csv,band-level; see time_index.csv,EU_150-X040-Y015,2001,2025,2001-01-01,2025-12-19,575,Float32,-Infinity,686,679,EPSG:3035,"[5285750.0,250.0,0.0,4763750.0,0.0,-250.0]",250.0,250.0,"[5285750.0,4594000.0,5457250.0,4763750.0]",0.0,0.0,DEFLATE,310992147,-0.199,0.988,0.3100459489870865,0.4258551955859375,575,6e3c1cfc064026514baec0512c4ad3d696aa72a6731b6323ca7821a6643b5be1,True,
A:\_BioGeo\liuxianx\Co_authors\ana\output\MODIS_EU_EVI\2001_2025\EVI_Series_ID_EU_150-X040-Y016_2001_2025.tif,EVI_Series_ID_EU_150-X040-Y016_2001_2025.tif,EVI_Series_ID_EU_150-X040-Y016_2001_2025.tif,2001-2025,2001-01-01..2025-12-19,band-level; see time_index.csv,band-level; see time_index.csv,EU_150-X040-Y016,2001,2025,2001-01-01,2025-12-19,575,Float32,-Infinity,685,679,EPSG:3035,"[5308750.0,250.0,0.0,4615250.0,0.0,-250.0]",250.0,250.0,"[5308750.0,4445500.0,5480000.0,4615250.0]",0.0,0.0,DEFLATE,343791011,-0.199,0.99,0.3076434840643088,0.429490932437276,575,6e3c1cfc064026514baec0512c4ad3d696aa72a6731b6323ca7821a6643b5be1,True,
A:\_BioGeo\liuxianx\Co_authors\ana\output\MODIS_EU_EVI\2001_2025\EVI_Series_ID_EU_150-X040-Y017_2001_2025.tif,EVI_Series_ID_EU_150-X040-Y017_2001_2025.tif,EVI_Series_ID_EU_150-X040-Y017_2001_2025.tif,2001-2025,2001-01-01..2025-12-19,band-level; see time_index.csv,band-level; see time_index.csv,EU_150-X040-Y017,2001,2025,2001-01-01,2025-12-19,575,Float32,-Infinity,683,678,EPSG:3035,"[5331500.0,250.0,0.0,4466500.0,0.0,-250.0]",250.0,250.0,"[5331500.0,4297000.0,5502250.0,4466500.0]",0.0,0.0,DEFLATE,274216667,-0.199,0.987,0.2338488457638924,0.33912513481675394,575,6e3c1cfc064026514baec0512c4ad3d696aa72a6731b6323ca7821a6643b5be1,True,
A:\_BioGeo\liuxianx\Co_authors\ana\output\MODIS_EU_EVI\2001_2025\EVI_Series_ID_EU_150-X040-Y018_2001_2025.tif,EVI_Series_ID_EU_150-X040-Y018_2001_2025.tif,EVI_Series_ID_EU_150-X040-Y018_2001_2025.tif,2001-2025,2001-01-01..2025-12-19,band-level; see time_index.csv,band-level; see time_index.csv,EU_150-X040-Y018,2001,2025,2001-01-01,2025-12-19,575,Float32,-Infinity,682,678,EPSG:3035,"[5354000.0,250.0,0.0,4317750.0,0.0,-250.0]",250.0,250.0,"[5354000.0,4148250.0,5524500.0,4317750.0]",0.0,0.0,DEFLATE,349041629,-0.199,0.999,0.34221976707435814,0.4307370355400697,575,6e3c1cfc064026514baec0512c4ad3d696aa72a6731b6323ca7821a6643b5be1,True,
A:\_BioGeo\liuxianx\Co_authors\ana\output\MODIS_EU_EVI\2001_2025\EVI_Series_ID_EU_150-X040-Y019_2001_2025.tif,EVI_Series_ID_EU_150-X040-Y019_2001_2025.tif,EVI_Series_ID_EU_150-X040-Y019_2001_2025.tif,2001-2025,2001-01-01..2025-12-19,band-level; see time_index.csv,band-level; see time_index.csv,EU_150-X040-Y019,2001,2025,2001-01-01,2025-12-19,575,Float32,-Infinity,681,678,EPSG:3035,"[5376000.0,250.0,0.0,4169000.0,0.0,-250.0]",250.0,250.0,"[5376000.0,3999500.0,5546250.0,4169000.0]",0.0,0.0,DEFLATE,422403893,-0.198,0.998,0.3758267756360927,0.5300712143992933,575,6e3c1cfc064026514baec0512c4ad3d696aa72a6731b6323ca7821a6643b5be1,True,
A:\_BioGeo\liuxianx\Co_authors\ana\output\MODIS_EU_EVI\2001_2025\EVI_Series_ID_EU_150-X040-Y020_2001_2025.tif,EVI_Series_ID_EU_150-X040-Y020_2001_2025.tif,EVI_Series_ID_EU_150-X040-Y020_2001_2025.tif,2001-2025,2001-01-01..2025-12-19,band-level; see time_index.csv,band-level; see time_index.csv,EU_150-X040-Y020,2001,2025,2001-01-01,2025-12-19,575,Float32,-Infinity,680,679,EPSG:3035,"[5398000.0,250.0,0.0,4020250.0,0.0,-250.0]",250.0,250.0,"[5398000.0,3850500.0,5568000.0,4020250.0]",0.0,0.0,DEFLATE,418192223,-0.198,0.997,0.3907882449149287,0.5198422489473684,575,6e3c1cfc064026514baec0512c4ad3d696aa72a6731b6323ca7821a6643b5be1,True,
A:\_BioGeo\liuxianx\Co_authors\ana\output\MODIS_EU_EVI\2001_2025\EVI_Series_ID_EU_150-X040-Y021_2001_2025.tif,EVI_Series_ID_EU_150-X040-Y021_2001_2025.tif,EVI_Series_ID_EU_150-X040-Y021_2001_2025.tif,2001-2025,2001-01-01..2025-12-19,band-level; see time_index.csv,band-level; see time_index.csv,EU_150-X040-Y021,2001,2025,2001-01-01,2025-12-19,575,Float32,-Infinity,679,678,EPSG:3035,"[5419500.0,250.0,0.0,3871250.0,0.0,-250.0]",250.0,250.0,"[5419500.0,3701750.0,5589250.0,3871250.0]",0.0,0.0,DEFLATE,430149235,-0.2,0.999,0.3750027299209548,0.5235418321465969,575,6e3c1cfc064026514baec0512c4ad3d696aa72a6731b6323ca7821a6643b5be1,True,
A:\_BioGeo\liuxianx\Co_authors\ana\output\MODIS_EU_EVI\2001_2025\EVI_Series_ID_EU_150-X040-Y022_2001_2025.tif,EVI_Series_ID_EU_150-X040-Y022_2001_2025.tif,EVI_Series_ID_EU_150-X040-Y022_2001_2025.tif,2001-2025,2001-01-01..2025-12-19,band-level; see time_index.csv,band-level; see time_index.csv,EU_150-X040-Y022,2001,2025,2001-01-01,2025-12-19,575,Float32,-Infinity,678,679,EPSG:3035,"[5440750.0,250.0,0.0,3722250.0,0.0,-250.0]",250.0,250.0,"[5440750.0,3552500.0,5610250.0,3722250.0]",0.0,0.0,DEFLATE,450784691,-0.19,1.0,0.3659015050466881,0.54567765495637,575,6e3c1cfc064026514baec0512c4ad3d696aa72a6731b6323ca7821a6643b5be1,True,
A:\_BioGeo\liuxianx\Co_authors\ana\output\MODIS_EU_EVI\2001_2025\EVI_Series_ID_EU_150-X040-Y023_2001_2025.tif,EVI_Series_ID_EU_150-X040-Y023_2001_2025.tif,EVI_Series_ID_EU_150-X040-Y023_2001_2025.tif,2001-2025,2001-01-01..2025-12-19,band-level; see time_index.csv,band-level; see time_index.csv,EU_150-X040-Y023,2001,2025,2001-01-01,2025-12-19,575,Float32,-Infinity,676,678,EPSG:3035,"[5462000.0,250.0,0.0,3573000.0,0.0,-250.0]",250.0,250.0,"[5462000.0,3403500.0,5631000.0,3573000.0]",0.0,0.0,DEFLATE,467071677,-0.196,1.0,0.3536226307016669,0.5796294396864111,575,6e3c1cfc064026514baec0512c4ad3d696aa72a6731b6323ca7821a6643b5be1,True,
A:\_BioGeo\liuxianx\Co_authors\ana\output\MODIS_EU_EVI\2001_2025\EVI_Series_ID_EU_150-X040-Y024_2001_2025.tif,EVI_Series_ID_EU_150-X040-Y024_2001_2025.tif,EVI_Series_ID_EU_150-X040-Y024_2001_2025.tif,2001-2025,2001-01-01..2025-12-19,band-level; see time_index.csv,band-level; see time_index.csv,EU_150-X040-Y024,2001,2025,2001-01-01,2025-12-19,575,Float32,-Infinity,675,678,EPSG:3035,"[5482750.0,250.0,0.0,3423750.0,0.0,-250.0]",250.0,250.0,"[5482750.0,3254250.0,5651500.0,3423750.0]",0.0,0.0,DEFLATE,506128711,-0.131,0.994,0.33468099940313867,0.6295556719337979,575,6e3c1cfc064026514baec0512c4ad3d696aa72a6731b6323ca7821a6643b5be1,True,
A:\_BioGeo\liuxianx\Co_authors\ana\output\MODIS_EU_EVI\2001_2025\EVI_Series_ID_EU_150-X040-Y025_2001_2025.tif,EVI_Series_ID_EU_150-X040-Y025_2001_2025.tif,EVI_Series_ID_EU_150-X040-Y025_2001_2025.tif,2001-2025,2001-01-01..2025-12-19,band-level; see time_index.csv,band-level; see time_index.csv,EU_150-X040-Y025,2001,2025,2001-01-01,2025-12-19,575,Float32,-Infinity,674,678,EPSG:3035,"[5503250.0,250.0,0.0,3274500.0,0.0,-250.0]",250.0,250.0,"[5503250.0,3105000.0,5671750.0,3274500.0]",0.0,0.0,DEFLATE,491716087,-0.122,0.998,0.3374035684330505,0.6222105394956521,575,6e3c1cfc064026514baec0512c4ad3d696aa72a6731b6323ca7821a6643b5be1,True,
A:\_BioGeo\liuxianx\Co_authors\ana\output\MODIS_EU_EVI\2001_2025\EVI_Series_ID_EU_150-X040-Y026_2001_2025.tif,EVI_Series_ID_EU_150-X040-Y026_2001_2025.tif,EVI_Series_ID_EU_150-X040-Y026_2001_2025.tif,2001-2025,2001-01-01..2025-12-19,band-level; see time_index.csv,band-level; see time_index.csv,EU_150-X040-Y026,2001,2025,2001-01-01,2025-12-19,575,Float32,-Infinity,672,678,EPSG:3035,"[5523500.0,250.0,0.0,3125250.0,0.0,-250.0]",250.0,250.0,"[5523500.0,2955750.0,5691500.0,3125250.0]",0.0,0.0,DEFLATE,520877925,-0.192,1.0,0.3223226186121192,0.6511240781557522,575,6e3c1cfc064026514baec0512c4ad3d696aa72a6731b6323ca7821a6643b5be1,True,
A:\_BioGeo\liuxianx\Co_authors\ana\output\MODIS_EU_EVI\2001_2025\EVI_Series_ID_EU_150-X040-Y027_2001_2025.tif,EVI_Series_ID_EU_150-X040-Y027_2001_2025.tif,EVI_Series_ID_EU_150-X040-Y027_2001_2025.tif,2001-2025,2001-01-01..2025-12-19,band-level; see time_index.csv,band-level; see time_index.csv,EU_150-X040-Y027,2001,2025,2001-01-01,2025-12-19,575,Float32,-Infinity,672,678,EPSG:3035,"[5543250.0,250.0,0.0,2975750.0,0.0,-250.0]",250.0,250.0,"[5543250.0,2806250.0,5711250.0,2975750.0]",0.0,0.0,DEFLATE,550311659,-0.175,0.995,0.28913957052203676,0.6872763465156794,575,6e3c1cfc064026514baec0512c4ad3d696aa72a6731b6323ca7821a6643b5be1,True,
A:\_BioGeo\liuxianx\Co_authors\ana\output\MODIS_EU_EVI\2001_2025\EVI_Series_ID_EU_150-X040-Y028_2001_2025.tif,EVI_Series_ID_EU_150-X040-Y028_2001_2025.tif,EVI_Series_ID_EU_150-X040-Y028_2001_2025.tif,2001-2025,2001-01-01..2025-12-19,band-level; see time_index.csv,band-level; see time_index.csv,EU_150-X040-Y028,2001,2025,2001-01-01,2025-12-19,575,Float32,-Infinity,670,677,EPSG:3035,"[5563000.0,250.0,0.0,2826250.0,0.0,-250.0]",250.0,250.0,"[5563000.0,2657000.0,5730500.0,2826250.0]",0.0,0.0,DEFLATE,579252155,-0.199,0.986,0.3177700180282825,0.7034609751304348,575,6e3c1cfc064026514baec0512c4ad3d696aa72a6731b6323ca7821a6643b5be1,True,
A:\_BioGeo\liuxianx\Co_authors\ana\output\MODIS_EU_EVI\2001_2025\EVI_Series_ID_EU_150-X040-Y029_2001_2025.tif,EVI_Series_ID_EU_150-X040-Y029_2001_2025.tif,EVI_Series_ID_EU_150-X040-Y029_2001_2025.tif,2001-2025,2001-01-01..2025-12-19,band-level; see time_index.csv,band-level; see time_index.csv,EU_150-X040-Y029,2001,2025,2001-01-01,2025-12-19,575,Float32,-Infinity,669,678,EPSG:3035,"[5582250.0,250.0,0.0,2676750.0,0.0,-250.0]",250.0,250.0,"[5582250.0,2507250.0,5749500.0,2676750.0]",0.0,0.0,DEFLATE,610774967,-0.152,0.995,0.29079269737032776,0.7279412765217391,575,6e3c1cfc064026514baec0512c4ad3d696aa72a6731b6323ca7821a6643b5be1,True,
A:\_BioGeo\liuxianx\Co_authors\ana\output\MODIS_EU_EVI\2001_2025\EVI_Series_ID_EU_150-X040-Y030_2001_2025.tif,EVI_Series_ID_EU_150-X040-Y030_2001_2025.tif,EVI_Series_ID_EU_150-X040-Y030_2001_2025.tif,2001-2025,2001-01-01..2025-12-19,band-level; see time_index.csv,band-level; see time_index.csv,EU_150-X040-Y030,2001,2025,2001-01-01,2025-12-19,575,Float32,-Infinity,668,677,EPSG:3035,"[5601500.0,250.0,0.0,2527000.0,0.0,-250.0]",250.0,250.0,"[5601500.0,2357750.0,5768500.0,2527000.0]",0.0,0.0,DEFLATE,628365175,-0.151,0.998,0.3094208507717201,0.7467664006968641,575,6e3c1cfc064026514baec0512c4ad3d696aa72a6731b6323ca7821a6643b5be1,True,
A:\_BioGeo\liuxianx\Co_authors\ana\output\MODIS_EU_EVI\2001_2025\EVI_Series_ID_EU_150-X040-Y031_2001_2025.tif,EVI_Series_ID_EU_150-X040-Y031_2001_2025.tif,EVI_Series_ID_EU_150-X040-Y031_2001_2025.tif,2001-2025,2001-01-01..2025-12-19,band-level; see time_index.csv,band-level; see time_index.csv,EU_150-X040-Y031,2001,2025,2001-01-01,2025-12-19,575,Float32,-Infinity,667,677,EPSG:3035,"[5620250.0,250.0,0.0,2377250.0,0.0,-250.0]",250.0,250.0,"[5620250.0,2208000.0,5787000.0,2377250.0]",0.0,0.0,DEFLATE,609059347,-0.12,1.0,0.32368294085722565,0.7470311652173913,575,6e3c1cfc064026514baec0512c4ad3d696aa72a6731b6323ca7821a6643b5be1,True,
A:\_BioGeo\liuxianx\Co_authors\ana\output\MODIS_EU_EVI\2001_2025\EVI_Series_ID_EU_150-X040-Y032_2001_2025.tif,EVI_Series_ID_EU_150-X040-Y032_2001_2025.tif,EVI_Series_ID_EU_150-X040-Y032_2001_2025.tif,2001-2025,2001-01-01..2025-12-19,band-level; see time_index.csv,band-level; see time_index.csv,EU_150-X040-Y032,2001,2025,2001-01-01,2025-12-19,575,Float32,-Infinity,665,677,EPSG:3035,"[5638750.0,250.0,0.0,2227500.0,0.0,-250.0]",250.0,250.0,"[5638750.0,2058250.0,5805000.0,2227500.0]",0.0,0.0,DEFLATE,514037635,-0.119,0.987,0.28884191780960444,0.622653095652174,575,6e3c1cfc064026514baec0512c4ad3d696aa72a6731b6323ca7821a6643b5be1,True,
A:\_BioGeo\liuxianx\Co_authors\ana\output\MODIS_EU_EVI\2001_2025\EVI_Series_ID_EU_150-X040-Y033_2001_2025.tif,EVI_Series_ID_EU_150-X040-Y033_2001_2025.tif,EVI_Series_ID_EU_150-X040-Y033_2001_2025.tif,2001-2025,2001-01-01..2025-12-19,band-level; see time_index.csv,band-level; see time_index.csv,EU_150-X040-Y033,2001,2025,2001-01-01,2025-12-19,575,Float32,-Infinity,664,677,EPSG:3035,"[5657000.0,250.0,0.0,2077500.0,0.0,-250.0]",250.0,250.0,"[5657000.0,1908250.0,5823000.0,2077500.0]",0.0,0.0,DEFLATE,442911101,-0.125,0.994,0.3053992609664278,0.5250570434782609,575,6e3c1cfc064026514baec0512c4ad3d696aa72a6731b6323ca7821a6643b5be1,True,
A:\_BioGeo\liuxianx\Co_authors\ana\output\MODIS_EU_EVI\2001_2025\EVI_Series_ID_EU_150-X040-Y034_2001_2025.tif,EVI_Series_ID_EU_150-X040-Y034_2001_2025.tif,EVI_Series_ID_EU_150-X040-Y034_2001_2025.tif,2001-2025,2001-01-01..2025-12-19,band-level; see time_index.csv,band-level; see time_index.csv,EU_150-X040-Y034,2001,2025,2001-01-01,2025-12-19,575,Float32,-Infinity,663,677,EPSG:3035,"[5675000.0,250.0,0.0,1927500.0,0.0,-250.0]",250.0,250.0,"[5675000.0,1758250.0,5840750.0,1927500.0]",0.0,0.0,DEFLATE,226652675,-0.133,0.937,0.26518263358701116,0.2568135652173913,575,6e3c1cfc064026514baec0512c4ad3d696aa72a6731b6323ca7821a6643b5be1,True,
A:\_BioGeo\liuxianx\Co_authors\ana\output\MODIS_EU_EVI\2001_2025\EVI_Series_ID_EU_150-X040-Y035_2001_2025.tif,EVI_Series_ID_EU_150-X040-Y035_2001_2025.tif,EVI_Series_ID_EU_150-X040-Y035_2001_2025.tif,2001-2025,2001-01-01..2025-12-19,band-level; see time_index.csv,band-level; see time_index.csv,EU_150-X040-Y035,2001,2025,2001-01-01,2025-12-19,575,Float32,-Infinity,661,677,EPSG:3035,"[5692750.0,250.0,0.0,1777500.0,0.0,-250.0]",250.0,250.0,"[5692750.0,1608250.0,5858000.0,1777500.0]",0.0,0.0,DEFLATE,49527807,-0.07,0.841,0.18531373846645532,0.050061913043478255,575,6e3c1cfc064026514baec0512c4ad3d696aa72a6731b6323ca7821a6643b5be1,True,
A:\_BioGeo\liuxianx\Co_authors\ana\output\MODIS_EU_EVI\2001_2025\EVI_Series_ID_EU_150-X040-Y036_2001_2025.tif,EVI_Series_ID_EU_150-X040-Y036_2001_2025.tif,EVI_Series_ID_EU_150-X040-Y036_2001_2025.tif,2001-2025,2001-01-01..2025-12-19,band-level; see time_index.csv,band-level; see time_index.csv,EU_150-X040-Y036,2001,2025,2001-01-01,2025-12-19,575,Float32,-Infinity,660,677,EPSG:3035,"[5710000.0,250.0,0.0,1627250.0,0.0,-250.0]",250.0,250.0,"[5710000.0,1458000.0,5875000.0,1627250.0]",0.0,0.0,DEFLATE,75311499,-0.12,0.86,0.23847615764602118,0.08329459130434783,575,6e3c1cfc064026514baec0512c4ad3d696aa72a6731b6323ca7821a6643b5be1,True,
A:\_BioGeo\liuxianx\Co_authors\ana\output\MODIS_EU_EVI\2001_2025\EVI_Series_ID_EU_150-X041-Y011_2001_2025.tif,EVI_Series_ID_EU_150-X041-Y011_2001_2025.tif,EVI_Series_ID_EU_150-X041-Y011_2001_2025.tif,2001-2025,2001-01-01..2025-12-19,band-level; see time_index.csv,band-level; see time_index.csv,EU_150-X041-Y011,2001,2025,2001-01-01,2025-12-19,575,Float32,-Infinity,690,679,EPSG:3035,"[5339250.0,250.0,0.0,5378500.0,0.0,-250.0]",250.0,250.0,"[5339250.0,5208750.0,5511750.0,5378500.0]",0.0,0.0,DEFLATE,106486941,-0.2,0.981,0.2846907058040759,0.16443801883908046,575,6e3c1cfc064026514baec0512c4ad3d696aa72a6731b6323ca7821a6643b5be1,True,
A:\_BioGeo\liuxianx\Co_authors\ana\output\MODIS_EU_EVI\2001_2025\EVI_Series_ID_EU_150-X041-Y012_2001_2025.tif,EVI_Series_ID_EU_150-X041-Y012_2001_2025.tif,EVI_Series_ID_EU_150-X041-Y012_2001_2025.tif,2001-2025,2001-01-01..2025-12-19,band-level; see time_index.csv,band-level; see time_index.csv,EU_150-X041-Y012,2001,2025,2001-01-01,2025-12-19,575,Float32,-Infinity,690,679,EPSG:3035,"[5363250.0,250.0,0.0,5230250.0,0.0,-250.0]",250.0,250.0,"[5363250.0,5060500.0,5535750.0,5230250.0]",0.0,0.0,DEFLATE,262551913,-0.197,0.987,0.3100144259858977,0.47016603568702287,575,6e3c1cfc064026514baec0512c4ad3d696aa72a6731b6323ca7821a6643b5be1,True,
A:\_BioGeo\liuxianx\Co_authors\ana\output\MODIS_EU_EVI\2001_2025\EVI_Series_ID_EU_150-X041-Y013_2001_2025.tif,EVI_Series_ID_EU_150-X041-Y013_2001_2025.tif,EVI_Series_ID_EU_150-X041-Y013_2001_2025.tif,2001-2025,2001-01-01..2025-12-19,band-level; see time_index.csv,band-level; see time_index.csv,EU_150-X041-Y013,2001,2025,2001-01-01,2025-12-19,575,Float32,-Infinity,688,679,EPSG:3035,"[5387250.0,250.0,0.0,5081750.0,0.0,-250.0]",250.0,250.0,"[5387250.0,4912000.0,5559250.0,5081750.0]",0.0,0.0,DEFLATE,116765117,-0.196,0.896,0.3136165532722976,0.1886326077014218,575,6e3c1cfc064026514baec0512c4ad3d696aa72a6731b6323ca7821a6643b5be1,True,
A:\_BioGeo\liuxianx\Co_authors\ana\output\MODIS_EU_EVI\2001_2025\EVI_Series_ID_EU_150-X041-Y014_2001_2025.tif,EVI_Series_ID_EU_150-X041-Y014_2001_2025.tif,EVI_Series_ID_EU_150-X041-Y014_2001_2025.tif,2001-2025,2001-01-01..2025-12-19,band-level; see time_index.csv,band-level; see time_index.csv,EU_150-X041-Y014,2001,2025,2001-01-01,2025-12-19,575,Float32,-Infinity,687,679,EPSG:3035,"[5410750.0,250.0,0.0,4933250.0,0.0,-250.0]",250.0,250.0,"[5410750.0,4763500.0,5582500.0,4933250.0]",0.0,0.0,DEFLATE,168202427,-0.197,0.902,0.30895234459416737,0.2333583336400818,575,6e3c1cfc064026514baec0512c4ad3d696aa72a6731b6323ca7821a6643b5be1,True,
A:\_BioGeo\liuxianx\Co_authors\ana\output\MODIS_EU_EVI\2001_2025\EVI_Series_ID_EU_150-X041-Y015_2001_2025.tif,EVI_Series_ID_EU_150-X041-Y015_2001_2025.tif,EVI_Series_ID_EU_150-X041-Y015_2001_2025.tif,2001-2025,2001-01-01..2025-12-19,band-level; see time_index.csv,band-level; see time_index.csv,EU_150-X041-Y015,2001,2025,2001-01-01,2025-12-19,575,Float32,-Infinity,686,678,EPSG:3035,"[5434000.0,250.0,0.0,4784500.0,0.0,-250.0]",250.0,250.0,"[5434000.0,4615000.0,5605500.0,4784500.0]",0.0,0.0,DEFLATE,303293381,-0.199,0.997,0.30224784362958185,0.4158809559386973,575,6e3c1cfc064026514baec0512c4ad3d696aa72a6731b6323ca7821a6643b5be1,True,
A:\_BioGeo\liuxianx\Co_authors\ana\output\MODIS_EU_EVI\2001_2025\EVI_Series_ID_EU_150-X041-Y016_2001_2025.tif,EVI_Series_ID_EU_150-X041-Y016_2001_2025.tif,EVI_Series_ID_EU_150-X041-Y016_2001_2025.tif,2001-2025,2001-01-01..2025-12-19,band-level; see time_index.csv,band-level; see time_index.csv,EU_150-X041-Y016,2001,2025,2001-01-01,2025-12-19,575,Float32,-Infinity,684,679,EPSG:3035,"[5457000.0,250.0,0.0,4636000.0,0.0,-250.0]",250.0,250.0,"[5457000.0,4466250.0,5628000.0,4636000.0]",0.0,0.0,DEFLATE,331320213,-0.2,0.983,0.29545763444889644,0.4031771124780317,575,6e3c1cfc064026514baec0512c4ad3d696aa72a6731b6323ca7821a6643b5be1,True,
A:\_BioGeo\liuxianx\Co_authors\ana\output\MODIS_EU_EVI\2001_2025\EVI_Series_ID_EU_150-X041-Y017_2001_2025.tif,EVI_Series_ID_EU_150-X041-Y017_2001_2025.tif,EVI_Series_ID_EU_150-X041-Y017_2001_2025.tif,2001-2025,2001-01-01..2025-12-19,band-level; see time_index.csv,band-level; see time_index.csv,EU_150-X041-Y017,2001,2025,2001-01-01,2025-12-19,575,Float32,-Infinity,683,679,EPSG:3035,"[5479750.0,250.0,0.0,4487250.0,0.0,-250.0]",250.0,250.0,"[5479750.0,4317500.0,5650500.0,4487250.0]",0.0,0.0,DEFLATE,324751713,-0.199,0.999,0.3136313409644081,0.40741935860869566,575,6e3c1cfc064026514baec0512c4ad3d696aa72a6731b6323ca7821a6643b5be1,True,
A:\_BioGeo\liuxianx\Co_authors\ana\output\MODIS_EU_EVI\2001_2025\EVI_Series_ID_EU_150-X041-Y018_2001_2025.tif,EVI_Series_ID_EU_150-X041-Y018_2001_2025.tif,EVI_Series_ID_EU_150-X041-Y018_2001_2025.tif,2001-2025,2001-01-01..2025-12-19,band-level; see time_index.csv,band-level; see time_index.csv,EU_150-X041-Y018,2001,2025,2001-01-01,2025-12-19,575,Float32,-Infinity,682,679,EPSG:3035,"[5502000.0,250.0,0.0,4338500.0,0.0,-250.0]",250.0,250.0,"[5502000.0,4168750.0,5672500.0,4338500.0]",0.0,0.0,DEFLATE,385946705,-0.2,0.998,0.37084820465339374,0.47538515510452956,575,6e3c1cfc064026514baec0512c4ad3d696aa72a6731b6323ca7821a6643b5be1,True,
A:\_BioGeo\liuxianx\Co_authors\ana\output\MODIS_EU_EVI\2001_2025\EVI_Series_ID_EU_150-X041-Y019_2001_2025.tif,EVI_Series_ID_EU_150-X041-Y019_2001_2025.tif,EVI_Series_ID_EU_150-X041-Y019_2001_2025.tif,2001-2025,2001-01-01..2025-12-19,band-level; see time_index.csv,band-level; see time_index.csv,EU_150-X041-Y019,2001,2025,2001-01-01,2025-12-19,575,Float32,-Infinity,681,678,EPSG:3035,"[5524250.0,250.0,0.0,4189500.0,0.0,-250.0]",250.0,250.0,"[5524250.0,4020000.0,5694500.0,4189500.0]",0.0,0.0,DEFLATE,397818413,-0.198,0.999,0.3623258704580284,0.4932701865148862,575,6e3c1cfc064026514baec0512c4ad3d696aa72a6731b6323ca7821a6643b5be1,True,
A:\_BioGeo\liuxianx\Co_authors\ana\output\MODIS_EU_EVI\2001_2025\EVI_Series_ID_EU_150-X041-Y020_2001_2025.tif,EVI_Series_ID_EU_150-X041-Y020_2001_2025.tif,EVI_Series_ID_EU_150-X041-Y020_2001_2025.tif,2001-2025,2001-01-01..2025-12-19,band-level; see time_index.csv,band-level; see time_index.csv,EU_150-X041-Y020,2001,2025,2001-01-01,2025-12-19,575,Float32,-Infinity,680,678,EPSG:3035,"[5546000.0,250.0,0.0,4040500.0,0.0,-250.0]",250.0,250.0,"[5546000.0,3871000.0,5716000.0,4040500.0]",0.0,0.0,DEFLATE,395250973,-0.193,0.999,0.37014184302921627,0.5064766086538461,575,6e3c1cfc064026514baec0512c4ad3d696aa72a6731b6323ca7821a6643b5be1,True,
A:\_BioGeo\liuxianx\Co_authors\ana\output\MODIS_EU_EVI\2001_2025\EVI_Series_ID_EU_150-X041-Y021_2001_2025.tif,EVI_Series_ID_EU_150-X041-Y021_2001_2025.tif,EVI_Series_ID_EU_150-X041-Y021_2001_2025.tif,2001-2025,2001-01-01..2025-12-19,band-level; see time_index.csv,band-level; see time_index.csv,EU_150-X041-Y021,2001,2025,2001-01-01,2025-12-19,575,Float32,-Infinity,678,678,EPSG:3035,"[5567750.0,250.0,0.0,3891500.0,0.0,-250.0]",250.0,250.0,"[5567750.0,3722000.0,5737250.0,3891500.0]",0.0,0.0,DEFLATE,399895037,-0.196,0.999,0.3894909362503812,0.5136937679122807,575,6e3c1cfc064026514baec0512c4ad3d696aa72a6731b6323ca7821a6643b5be1,True,
A:\_BioGeo\liuxianx\Co_authors\ana\output\MODIS_EU_EVI\2001_2025\EVI_Series_ID_EU_150-X041-Y022_2001_2025.tif,EVI_Series_ID_EU_150-X041-Y022_2001_2025.tif,EVI_Series_ID_EU_150-X041-Y022_2001_2025.tif,2001-2025,2001-01-01..2025-12-19,band-level; see time_index.csv,band-level; see time_index.csv,EU_150-X041-Y022,2001,2025,2001-01-01,2025-12-19,575,Float32,-Infinity,677,678,EPSG:3035,"[5589000.0,250.0,0.0,3742250.0,0.0,-250.0]",250.0,250.0,"[5589000.0,3572750.0,5758250.0,3742250.0]",0.0,0.0,DEFLATE,431954333,-0.188,0.999,0.3821936584766133,0.5250803672854641,575,6e3c1cfc064026514baec0512c4ad3d696aa72a6731b6323ca7821a6643b5be1,True,
A:\_BioGeo\liuxianx\Co_authors\ana\output\MODIS_EU_EVI\2001_2025\EVI_Series_ID_EU_150-X041-Y023_2001_2025.tif,EVI_Series_ID_EU_150-X041-Y023_2001_2025.tif,EVI_Series_ID_EU_150-X041-Y023_2001_2025.tif,2001-2025,2001-01-01..2025-12-19,band-level; see time_index.csv,band-level; see time_index.csv,EU_150-X041-Y023,2001,2025,2001-01-01,2025-12-19,575,Float32,-Infinity,676,678,EPSG:3035,"[5610000.0,250.0,0.0,3593000.0,0.0,-250.0]",250.0,250.0,"[5610000.0,3423500.0,5779000.0,3593000.0]",0.0,0.0,DEFLATE,455246133,-0.186,0.997,0.359649272224373,0.5665645861888111,575,6e3c1cfc064026514baec0512c4ad3d696aa72a6731b6323ca7821a6643b5be1,True,
A:\_BioGeo\liuxianx\Co_authors\ana\output\MODIS_EU_EVI\2001_2025\EVI_Series_ID_EU_150-X041-Y024_2001_2025.tif,EVI_Series_ID_EU_150-X041-Y024_2001_2025.tif,EVI_Series_ID_EU_150-X041-Y024_2001_2025.tif,2001-2025,2001-01-01..2025-12-19,band-level; see time_index.csv,band-level; see time_index.csv,EU_150-X041-Y024,2001,2025,2001-01-01,2025-12-19,575,Float32,-Infinity,675,678,EPSG:3035,"[5630750.0,250.0,0.0,3443750.0,0.0,-250.0]",250.0,250.0,"[5630750.0,3274250.0,5799500.0,3443750.0]",0.0,0.0,DEFLATE,503230879,-0.19,0.999,0.3303439934964613,0.6133222724258289,575,6e3c1cfc064026514baec0512c4ad3d696aa72a6731b6323ca7821a6643b5be1,True,
A:\_BioGeo\liuxianx\Co_authors\ana\output\MODIS_EU_EVI\2001_2025\EVI_Series_ID_EU_150-X041-Y025_2001_2025.tif,EVI_Series_ID_EU_150-X041-Y025_2001_2025.tif,EVI_Series_ID_EU_150-X041-Y025_2001_2025.tif,2001-2025,2001-01-01..2025-12-19,band-level; see time_index.csv,band-level; see time_index.csv,EU_150-X041-Y025,2001,2025,2001-01-01,2025-12-19,575,Float32,-Infinity,673,678,EPSG:3035,"[5651250.0,250.0,0.0,3294500.0,0.0,-250.0]",250.0,250.0,"[5651250.0,3125000.0,5819500.0,3294500.0]",0.0,0.0,DEFLATE,523967619,-0.198,1.0,0.30397947728046965,0.6391956895943562,575,6e3c1cfc064026514baec0512c4ad3d696aa72a6731b6323ca7821a6643b5be1,True,
A:\_BioGeo\liuxianx\Co_authors\ana\output\MODIS_EU_EVI\2001_2025\EVI_Series_ID_EU_150-X041-Y026_2001_2025.tif,EVI_Series_ID_EU_150-X041-Y026_2001_2025.tif,EVI_Series_ID_EU_150-X041-Y026_2001_2025.tif,2001-2025,2001-01-01..2025-12-19,band-level; see time_index.csv,band-level; see time_index.csv,EU_150-X041-Y026,2001,2025,2001-01-01,2025-12-19,575,Float32,-Infinity,672,678,EPSG:3035,"[5671500.0,250.0,0.0,3145000.0,0.0,-250.0]",250.0,250.0,"[5671500.0,2975500.0,5839500.0,3145000.0]",0.0,0.0,DEFLATE,529870775,-0.156,0.998,0.2960373980162785,0.658072166254417,575,6e3c1cfc064026514baec0512c4ad3d696aa72a6731b6323ca7821a6643b5be1,True,
A:\_BioGeo\liuxianx\Co_authors\ana\output\MODIS_EU_EVI\2001_2025\EVI_Series_ID_EU_150-X041-Y027_2001_2025.tif,EVI_Series_ID_EU_150-X041-Y027_2001_2025.tif,EVI_Series_ID_EU_150-X041-Y027_2001_2025.tif,2001-2025,2001-01-01..2025-12-19,band-level; see time_index.csv,band-level; see time_index.csv,EU_150-X041-Y027,2001,2025,2001-01-01,2025-12-19,575,Float32,-Infinity,671,678,EPSG:3035,"[5691250.0,250.0,0.0,2995500.0,0.0,-250.0]",250.0,250.0,"[5691250.0,2826000.0,5859000.0,2995500.0]",0.0,0.0,DEFLATE,578393345,-0.116,0.993,0.26660903906432265,0.7002229835714286,575,6e3c1cfc064026514baec0512c4ad3d696aa72a6731b6323ca7821a6643b5be1,True,
A:\_BioGeo\liuxianx\Co_authors\ana\output\MODIS_EU_EVI\2001_2025\EVI_Series_ID_EU_150-X041-Y028_2001_2025.tif,EVI_Series_ID_EU_150-X041-Y028_2001_2025.tif,EVI_Series_ID_EU_150-X041-Y028_2001_2025.tif,2001-2025,2001-01-01..2025-12-19,band-level; see time_index.csv,band-level; see time_index.csv,EU_150-X041-Y028,2001,2025,2001-01-01,2025-12-19,575,Float32,-Infinity,669,677,EPSG:3035,"[5711000.0,250.0,0.0,2845750.0,0.0,-250.0]",250.0,250.0,"[5711000.0,2676500.0,5878250.0,2845750.0]",0.0,0.0,DEFLATE,555597105,-0.136,0.99,0.2462734918300349,0.6789213501742161,575,6e3c1cfc064026514baec0512c4ad3d696aa72a6731b6323ca7821a6643b5be1,True,
A:\_BioGeo\liuxianx\Co_authors\ana\output\MODIS_EU_EVI\2001_2025\EVI_Series_ID_EU_150-X041-Y029_2001_2025.tif,EVI_Series_ID_EU_150-X041-Y029_2001_2025.tif,EVI_Series_ID_EU_150-X041-Y029_2001_2025.tif,2001-2025,2001-01-01..2025-12-19,band-level; see time_index.csv,band-level; see time_index.csv,EU_150-X041-Y029,2001,2025,2001-01-01,2025-12-19,575,Float32,-Infinity,669,678,EPSG:3035,"[5730250.0,250.0,0.0,2696250.0,0.0,-250.0]",250.0,250.0,"[5730250.0,2526750.0,5897500.0,2696250.0]",0.0,0.0,DEFLATE,354881717,-0.177,0.997,0.26221842995766936,0.4217635693913043,575,6e3c1cfc064026514baec0512c4ad3d696aa72a6731b6323ca7821a6643b5be1,True,
A:\_BioGeo\liuxianx\Co_authors\ana\output\MODIS_EU_EVI\2001_2025\EVI_Series_ID_EU_150-X041-Y030_2001_2025.tif,EVI_Series_ID_EU_150-X041-Y030_2001_2025.tif,EVI_Series_ID_EU_150-X041-Y030_2001_2025.tif,2001-2025,2001-01-01..2025-12-19,band-level; see time_index.csv,band-level; see time_index.csv,EU_150-X041-Y030,2001,2025,2001-01-01,2025-12-19,575,Float32,-Infinity,668,677,EPSG:3035,"[5749250.0,250.0,0.0,2546250.0,0.0,-250.0]",250.0,250.0,"[5749250.0,2377000.0,5916250.0,2546250.0]",0.0,0.0,DEFLATE,149518329,-0.176,0.974,0.2711331097908134,0.1729817855148342,575,6e3c1cfc064026514baec0512c4ad3d696aa72a6731b6323ca7821a6643b5be1,True,
A:\_BioGeo\liuxianx\Co_authors\ana\output\MODIS_EU_EVI\2001_2025\EVI_Series_ID_EU_150-X041-Y031_2001_2025.tif,EVI_Series_ID_EU_150-X041-Y031_2001_2025.tif,EVI_Series_ID_EU_150-X041-Y031_2001_2025.tif,2001-2025,2001-01-01..2025-12-19,band-level; see time_index.csv,band-level; see time_index.csv,EU_150-X041-Y031,2001,2025,2001-01-01,2025-12-19,575,Float32,-Infinity,665,677,EPSG:3035,"[5768250.0,250.0,0.0,2396500.0,0.0,-250.0]",250.0,250.0,"[5768250.0,2227250.0,5934500.0,2396500.0]",0.0,0.0,DEFLATE,58733259,-0.198,0.987,0.3959251577390935,0.06400210991304348,575,6e3c1cfc064026514baec0512c4ad3d696aa72a6731b6323ca7821a6643b5be1,True,
A:\_BioGeo\liuxianx\Co_authors\ana\output\MODIS_EU_EVI\2001_2025\EVI_Series_ID_EU_150-X041-Y032_2001_2025.tif,EVI_Series_ID_EU_150-X041-Y032_2001_2025.tif,EVI_Series_ID_EU_150-X041-Y032_2001_2025.tif,2001-2025,2001-01-01..2025-12-19,band-level; see time_index.csv,band-level; see time_index.csv,EU_150-X041-Y032,2001,2025,2001-01-01,2025-12-19,575,Float32,-Infinity,664,677,EPSG:3035,"[5786750.0,250.0,0.0,2246500.0,0.0,-250.0]",250.0,250.0,"[5786750.0,2077250.0,5952750.0,2246500.0]",0.0,0.0,DEFLATE,347100967,-0.107,0.994,0.3041340022877468,0.40323711304347826,575,6e3c1cfc064026514baec0512c4ad3d696aa72a6731b6323ca7821a6643b5be1,True,
A:\_BioGeo\liuxianx\Co_authors\ana\output\MODIS_EU_EVI\2001_2025\EVI_Series_ID_EU_150-X041-Y033_2001_2025.tif,EVI_Series_ID_EU_150-X041-Y033_2001_2025.tif,EVI_Series_ID_EU_150-X041-Y033_2001_2025.tif,2001-2025,2001-01-01..2025-12-19,band-level; see time_index.csv,band-level; see time_index.csv,EU_150-X041-Y033,2001,2025,2001-01-01,2025-12-19,575,Float32,-Infinity,664,677,EPSG:3035,"[5804750.0,250.0,0.0,2096500.0,0.0,-250.0]",250.0,250.0,"[5804750.0,1927250.0,5970750.0,2096500.0]",0.0,0.0,DEFLATE,619006583,-0.186,0.947,0.287454649781626,0.7786396521739131,575,6e3c1cfc064026514baec0512c4ad3d696aa72a6731b6323ca7821a6643b5be1,True,
A:\_BioGeo\liuxianx\Co_authors\ana\output\MODIS_EU_EVI\2001_2025\EVI_Series_ID_EU_150-X041-Y034_2001_2025.tif,EVI_Series_ID_EU_150-X041-Y034_2001_2025.tif,EVI_Series_ID_EU_150-X041-Y034_2001_2025.tif,2001-2025,2001-01-01..2025-12-19,band-level; see time_index.csv,band-level; see time_index.csv,EU_150-X041-Y034,2001,2025,2001-01-01,2025-12-19,575,Float32,-Infinity,662,677,EPSG:3035,"[5822750.0,250.0,0.0,1946500.0,0.0,-250.0]",250.0,250.0,"[5822750.0,1777250.0,5988250.0,1946500.0]",0.0,0.0,DEFLATE,641737781,-0.182,0.976,0.2762949015344962,0.7989820869565217,575,6e3c1cfc064026514baec0512c4ad3d696aa72a6731b6323ca7821a6643b5be1,True,
A:\_BioGeo\liuxianx\Co_authors\ana\output\MODIS_EU_EVI\2001_2025\EVI_Series_ID_EU_150-X041-Y035_2001_2025.tif,EVI_Series_ID_EU_150-X041-Y035_2001_2025.tif,EVI_Series_ID_EU_150-X041-Y035_2001_2025.tif,2001-2025,2001-01-01..2025-12-19,band-level; see time_index.csv,band-level; see time_index.csv,EU_150-X041-Y035,2001,2025,2001-01-01,2025-12-19,575,Float32,-Infinity,660,677,EPSG:3035,"[5840500.0,250.0,0.0,1796250.0,0.0,-250.0]",250.0,250.0,"[5840500.0,1627000.0,6005500.0,1796250.0]",0.0,0.0,DEFLATE,311149015,-0.107,0.893,0.26996004948617697,0.37421078260869567,575,6e3c1cfc064026514baec0512c4ad3d696aa72a6731b6323ca7821a6643b5be1,True,
A:\_BioGeo\liuxianx\Co_authors\ana\output\MODIS_EU_EVI\2001_2025\EVI_Series_ID_EU_150-X041-Y036_2001_2025.tif,EVI_Series_ID_EU_150-X041-Y036_2001_2025.tif,EVI_Series_ID_EU_150-X041-Y036_2001_2025.tif,2001-2025,2001-01-01..2025-12-19,band-level; see time_index.csv,band-level; see time_index.csv,EU_150-X041-Y036,2001,2025,2001-01-01,2025-12-19,575,Float32,-Infinity,660,677,EPSG:3035,"[5857750.0,250.0,0.0,1646000.0,0.0,-250.0]",250.0,250.0,"[5857750.0,1476750.0,6022750.0,1646000.0]",0.0,0.0,DEFLATE,27665047,-0.056,0.767,0.2200141570210925,0.02581825391304348,575,6e3c1cfc064026514baec0512c4ad3d696aa72a6731b6323ca7821a6643b5be1,True,
A:\_BioGeo\liuxianx\Co_authors\ana\output\MODIS_EU_EVI\2001_2025\EVI_Series_ID_EU_150-X042-Y011_2001_2025.tif,EVI_Series_ID_EU_150-X042-Y011_2001_2025.tif,EVI_Series_ID_EU_150-X042-Y011_2001_2025.tif,2001-2025,2001-01-01..2025-12-19,band-level; see time_index.csv,band-level; see time_index.csv,EU_150-X042-Y011,2001,2025,2001-01-01,2025-12-19,575,Float32,-Infinity,690,678,EPSG:3035,"[5487500.0,250.0,0.0,5399500.0,0.0,-250.0]",250.0,250.0,"[5487500.0,5230000.0,5660000.0,5399500.0]",0.0,0.0,DEFLATE,22028591,-0.184,0.796,0.3011278690805932,0.02870514963592233,575,6e3c1cfc064026514baec0512c4ad3d696aa72a6731b6323ca7821a6643b5be1,True,
A:\_BioGeo\liuxianx\Co_authors\ana\output\MODIS_EU_EVI\2001_2025\EVI_Series_ID_EU_150-X042-Y012_2001_2025.tif,EVI_Series_ID_EU_150-X042-Y012_2001_2025.tif,EVI_Series_ID_EU_150-X042-Y012_2001_2025.tif,2001-2025,2001-01-01..2025-12-19,band-level; see time_index.csv,band-level; see time_index.csv,EU_150-X042-Y012,2001,2025,2001-01-01,2025-12-19,575,Float32,-Infinity,689,679,EPSG:3035,"[5511500.0,250.0,0.0,5251250.0,0.0,-250.0]",250.0,250.0,"[5511500.0,5081500.0,5683750.0,5251250.0]",0.0,0.0,DEFLATE,189877819,-0.198,0.939,0.3204156892876644,0.3969501542105263,575,6e3c1cfc064026514baec0512c4ad3d696aa72a6731b6323ca7821a6643b5be1,True,
A:\_BioGeo\liuxianx\Co_authors\ana\output\MODIS_EU_EVI\2001_2025\EVI_Series_ID_EU_150-X042-Y013_2001_2025.tif,EVI_Series_ID_EU_150-X042-Y013_2001_2025.tif,EVI_Series_ID_EU_150-X042-Y013_2001_2025.tif,2001-2025,2001-01-01..2025-12-19,band-level; see time_index.csv,band-level; see time_index.csv,EU_150-X042-Y013,2001,2025,2001-01-01,2025-12-19,575,Float32,-Infinity,687,679,EPSG:3035,"[5535500.0,250.0,0.0,5102750.0,0.0,-250.0]",250.0,250.0,"[5535500.0,4933000.0,5707250.0,5102750.0]",0.0,0.0,DEFLATE,95444677,-0.191,0.937,0.31955819117527146,0.13095802172557172,575,6e3c1cfc064026514baec0512c4ad3d696aa72a6731b6323ca7821a6643b5be1,True,
A:\_BioGeo\liuxianx\Co_authors\ana\output\MODIS_EU_EVI\2001_2025\EVI_Series_ID_EU_150-X042-Y014_2001_2025.tif,EVI_Series_ID_EU_150-X042-Y014_2001_2025.tif,EVI_Series_ID_EU_150-X042-Y014_2001_2025.tif,2001-2025,2001-01-01..2025-12-19,band-level; see time_index.csv,band-level; see time_index.csv,EU_150-X042-Y014,2001,2025,2001-01-01,2025-12-19,575,Float32,-Infinity,686,679,EPSG:3035,"[5559000.0,250.0,0.0,4954000.0,0.0,-250.0]",250.0,250.0,"[5559000.0,4784250.0,5730500.0,4954000.0]",0.0,0.0,DEFLATE,184200835,-0.199,0.995,0.3181790434722779,0.2492072715230461,575,6e3c1cfc064026514baec0512c4ad3d696aa72a6731b6323ca7821a6643b5be1,True,
A:\_BioGeo\liuxianx\Co_authors\ana\output\MODIS_EU_EVI\2001_2025\EVI_Series_ID_EU_150-X042-Y015_2001_2025.tif,EVI_Series_ID_EU_150-X042-Y015_2001_2025.tif,EVI_Series_ID_EU_150-X042-Y015_2001_2025.tif,2001-2025,2001-01-01..2025-12-19,band-level; see time_index.csv,band-level; see time_index.csv,EU_150-X042-Y015,2001,2025,2001-01-01,2025-12-19,575,Float32,-Infinity,685,678,EPSG:3035,"[5582250.0,250.0,0.0,4805250.0,0.0,-250.0]",250.0,250.0,"[5582250.0,4635750.0,5753500.0,4805250.0]",0.0,0.0,DEFLATE,312823611,-0.199,0.999,0.3376976670819546,0.4253158407692308,575,6e3c1cfc064026514baec0512c4ad3d696aa72a6731b6323ca7821a6643b5be1,True,
A:\_BioGeo\liuxianx\Co_authors\ana\output\MODIS_EU_EVI\2001_2025\EVI_Series_ID_EU_150-X042-Y016_2001_2025.tif,EVI_Series_ID_EU_150-X042-Y016_2001_2025.tif,EVI_Series_ID_EU_150-X042-Y016_2001_2025.tif,2001-2025,2001-01-01..2025-12-19,band-level; see time_index.csv,band-level; see time_index.csv,EU_150-X042-Y016,2001,2025,2001-01-01,2025-12-19,575,Float32,-Infinity,684,678,EPSG:3035,"[5605250.0,250.0,0.0,4656500.0,0.0,-250.0]",250.0,250.0,"[5605250.0,4487000.0,5776250.0,4656500.0]",0.0,0.0,DEFLATE,296862725,-0.199,0.991,0.31171383344591314,0.3647165843205575,575,6e3c1cfc064026514baec0512c4ad3d696aa72a6731b6323ca7821a6643b5be1,True,
A:\_BioGeo\liuxianx\Co_authors\ana\output\MODIS_EU_EVI\2001_2025\EVI_Series_ID_EU_150-X042-Y017_2001_2025.tif,EVI_Series_ID_EU_150-X042-Y017_2001_2025.tif,EVI_Series_ID_EU_150-X042-Y017_2001_2025.tif,2001-2025,2001-01-01..2025-12-19,band-level; see time_index.csv,band-level; see time_index.csv,EU_150-X042-Y017,2001,2025,2001-01-01,2025-12-19,575,Float32,-Infinity,683,678,EPSG:3035,"[5627750.0,250.0,0.0,4507750.0,0.0,-250.0]",250.0,250.0,"[5627750.0,4338250.0,5798500.0,4507750.0]",0.0,0.0,DEFLATE,353842523,-0.2,0.999,0.34706160239530504,0.4310607771815009,575,6e3c1cfc064026514baec0512c4ad3d696aa72a6731b6323ca7821a6643b5be1,True,
A:\_BioGeo\liuxianx\Co_authors\ana\output\MODIS_EU_EVI\2001_2025\EVI_Series_ID_EU_150-X042-Y018_2001_2025.tif,EVI_Series_ID_EU_150-X042-Y018_2001_2025.tif,EVI_Series_ID_EU_150-X042-Y018_2001_2025.tif,2001-2025,2001-01-01..2025-12-19,band-level; see time_index.csv,band-level; see time_index.csv,EU_150-X042-Y018,2001,2025,2001-01-01,2025-12-19,575,Float32,-Infinity,681,678,EPSG:3035,"[5650250.0,250.0,0.0,4358750.0,0.0,-250.0]",250.0,250.0,"[5650250.0,4189250.0,5820500.0,4358750.0]",0.0,0.0,DEFLATE,366650487,-0.198,0.999,0.3735242717197821,0.46174773499111904,575,6e3c1cfc064026514baec0512c4ad3d696aa72a6731b6323ca7821a6643b5be1,True,
A:\_BioGeo\liuxianx\Co_authors\ana\output\MODIS_EU_EVI\2001_2025\EVI_Series_ID_EU_150-X042-Y019_2001_2025.tif,EVI_Series_ID_EU_150-X042-Y019_2001_2025.tif,EVI_Series_ID_EU_150-X042-Y019_2001_2025.tif,2001-2025,2001-01-01..2025-12-19,band-level; see time_index.csv,band-level; see time_index.csv,EU_150-X042-Y019,2001,2025,2001-01-01,2025-12-19,575,Float32,-Infinity,681,678,EPSG:3035,"[5672250.0,250.0,0.0,4209750.0,0.0,-250.0]",250.0,250.0,"[5672250.0,4040250.0,5842500.0,4209750.0]",0.0,0.0,DEFLATE,384135165,-0.199,1.0,0.37716565232435845,0.477953480193662,575,6e3c1cfc064026514baec0512c4ad3d696aa72a6731b6323ca7821a6643b5be1,True,
A:\_BioGeo\liuxianx\Co_authors\ana\output\MODIS_EU_EVI\2001_2025\EVI_Series_ID_EU_150-X042-Y020_2001_2025.tif,EVI_Series_ID_EU_150-X042-Y020_2001_2025.tif,EVI_Series_ID_EU_150-X042-Y020_2001_2025.tif,2001-2025,2001-01-01..2025-12-19,band-level; see time_index.csv,band-level; see time_index.csv,EU_150-X042-Y020,2001,2025,2001-01-01,2025-12-19,575,Float32,-Infinity,679,678,EPSG:3035,"[5694250.0,250.0,0.0,4060750.0,0.0,-250.0]",250.0,250.0,"[5694250.0,3891250.0,5864000.0,4060750.0]",0.0,0.0,DEFLATE,390667797,-0.2,0.999,0.3877421732133317,0.49162278650877195,575,6e3c1cfc064026514baec0512c4ad3d696aa72a6731b6323ca7821a6643b5be1,True,
A:\_BioGeo\liuxianx\Co_authors\ana\output\MODIS_EU_EVI\2001_2025\EVI_Series_ID_EU_150-X042-Y021_2001_2025.tif,EVI_Series_ID_EU_150-X042-Y021_2001_2025.tif,EVI_Series_ID_EU_150-X042-Y021_2001_2025.tif,2001-2025,2001-01-01..2025-12-19,band-level; see time_index.csv,band-level; see time_index.csv,EU_150-X042-Y021,2001,2025,2001-01-01,2025-12-19,575,Float32,-Infinity,678,678,EPSG:3035,"[5715750.0,250.0,0.0,3911500.0,0.0,-250.0]",250.0,250.0,"[5715750.0,3742000.0,5885250.0,3911500.0]",0.0,0.0,DEFLATE,386759527,-0.197,1.0,0.39441978770502645,0.505032266234676,575,6e3c1cfc064026514baec0512c4ad3d696aa72a6731b6323ca7821a6643b5be1,True,
A:\_BioGeo\liuxianx\Co_authors\ana\output\MODIS_EU_EVI\2001_2025\EVI_Series_ID_EU_150-X042-Y022_2001_2025.tif,EVI_Series_ID_EU_150-X042-Y022_2001_2025.tif,EVI_Series_ID_EU_150-X042-Y022_2001_2025.tif,2001-2025,2001-01-01..2025-12-19,band-level; see time_index.csv,band-level; see time_index.csv,EU_150-X042-Y022,2001,2025,2001-01-01,2025-12-19,575,Float32,-Infinity,677,678,EPSG:3035,"[5737000.0,250.0,0.0,3762250.0,0.0,-250.0]",250.0,250.0,"[5737000.0,3592750.0,5906250.0,3762250.0]",0.0,0.0,DEFLATE,422863107,-0.2,1.0,0.38409550795388303,0.5306802514510489,575,6e3c1cfc064026514baec0512c4ad3d696aa72a6731b6323ca7821a6643b5be1,True,
A:\_BioGeo\liuxianx\Co_authors\ana\output\MODIS_EU_EVI\2001_2025\EVI_Series_ID_EU_150-X042-Y023_2001_2025.tif,EVI_Series_ID_EU_150-X042-Y023_2001_2025.tif,EVI_Series_ID_EU_150-X042-Y023_2001_2025.tif,2001-2025,2001-01-01..2025-12-19,band-level; see time_index.csv,band-level; see time_index.csv,EU_150-X042-Y023,2001,2025,2001-01-01,2025-12-19,575,Float32,-Infinity,675,678,EPSG:3035,"[5758000.0,250.0,0.0,3613000.0,0.0,-250.0]",250.0,250.0,"[5758000.0,3443500.0,5926750.0,3613000.0]",0.0,0.0,DEFLATE,456610813,-0.194,1.0,0.3625618203221853,0.5604567408056043,575,6e3c1cfc064026514baec0512c4ad3d696aa72a6731b6323ca7821a6643b5be1,True,
A:\_BioGeo\liuxianx\Co_authors\ana\output\MODIS_EU_EVI\2001_2025\EVI_Series_ID_EU_150-X042-Y024_2001_2025.tif,EVI_Series_ID_EU_150-X042-Y024_2001_2025.tif,EVI_Series_ID_EU_150-X042-Y024_2001_2025.tif,2001-2025,2001-01-01..2025-12-19,band-level; see time_index.csv,band-level; see time_index.csv,EU_150-X042-Y024,2001,2025,2001-01-01,2025-12-19,575,Float32,-Infinity,674,677,EPSG:3035,"[5778750.0,250.0,0.0,3463500.0,0.0,-250.0]",250.0,250.0,"[5778750.0,3294250.0,5947250.0,3463500.0]",0.0,0.0,DEFLATE,491291667,-0.193,1.0,0.33494118088966424,0.5961259593859649,575,6e3c1cfc064026514baec0512c4ad3d696aa72a6731b6323ca7821a6643b5be1,True,
A:\_BioGeo\liuxianx\Co_authors\ana\output\MODIS_EU_EVI\2001_2025\EVI_Series_ID_EU_150-X042-Y025_2001_2025.tif,EVI_Series_ID_EU_150-X042-Y025_2001_2025.tif,EVI_Series_ID_EU_150-X042-Y025_2001_2025.tif,2001-2025,2001-01-01..2025-12-19,band-level; see time_index.csv,band-level; see time_index.csv,EU_150-X042-Y025,2001,2025,2001-01-01,2025-12-19,575,Float32,-Infinity,673,678,EPSG:3035,"[5799250.0,250.0,0.0,3314250.0,0.0,-250.0]",250.0,250.0,"[5799250.0,3144750.0,5967500.0,3314250.0]",0.0,0.0,DEFLATE,520444507,-0.197,0.995,0.289773811631137,0.6224689544658494,575,6e3c1cfc064026514baec0512c4ad3d696aa72a6731b6323ca7821a6643b5be1,True,
A:\_BioGeo\liuxianx\Co_authors\ana\output\MODIS_EU_EVI\2001_2025\EVI_Series_ID_EU_150-X042-Y026_2001_2025.tif,EVI_Series_ID_EU_150-X042-Y026_2001_2025.tif,EVI_Series_ID_EU_150-X042-Y026_2001_2025.tif,2001-2025,2001-01-01..2025-12-19,band-level; see time_index.csv,band-level; see time_index.csv,EU_150-X042-Y026,2001,2025,2001-01-01,2025-12-19,575,Float32,-Infinity,672,677,EPSG:3035,"[5819250.0,250.0,0.0,3164500.0,0.0,-250.0]",250.0,250.0,"[5819250.0,2995250.0,5987250.0,3164500.0]",0.0,0.0,DEFLATE,538288415,-0.154,0.999,0.2709345811544569,0.6509481581929825,575,6e3c1cfc064026514baec0512c4ad3d696aa72a6731b6323ca7821a6643b5be1,True,
A:\_BioGeo\liuxianx\Co_authors\ana\output\MODIS_EU_EVI\2001_2025\EVI_Series_ID_EU_150-X042-Y027_2001_2025.tif,EVI_Series_ID_EU_150-X042-Y027_2001_2025.tif,EVI_Series_ID_EU_150-X042-Y027_2001_2025.tif,2001-2025,2001-01-01..2025-12-19,band-level; see time_index.csv,band-level; see time_index.csv,EU_150-X042-Y027,2001,2025,2001-01-01,2025-12-19,575,Float32,-Infinity,670,678,EPSG:3035,"[5839250.0,250.0,0.0,3015000.0,0.0,-250.0]",250.0,250.0,"[5839250.0,2845500.0,6006750.0,3015000.0]",0.0,0.0,DEFLATE,562848909,-0.123,0.987,0.23467973609046358,0.7035554866550522,575,6e3c1cfc064026514baec0512c4ad3d696aa72a6731b6323ca7821a6643b5be1,True,
A:\_BioGeo\liuxianx\Co_authors\ana\output\MODIS_EU_EVI\2001_2025\EVI_Series_ID_EU_150-X042-Y028_2001_2025.tif,EVI_Series_ID_EU_150-X042-Y028_2001_2025.tif,EVI_Series_ID_EU_150-X042-Y028_2001_2025.tif,2001-2025,2001-01-01..2025-12-19,band-level; see time_index.csv,band-level; see time_index.csv,EU_150-X042-Y028,2001,2025,2001-01-01,2025-12-19,575,Float32,-Infinity,669,677,EPSG:3035,"[5858750.0,250.0,0.0,2865250.0,0.0,-250.0]",250.0,250.0,"[5858750.0,2696000.0,6026000.0,2865250.0]",0.0,0.0,DEFLATE,124438401,-0.141,0.927,0.21745245272513306,0.13839021820557493,575,6e3c1cfc064026514baec0512c4ad3d696aa72a6731b6323ca7821a6643b5be1,True,
A:\_BioGeo\liuxianx\Co_authors\ana\output\MODIS_EU_EVI\2001_2025\EVI_Series_ID_EU_150-X042-Y032_2001_2025.tif,EVI_Series_ID_EU_150-X042-Y032_2001_2025.tif,EVI_Series_ID_EU_150-X042-Y032_2001_2025.tif,2001-2025,2001-01-01..2025-12-19,band-level; see time_index.csv,band-level; see time_index.csv,EU_150-X042-Y032,2001,2025,2001-01-01,2025-12-19,575,Float32,-Infinity,665,677,EPSG:3035,"[5934250.0,250.0,0.0,2265500.0,0.0,-250.0]",250.0,250.0,"[5934250.0,2096250.0,6100500.0,2265500.0]",0.0,0.0,DEFLATE,523108583,-0.106,0.996,0.3222466926611266,0.6371614086956522,575,6e3c1cfc064026514baec0512c4ad3d696aa72a6731b6323ca7821a6643b5be1,True,
A:\_BioGeo\liuxianx\Co_authors\ana\output\MODIS_EU_EVI\2001_2025\EVI_Series_ID_EU_150-X042-Y033_2001_2025.tif,EVI_Series_ID_EU_150-X042-Y033_2001_2025.tif,EVI_Series_ID_EU_150-X042-Y033_2001_2025.tif,2001-2025,2001-01-01..2025-12-19,band-level; see time_index.csv,band-level; see time_index.csv,EU_150-X042-Y033,2001,2025,2001-01-01,2025-12-19,575,Float32,-Infinity,663,677,EPSG:3035,"[5952500.0,250.0,0.0,2115500.0,0.0,-250.0]",250.0,250.0,"[5952500.0,1946250.0,6118250.0,2115500.0]",0.0,0.0,DEFLATE,591428017,-0.156,0.948,0.24069392943598814,0.7507865095652174,575,6e3c1cfc064026514baec0512c4ad3d696aa72a6731b6323ca7821a6643b5be1,True,
A:\_BioGeo\liuxianx\Co_authors\ana\output\MODIS_EU_EVI\2001_2025\EVI_Series_ID_EU_150-X042-Y034_2001_2025.tif,EVI_Series_ID_EU_150-X042-Y034_2001_2025.tif,EVI_Series_ID_EU_150-X042-Y034_2001_2025.tif,2001-2025,2001-01-01..2025-12-19,band-level; see time_index.csv,band-level; see time_index.csv,EU_150-X042-Y034,2001,2025,2001-01-01,2025-12-19,575,Float32,-Infinity,661,677,EPSG:3035,"[5970500.0,250.0,0.0,1965250.0,0.0,-250.0]",250.0,250.0,"[5970500.0,1796000.0,6135750.0,1965250.0]",0.0,0.0,DEFLATE,605961771,-0.187,0.923,0.21445520643631338,0.7712326956521739,575,6e3c1cfc064026514baec0512c4ad3d696aa72a6731b6323ca7821a6643b5be1,True,
A:\_BioGeo\liuxianx\Co_authors\ana\output\MODIS_EU_EVI\2001_2025\EVI_Series_ID_EU_150-X042-Y035_2001_2025.tif,EVI_Series_ID_EU_150-X042-Y035_2001_2025.tif,EVI_Series_ID_EU_150-X042-Y035_2001_2025.tif,2001-2025,2001-01-01..2025-12-19,band-level; see time_index.csv,band-level; see time_index.csv,EU_150-X042-Y035,2001,2025,2001-01-01,2025-12-19,575,Float32,-Infinity,661,677,EPSG:3035,"[5988000.0,250.0,0.0,1815000.0,0.0,-250.0]",250.0,250.0,"[5988000.0,1645750.0,6153250.0,1815000.0]",0.0,0.0,DEFLATE,427622985,-0.182,0.929,0.2362105405967577,0.5409577391304348,575,6e3c1cfc064026514baec0512c4ad3d696aa72a6731b6323ca7821a6643b5be1,True,
A:\_BioGeo\liuxianx\Co_authors\ana\output\MODIS_EU_EVI\2001_2025\EVI_Series_ID_EU_150-X043-Y006_2001_2025.tif,EVI_Series_ID_EU_150-X043-Y006_2001_2025.tif,EVI_Series_ID_EU_150-X043-Y006_2001_2025.tif,2001-2025,2001-01-01..2025-12-19,band-level; see time_index.csv,band-level; see time_index.csv,EU_150-X043-Y006,2001,2025,2001-01-01,2025-12-19,575,Float32,-Infinity,697,679,EPSG:3035,"[5510750.0,250.0,0.0,6162000.0,0.0,-250.0]",250.0,250.0,"[5510750.0,5992250.0,5685000.0,6162000.0]",0.0,0.0,DEFLATE,40070631,-0.2,0.789,0.10875669879287518,0.06776756184391534,575,6e3c1cfc064026514baec0512c4ad3d696aa72a6731b6323ca7821a6643b5be1,True,
A:\_BioGeo\liuxianx\Co_authors\ana\output\MODIS_EU_EVI\2001_2025\EVI_Series_ID_EU_150-X043-Y007_2001_2025.tif,EVI_Series_ID_EU_150-X043-Y007_2001_2025.tif,EVI_Series_ID_EU_150-X043-Y007_2001_2025.tif,2001-2025,2001-01-01..2025-12-19,band-level; see time_index.csv,band-level; see time_index.csv,EU_150-X043-Y007,2001,2025,2001-01-01,2025-12-19,575,Float32,-Infinity,695,679,EPSG:3035,"[5536500.0,250.0,0.0,6014000.0,0.0,-250.0]",250.0,250.0,"[5536500.0,5844250.0,5710250.0,6014000.0]",0.0,0.0,DEFLATE,41927955,-0.2,0.753,0.15472192875132731,0.07134061281767956,575,6e3c1cfc064026514baec0512c4ad3d696aa72a6731b6323ca7821a6643b5be1,True,
A:\_BioGeo\liuxianx\Co_authors\ana\output\MODIS_EU_EVI\2001_2025\EVI_Series_ID_EU_150-X043-Y008_2001_2025.tif,EVI_Series_ID_EU_150-X043-Y008_2001_2025.tif,EVI_Series_ID_EU_150-X043-Y008_2001_2025.tif,2001-2025,2001-01-01..2025-12-19,band-level; see time_index.csv,band-level; see time_index.csv,EU_150-X043-Y008,2001,2025,2001-01-01,2025-12-19,575,Float32,-Infinity,693,679,EPSG:3035,"[5561750.0,250.0,0.0,5865750.0,0.0,-250.0]",250.0,250.0,"[5561750.0,5696000.0,5735000.0,5865750.0]",0.0,0.0,DEFLATE,16358061,-0.185,0.744,0.27451756133094485,0.03514572280334728,575,6e3c1cfc064026514baec0512c4ad3d696aa72a6731b6323ca7821a6643b5be1,True,
A:\_BioGeo\liuxianx\Co_authors\ana\output\MODIS_EU_EVI\2001_2025\EVI_Series_ID_EU_150-X043-Y009_2001_2025.tif,EVI_Series_ID_EU_150-X043-Y009_2001_2025.tif,EVI_Series_ID_EU_150-X043-Y009_2001_2025.tif,2001-2025,2001-01-01..2025-12-19,band-level; see time_index.csv,band-level; see time_index.csv,EU_150-X043-Y009,2001,2025,2001-01-01,2025-12-19,575,Float32,-Infinity,692,679,EPSG:3035,"[5586750.0,250.0,0.0,5717500.0,0.0,-250.0]",250.0,250.0,"[5586750.0,5547750.0,5759750.0,5717500.0]",0.0,0.0,DEFLATE,3204561,-0.041,0.008,-0.02133294989607979,1.53002e-05,575,6e3c1cfc064026514baec0512c4ad3d696aa72a6731b6323ca7821a6643b5be1,True,
A:\_BioGeo\liuxianx\Co_authors\ana\output\MODIS_EU_EVI\2001_2025\EVI_Series_ID_EU_150-X043-Y010_2001_2025.tif,EVI_Series_ID_EU_150-X043-Y010_2001_2025.tif,EVI_Series_ID_EU_150-X043-Y010_2001_2025.tif,2001-2025,2001-01-01..2025-12-19,band-level; see time_index.csv,band-level; see time_index.csv,EU_150-X043-Y010,2001,2025,2001-01-01,2025-12-19,575,Float32,-Infinity,691,679,EPSG:3035,"[5611250.0,250.0,0.0,5569000.0,0.0,-250.0]",250.0,250.0,"[5611250.0,5399250.0,5784000.0,5569000.0]",0.0,0.0,DEFLATE,6527135,-0.191,0.701,0.2929293137522657,0.005802764133738602,575,6e3c1cfc064026514baec0512c4ad3d696aa72a6731b6323ca7821a6643b5be1,True,
A:\_BioGeo\liuxianx\Co_authors\ana\output\MODIS_EU_EVI\2001_2025\EVI_Series_ID_EU_150-X043-Y011_2001_2025.tif,EVI_Series_ID_EU_150-X043-Y011_2001_2025.tif,EVI_Series_ID_EU_150-X043-Y011_2001_2025.tif,2001-2025,2001-01-01..2025-12-19,band-level; see time_index.csv,band-level; see time_index.csv,EU_150-X043-Y011,2001,2025,2001-01-01,2025-12-19,575,Float32,-Infinity,690,678,EPSG:3035,"[5635750.0,250.0,0.0,5420500.0,0.0,-250.0]",250.0,250.0,"[5635750.0,5251000.0,5808250.0,5420500.0]",0.0,0.0,DEFLATE,129671219,-0.199,0.998,0.33474622423124184,0.2305431767948718,575,6e3c1cfc064026514baec0512c4ad3d696aa72a6731b6323ca7821a6643b5be1,True,
A:\_BioGeo\liuxianx\Co_authors\ana\output\MODIS_EU_EVI\2001_2025\EVI_Series_ID_EU_150-X043-Y012_2001_2025.tif,EVI_Series_ID_EU_150-X043-Y012_2001_2025.tif,EVI_Series_ID_EU_150-X043-Y012_2001_2025.tif,2001-2025,2001-01-01..2025-12-19,band-level; see time_index.csv,band-level; see time_index.csv,EU_150-X043-Y012,2001,2025,2001-01-01,2025-12-19,575,Float32,-Infinity,689,678,EPSG:3035,"[5659750.0,250.0,0.0,5272000.0,0.0,-250.0]",250.0,250.0,"[5659750.0,5102500.0,5832000.0,5272000.0]",0.0,0.0,DEFLATE,136675313,-0.199,0.977,0.31801986838475715,0.2038854804347826,575,6e3c1cfc064026514baec0512c4ad3d696aa72a6731b6323ca7821a6643b5be1,True,
A:\_BioGeo\liuxianx\Co_authors\ana\output\MODIS_EU_EVI\2001_2025\EVI_Series_ID_EU_150-X043-Y013_2001_2025.tif,EVI_Series_ID_EU_150-X043-Y013_2001_2025.tif,EVI_Series_ID_EU_150-X043-Y013_2001_2025.tif,2001-2025,2001-01-01..2025-12-19,band-level; see time_index.csv,band-level; see time_index.csv,EU_150-X043-Y013,2001,2025,2001-01-01,2025-12-19,575,Float32,-Infinity,688,679,EPSG:3035,"[5683500.0,250.0,0.0,5123500.0,0.0,-250.0]",250.0,250.0,"[5683500.0,4953750.0,5855500.0,5123500.0]",0.0,0.0,DEFLATE,290534141,-0.198,0.986,0.3214485287074298,0.4212596222222222,575,6e3c1cfc064026514baec0512c4ad3d696aa72a6731b6323ca7821a6643b5be1,True,
A:\_BioGeo\liuxianx\Co_authors\ana\output\MODIS_EU_EVI\2001_2025\EVI_Series_ID_EU_150-X043-Y014_2001_2025.tif,EVI_Series_ID_EU_150-X043-Y014_2001_2025.tif,EVI_Series_ID_EU_150-X043-Y014_2001_2025.tif,2001-2025,2001-01-01..2025-12-19,band-level; see time_index.csv,band-level; see time_index.csv,EU_150-X043-Y014,2001,2025,2001-01-01,2025-12-19,575,Float32,-Infinity,686,679,EPSG:3035,"[5707000.0,250.0,0.0,4974750.0,0.0,-250.0]",250.0,250.0,"[5707000.0,4805000.0,5878500.0,4974750.0]",0.0,0.0,DEFLATE,316500641,-0.199,0.998,0.34107011788457964,0.434221015,575,6e3c1cfc064026514baec0512c4ad3d696aa72a6731b6323ca7821a6643b5be1,True,
A:\_BioGeo\liuxianx\Co_authors\ana\output\MODIS_EU_EVI\2001_2025\EVI_Series_ID_EU_150-X043-Y015_2001_2025.tif,EVI_Series_ID_EU_150-X043-Y015_2001_2025.tif,EVI_Series_ID_EU_150-X043-Y015_2001_2025.tif,2001-2025,2001-01-01..2025-12-19,band-level; see time_index.csv,band-level; see time_index.csv,EU_150-X043-Y015,2001,2025,2001-01-01,2025-12-19,575,Float32,-Infinity,685,679,EPSG:3035,"[5730250.0,250.0,0.0,4826000.0,0.0,-250.0]",250.0,250.0,"[5730250.0,4656250.0,5901500.0,4826000.0]",0.0,0.0,DEFLATE,343902911,-0.198,1.0,0.3538302194441661,0.46777774375,575,6e3c1cfc064026514baec0512c4ad3d696aa72a6731b6323ca7821a6643b5be1,True,
A:\_BioGeo\liuxianx\Co_authors\ana\output\MODIS_EU_EVI\2001_2025\EVI_Series_ID_EU_150-X043-Y016_2001_2025.tif,EVI_Series_ID_EU_150-X043-Y016_2001_2025.tif,EVI_Series_ID_EU_150-X043-Y016_2001_2025.tif,2001-2025,2001-01-01..2025-12-19,band-level; see time_index.csv,band-level; see time_index.csv,EU_150-X043-Y016,2001,2025,2001-01-01,2025-12-19,575,Float32,-Infinity,684,678,EPSG:3035,"[5753250.0,250.0,0.0,4677000.0,0.0,-250.0]",250.0,250.0,"[5753250.0,4507500.0,5924250.0,4677000.0]",0.0,0.0,DEFLATE,339874721,-0.199,0.999,0.35833658899592247,0.43140135482456143,575,6e3c1cfc064026514baec0512c4ad3d696aa72a6731b6323ca7821a6643b5be1,True,
A:\_BioGeo\liuxianx\Co_authors\ana\output\MODIS_EU_EVI\2001_2025\EVI_Series_ID_EU_150-X043-Y017_2001_2025.tif,EVI_Series_ID_EU_150-X043-Y017_2001_2025.tif,EVI_Series_ID_EU_150-X043-Y017_2001_2025.tif,2001-2025,2001-01-01..2025-12-19,band-level; see time_index.csv,band-level; see time_index.csv,EU_150-X043-Y017,2001,2025,2001-01-01,2025-12-19,575,Float32,-Infinity,682,679,EPSG:3035,"[5776000.0,250.0,0.0,4528250.0,0.0,-250.0]",250.0,250.0,"[5776000.0,4358500.0,5946500.0,4528250.0]",0.0,0.0,DEFLATE,353603941,-0.2,0.998,0.3576815477878978,0.4327805619454225,575,6e3c1cfc064026514baec0512c4ad3d696aa72a6731b6323ca7821a6643b5be1,True,
A:\_BioGeo\liuxianx\Co_authors\ana\output\MODIS_EU_EVI\2001_2025\EVI_Series_ID_EU_150-X043-Y018_2001_2025.tif,EVI_Series_ID_EU_150-X043-Y018_2001_2025.tif,EVI_Series_ID_EU_150-X043-Y018_2001_2025.tif,2001-2025,2001-01-01..2025-12-19,band-level; see time_index.csv,band-level; see time_index.csv,EU_150-X043-Y018,2001,2025,2001-01-01,2025-12-19,575,Float32,-Infinity,681,678,EPSG:3035,"[5798250.0,250.0,0.0,4379000.0,0.0,-250.0]",250.0,250.0,"[5798250.0,4209500.0,5968500.0,4379000.0]",0.0,0.0,DEFLATE,349320325,-0.194,1.0,0.3424297681629359,0.43167368515044247,575,6e3c1cfc064026514baec0512c4ad3d696aa72a6731b6323ca7821a6643b5be1,True,
A:\_BioGeo\liuxianx\Co_authors\ana\output\MODIS_EU_EVI\2001_2025\EVI_Series_ID_EU_150-X043-Y019_2001_2025.tif,EVI_Series_ID_EU_150-X043-Y019_2001_2025.tif,EVI_Series_ID_EU_150-X043-Y019_2001_2025.tif,2001-2025,2001-01-01..2025-12-19,band-level; see time_index.csv,band-level; see time_index.csv,EU_150-X043-Y019,2001,2025,2001-01-01,2025-12-19,575,Float32,-Infinity,680,678,EPSG:3035,"[5820250.0,250.0,0.0,4230000.0,0.0,-250.0]",250.0,250.0,"[5820250.0,4060500.0,5990250.0,4230000.0]",0.0,0.0,DEFLATE,368178321,-0.199,0.999,0.3943073095105615,0.4710868350706714,575,6e3c1cfc064026514baec0512c4ad3d696aa72a6731b6323ca7821a6643b5be1,True,
A:\_BioGeo\liuxianx\Co_authors\ana\output\MODIS_EU_EVI\2001_2025\EVI_Series_ID_EU_150-X043-Y020_2001_2025.tif,EVI_Series_ID_EU_150-X043-Y020_2001_2025.tif,EVI_Series_ID_EU_150-X043-Y020_2001_2025.tif,2001-2025,2001-01-01..2025-12-19,band-level; see time_index.csv,band-level; see time_index.csv,EU_150-X043-Y020,2001,2025,2001-01-01,2025-12-19,575,Float32,-Infinity,678,678,EPSG:3035,"[5842250.0,250.0,0.0,4080750.0,0.0,-250.0]",250.0,250.0,"[5842250.0,3911250.0,6011750.0,4080750.0]",0.0,0.0,DEFLATE,386107261,-0.199,0.997,0.3627934597348811,0.48745372239436613,575,6e3c1cfc064026514baec0512c4ad3d696aa72a6731b6323ca7821a6643b5be1,True,
A:\_BioGeo\liuxianx\Co_authors\ana\output\MODIS_EU_EVI\2001_2025\EVI_Series_ID_EU_150-X043-Y021_2001_2025.tif,EVI_Series_ID_EU_150-X043-Y021_2001_2025.tif,EVI_Series_ID_EU_150-X043-Y021_2001_2025.tif,2001-2025,2001-01-01..2025-12-19,band-level; see time_index.csv,band-level; see time_index.csv,EU_150-X043-Y021,2001,2025,2001-01-01,2025-12-19,575,Float32,-Infinity,677,678,EPSG:3035,"[5863750.0,250.0,0.0,3931500.0,0.0,-250.0]",250.0,250.0,"[5863750.0,3762000.0,6033000.0,3931500.0]",0.0,0.0,DEFLATE,409436551,-0.199,0.998,0.3777317073973914,0.5124953592119089,575,6e3c1cfc064026514baec0512c4ad3d696aa72a6731b6323ca7821a6643b5be1,True,
A:\_BioGeo\liuxianx\Co_authors\ana\output\MODIS_EU_EVI\2001_2025\EVI_Series_ID_EU_150-X043-Y022_2001_2025.tif,EVI_Series_ID_EU_150-X043-Y022_2001_2025.tif,EVI_Series_ID_EU_150-X043-Y022_2001_2025.tif,2001-2025,2001-01-01..2025-12-19,band-level; see time_index.csv,band-level; see time_index.csv,EU_150-X043-Y022,2001,2025,2001-01-01,2025-12-19,575,Float32,-Infinity,676,678,EPSG:3035,"[5885000.0,250.0,0.0,3782250.0,0.0,-250.0]",250.0,250.0,"[5885000.0,3612750.0,6054000.0,3782250.0]",0.0,0.0,DEFLATE,416709557,-0.19,0.999,0.37261494985068544,0.5326773471403509,575,6e3c1cfc064026514baec0512c4ad3d696aa72a6731b6323ca7821a6643b5be1,True,
A:\_BioGeo\liuxianx\Co_authors\ana\output\MODIS_EU_EVI\2001_2025\EVI_Series_ID_EU_150-X043-Y023_2001_2025.tif,EVI_Series_ID_EU_150-X043-Y023_2001_2025.tif,EVI_Series_ID_EU_150-X043-Y023_2001_2025.tif,2001-2025,2001-01-01..2025-12-19,band-level; see time_index.csv,band-level; see time_index.csv,EU_150-X043-Y023,2001,2025,2001-01-01,2025-12-19,575,Float32,-Infinity,675,678,EPSG:3035,"[5906000.0,250.0,0.0,3632750.0,0.0,-250.0]",250.0,250.0,"[5906000.0,3463250.0,6074750.0,3632750.0]",0.0,0.0,DEFLATE,457173425,-0.199,0.996,0.3409843083063296,0.549851691558669,575,6e3c1cfc064026514baec0512c4ad3d696aa72a6731b6323ca7821a6643b5be1,True,
A:\_BioGeo\liuxianx\Co_authors\ana\output\MODIS_EU_EVI\2001_2025\EVI_Series_ID_EU_150-X043-Y024_2001_2025.tif,EVI_Series_ID_EU_150-X043-Y024_2001_2025.tif,EVI_Series_ID_EU_150-X043-Y024_2001_2025.tif,2001-2025,2001-01-01..2025-12-19,band-level; see time_index.csv,band-level; see time_index.csv,EU_150-X043-Y024,2001,2025,2001-01-01,2025-12-19,575,Float32,-Infinity,674,677,EPSG:3035,"[5926500.0,250.0,0.0,3483250.0,0.0,-250.0]",250.0,250.0,"[5926500.0,3314000.0,6095000.0,3483250.0]",0.0,0.0,DEFLATE,489949065,-0.193,0.999,0.324515864037368,0.5870709613380282,575,6e3c1cfc064026514baec0512c4ad3d696aa72a6731b6323ca7821a6643b5be1,True,
A:\_BioGeo\liuxianx\Co_authors\ana\output\MODIS_EU_EVI\2001_2025\EVI_Series_ID_EU_150-X043-Y025_2001_2025.tif,EVI_Series_ID_EU_150-X043-Y025_2001_2025.tif,EVI_Series_ID_EU_150-X043-Y025_2001_2025.tif,2001-2025,2001-01-01..2025-12-19,band-level; see time_index.csv,band-level; see time_index.csv,EU_150-X043-Y025,2001,2025,2001-01-01,2025-12-19,575,Float32,-Infinity,673,678,EPSG:3035,"[5947000.0,250.0,0.0,3333750.0,0.0,-250.0]",250.0,250.0,"[5947000.0,3164250.0,6115250.0,3333750.0]",0.0,0.0,DEFLATE,528760693,-0.152,0.997,0.2870770360021456,0.6365262263556338,575,6e3c1cfc064026514baec0512c4ad3d696aa72a6731b6323ca7821a6643b5be1,True,
A:\_BioGeo\liuxianx\Co_authors\ana\output\MODIS_EU_EVI\2001_2025\EVI_Series_ID_EU_150-X043-Y026_2001_2025.tif,EVI_Series_ID_EU_150-X043-Y026_2001_2025.tif,EVI_Series_ID_EU_150-X043-Y026_2001_2025.tif,2001-2025,2001-01-01..2025-12-19,band-level; see time_index.csv,band-level; see time_index.csv,EU_150-X043-Y026,2001,2025,2001-01-01,2025-12-19,575,Float32,-Infinity,671,677,EPSG:3035,"[5967250.0,250.0,0.0,3184000.0,0.0,-250.0]",250.0,250.0,"[5967250.0,3014750.0,6135000.0,3184000.0]",0.0,0.0,DEFLATE,555602953,-0.181,0.995,0.24591144772748985,0.6772079304056438,575,6e3c1cfc064026514baec0512c4ad3d696aa72a6731b6323ca7821a6643b5be1,True,
A:\_BioGeo\liuxianx\Co_authors\ana\output\MODIS_EU_EVI\2001_2025\EVI_Series_ID_EU_150-X043-Y027_2001_2025.tif,EVI_Series_ID_EU_150-X043-Y027_2001_2025.tif,EVI_Series_ID_EU_150-X043-Y027_2001_2025.tif,2001-2025,2001-01-01..2025-12-19,band-level; see time_index.csv,band-level; see time_index.csv,EU_150-X043-Y027,2001,2025,2001-01-01,2025-12-19,575,Float32,-Infinity,670,677,EPSG:3035,"[5987000.0,250.0,0.0,3034250.0,0.0,-250.0]",250.0,250.0,"[5987000.0,2865000.0,6154500.0,3034250.0]",0.0,0.0,DEFLATE,587950067,-0.133,0.995,0.2228206656340999,0.7100264472125436,575,6e3c1cfc064026514baec0512c4ad3d696aa72a6731b6323ca7821a6643b5be1,True,
A:\_BioGeo\liuxianx\Co_authors\ana\output\MODIS_EU_EVI\2001_2025\EVI_Series_ID_EU_150-X043-Y028_2001_2025.tif,EVI_Series_ID_EU_150-X043-Y028_2001_2025.tif,EVI_Series_ID_EU_150-X043-Y028_2001_2025.tif,2001-2025,2001-01-01..2025-12-19,band-level; see time_index.csv,band-level; see time_index.csv,EU_150-X043-Y028,2001,2025,2001-01-01,2025-12-19,575,Float32,-Infinity,669,677,EPSG:3035,"[6006500.0,250.0,0.0,2884500.0,0.0,-250.0]",250.0,250.0,"[6006500.0,2715250.0,6173750.0,2884500.0]",0.0,0.0,DEFLATE,383581185,-0.178,0.984,0.218503007204005,0.4617352768695652,575,6e3c1cfc064026514baec0512c4ad3d696aa72a6731b6323ca7821a6643b5be1,True,
A:\_BioGeo\liuxianx\Co_authors\ana\output\MODIS_EU_EVI\2001_2025\EVI_Series_ID_EU_150-X043-Y029_2001_2025.tif,EVI_Series_ID_EU_150-X043-Y029_2001_2025.tif,EVI_Series_ID_EU_150-X043-Y029_2001_2025.tif,2001-2025,2001-01-01..2025-12-19,band-level; see time_index.csv,band-level; see time_index.csv,EU_150-X043-Y029,2001,2025,2001-01-01,2025-12-19,575,Float32,-Infinity,668,677,EPSG:3035,"[6025750.0,250.0,0.0,2734500.0,0.0,-250.0]",250.0,250.0,"[6025750.0,2565250.0,6192750.0,2734500.0]",0.0,0.0,DEFLATE,55645479,-0.113,0.988,0.2549610553042505,0.057016303135888506,575,6e3c1cfc064026514baec0512c4ad3d696aa72a6731b6323ca7821a6643b5be1,True,
A:\_BioGeo\liuxianx\Co_authors\ana\output\MODIS_EU_EVI\2001_2025\EVI_Series_ID_EU_150-X043-Y031_2001_2025.tif,EVI_Series_ID_EU_150-X043-Y031_2001_2025.tif,EVI_Series_ID_EU_150-X043-Y031_2001_2025.tif,2001-2025,2001-01-01..2025-12-19,band-level; see time_index.csv,band-level; see time_index.csv,EU_150-X043-Y031,2001,2025,2001-01-01,2025-12-19,575,Float32,-Infinity,665,677,EPSG:3035,"[6063500.0,250.0,0.0,2434500.0,0.0,-250.0]",250.0,250.0,"[6063500.0,2265250.0,6229750.0,2434500.0]",0.0,0.0,DEFLATE,246655417,-0.157,0.979,0.3587367754470929,0.28936594260869564,575,6e3c1cfc064026514baec0512c4ad3d696aa72a6731b6323ca7821a6643b5be1,True,
A:\_BioGeo\liuxianx\Co_authors\ana\output\MODIS_EU_EVI\2001_2025\EVI_Series_ID_EU_150-X043-Y032_2001_2025.tif,EVI_Series_ID_EU_150-X043-Y032_2001_2025.tif,EVI_Series_ID_EU_150-X043-Y032_2001_2025.tif,2001-2025,2001-01-01..2025-12-19,band-level; see time_index.csv,band-level; see time_index.csv,EU_150-X043-Y032,2001,2025,2001-01-01,2025-12-19,575,Float32,-Infinity,664,677,EPSG:3035,"[6082000.0,250.0,0.0,2284500.0,0.0,-250.0]",250.0,250.0,"[6082000.0,2115250.0,6248000.0,2284500.0]",0.0,0.0,DEFLATE,567526631,-0.199,1.0,0.25915883027568803,0.7113353269565217,575,6e3c1cfc064026514baec0512c4ad3d696aa72a6731b6323ca7821a6643b5be1,True,
A:\_BioGeo\liuxianx\Co_authors\ana\output\MODIS_EU_EVI\2001_2025\EVI_Series_ID_EU_150-X043-Y033_2001_2025.tif,EVI_Series_ID_EU_150-X043-Y033_2001_2025.tif,EVI_Series_ID_EU_150-X043-Y033_2001_2025.tif,2001-2025,2001-01-01..2025-12-19,band-level; see time_index.csv,band-level; see time_index.csv,EU_150-X043-Y033,2001,2025,2001-01-01,2025-12-19,575,Float32,-Infinity,662,677,EPSG:3035,"[6100250.0,250.0,0.0,2134250.0,0.0,-250.0]",250.0,250.0,"[6100250.0,1965000.0,6265750.0,2134250.0]",0.0,0.0,DEFLATE,573861555,-0.196,0.956,0.1835998726334282,0.7432802646341463,575,6e3c1cfc064026514baec0512c4ad3d696aa72a6731b6323ca7821a6643b5be1,True,
A:\_BioGeo\liuxianx\Co_authors\ana\output\MODIS_EU_EVI\2001_2025\EVI_Series_ID_EU_150-X043-Y034_2001_2025.tif,EVI_Series_ID_EU_150-X043-Y034_2001_2025.tif,EVI_Series_ID_EU_150-X043-Y034_2001_2025.tif,2001-2025,2001-01-01..2025-12-19,band-level; see time_index.csv,band-level; see time_index.csv,EU_150-X043-Y034,2001,2025,2001-01-01,2025-12-19,575,Float32,-Infinity,661,677,EPSG:3035,"[6118000.0,250.0,0.0,1984000.0,0.0,-250.0]",250.0,250.0,"[6118000.0,1814750.0,6283250.0,1984000.0]",0.0,0.0,DEFLATE,552895961,-0.192,0.897,0.22118396317576658,0.7011866434782609,575,6e3c1cfc064026514baec0512c4ad3d696aa72a6731b6323ca7821a6643b5be1,True,
A:\_BioGeo\liuxianx\Co_authors\ana\output\MODIS_EU_EVI\2001_2025\EVI_Series_ID_EU_150-X043-Y035_2001_2025.tif,EVI_Series_ID_EU_150-X043-Y035_2001_2025.tif,EVI_Series_ID_EU_150-X043-Y035_2001_2025.tif,2001-2025,2001-01-01..2025-12-19,band-level; see time_index.csv,band-level; see time_index.csv,EU_150-X043-Y035,2001,2025,2001-01-01,2025-12-19,575,Float32,-Infinity,660,676,EPSG:3035,"[6135500.0,250.0,0.0,1833500.0,0.0,-250.0]",250.0,250.0,"[6135500.0,1664500.0,6300500.0,1833500.0]",0.0,0.0,DEFLATE,177475861,-0.169,0.916,0.2748428425399875,0.22015582608695652,575,6e3c1cfc064026514baec0512c4ad3d696aa72a6731b6323ca7821a6643b5be1,True,
A:\_BioGeo\liuxianx\Co_authors\ana\output\MODIS_EU_EVI\2001_2025\EVI_Series_ID_EU_150-X044-Y006_2001_2025.tif,EVI_Series_ID_EU_150-X044-Y006_2001_2025.tif,EVI_Series_ID_EU_150-X044-Y006_2001_2025.tif,2001-2025,2001-01-01..2025-12-19,band-level; see time_index.csv,band-level; see time_index.csv,EU_150-X044-Y006,2001,2025,2001-01-01,2025-12-19,575,Float32,-Infinity,696,679,EPSG:3035,"[5659000.0,250.0,0.0,6183500.0,0.0,-250.0]",250.0,250.0,"[5659000.0,6013750.0,5833000.0,6183500.0]",0.0,0.0,DEFLATE,23248987,-0.2,0.925,0.09847483972152972,0.043579736287581695,575,6e3c1cfc064026514baec0512c4ad3d696aa72a6731b6323ca7821a6643b5be1,True,
A:\_BioGeo\liuxianx\Co_authors\ana\output\MODIS_EU_EVI\2001_2025\EVI_Series_ID_EU_150-X044-Y007_2001_2025.tif,EVI_Series_ID_EU_150-X044-Y007_2001_2025.tif,EVI_Series_ID_EU_150-X044-Y007_2001_2025.tif,2001-2025,2001-01-01..2025-12-19,band-level; see time_index.csv,band-level; see time_index.csv,EU_150-X044-Y007,2001,2025,2001-01-01,2025-12-19,575,Float32,-Infinity,694,679,EPSG:3035,"[5684750.0,250.0,0.0,6035250.0,0.0,-250.0]",250.0,250.0,"[5684750.0,5865500.0,5858250.0,6035250.0]",0.0,0.0,DEFLATE,68907579,-0.2,0.852,0.13772512928187974,0.15036349405844157,575,6e3c1cfc064026514baec0512c4ad3d696aa72a6731b6323ca7821a6643b5be1,True,
A:\_BioGeo\liuxianx\Co_authors\ana\output\MODIS_EU_EVI\2001_2025\EVI_Series_ID_EU_150-X044-Y008_2001_2025.tif,EVI_Series_ID_EU_150-X044-Y008_2001_2025.tif,EVI_Series_ID_EU_150-X044-Y008_2001_2025.tif,2001-2025,2001-01-01..2025-12-19,band-level; see time_index.csv,band-level; see time_index.csv,EU_150-X044-Y008,2001,2025,2001-01-01,2025-12-19,575,Float32,-Infinity,693,679,EPSG:3035,"[5710000.0,250.0,0.0,5887000.0,0.0,-250.0]",250.0,250.0,"[5710000.0,5717250.0,5883250.0,5887000.0]",0.0,0.0,DEFLATE,77678279,-0.199,0.817,0.1838622219511159,0.16026044308868503,575,6e3c1cfc064026514baec0512c4ad3d696aa72a6731b6323ca7821a6643b5be1,True,
A:\_BioGeo\liuxianx\Co_authors\ana\output\MODIS_EU_EVI\2001_2025\EVI_Series_ID_EU_150-X044-Y009_2001_2025.tif,EVI_Series_ID_EU_150-X044-Y009_2001_2025.tif,EVI_Series_ID_EU_150-X044-Y009_2001_2025.tif,2001-2025,2001-01-01..2025-12-19,band-level; see time_index.csv,band-level; see time_index.csv,EU_150-X044-Y009,2001,2025,2001-01-01,2025-12-19,575,Float32,-Infinity,692,679,EPSG:3035,"[5734750.0,250.0,0.0,5738500.0,0.0,-250.0]",250.0,250.0,"[5734750.0,5568750.0,5907750.0,5738500.0]",0.0,0.0,DEFLATE,9123199,-0.194,0.844,0.3253233258712611,0.012182445794701987,575,6e3c1cfc064026514baec0512c4ad3d696aa72a6731b6323ca7821a6643b5be1,True,
A:\_BioGeo\liuxianx\Co_authors\ana\output\MODIS_EU_EVI\2001_2025\EVI_Series_ID_EU_150-X044-Y010_2001_2025.tif,EVI_Series_ID_EU_150-X044-Y010_2001_2025.tif,EVI_Series_ID_EU_150-X044-Y010_2001_2025.tif,2001-2025,2001-01-01..2025-12-19,band-level; see time_index.csv,band-level; see time_index.csv,EU_150-X044-Y010,2001,2025,2001-01-01,2025-12-19,575,Float32,-Infinity,691,679,EPSG:3035,"[5759500.0,250.0,0.0,5590000.0,0.0,-250.0]",250.0,250.0,"[5759500.0,5420250.0,5932250.0,5590000.0]",0.0,0.0,DEFLATE,76086487,-0.198,0.905,0.3415991164349198,0.14777432507624633,575,6e3c1cfc064026514baec0512c4ad3d696aa72a6731b6323ca7821a6643b5be1,True,
A:\_BioGeo\liuxianx\Co_authors\ana\output\MODIS_EU_EVI\2001_2025\EVI_Series_ID_EU_150-X044-Y011_2001_2025.tif,EVI_Series_ID_EU_150-X044-Y011_2001_2025.tif,EVI_Series_ID_EU_150-X044-Y011_2001_2025.tif,2001-2025,2001-01-01..2025-12-19,band-level; see time_index.csv,band-level; see time_index.csv,EU_150-X044-Y011,2001,2025,2001-01-01,2025-12-19,575,Float32,-Infinity,690,679,EPSG:3035,"[5783750.0,250.0,0.0,5441500.0,0.0,-250.0]",250.0,250.0,"[5783750.0,5271750.0,5956250.0,5441500.0]",0.0,0.0,DEFLATE,127530117,-0.196,0.971,0.3659907897568202,0.2509668438382353,575,6e3c1cfc064026514baec0512c4ad3d696aa72a6731b6323ca7821a6643b5be1,True,
A:\_BioGeo\liuxianx\Co_authors\ana\output\MODIS_EU_EVI\2001_2025\EVI_Series_ID_EU_150-X044-Y012_2001_2025.tif,EVI_Series_ID_EU_150-X044-Y012_2001_2025.tif,EVI_Series_ID_EU_150-X044-Y012_2001_2025.tif,2001-2025,2001-01-01..2025-12-19,band-level; see time_index.csv,band-level; see time_index.csv,EU_150-X044-Y012,2001,2025,2001-01-01,2025-12-19,575,Float32,-Infinity,688,678,EPSG:3035,"[5808000.0,250.0,0.0,5292750.0,0.0,-250.0]",250.0,250.0,"[5808000.0,5123250.0,5980000.0,5292750.0]",0.0,0.0,DEFLATE,258329093,-0.199,0.996,0.35520565974353185,0.4277880226984127,575,6e3c1cfc064026514baec0512c4ad3d696aa72a6731b6323ca7821a6643b5be1,True,
A:\_BioGeo\liuxianx\Co_authors\ana\output\MODIS_EU_EVI\2001_2025\EVI_Series_ID_EU_150-X044-Y013_2001_2025.tif,EVI_Series_ID_EU_150-X044-Y013_2001_2025.tif,EVI_Series_ID_EU_150-X044-Y013_2001_2025.tif,2001-2025,2001-01-01..2025-12-19,band-level; see time_index.csv,band-level; see time_index.csv,EU_150-X044-Y013,2001,2025,2001-01-01,2025-12-19,575,Float32,-Infinity,687,678,EPSG:3035,"[5831750.0,250.0,0.0,5144000.0,0.0,-250.0]",250.0,250.0,"[5831750.0,4974500.0,6003500.0,5144000.0]",0.0,0.0,DEFLATE,296641347,-0.199,1.0,0.33312950847970746,0.4293521221063395,575,6e3c1cfc064026514baec0512c4ad3d696aa72a6731b6323ca7821a6643b5be1,True,
A:\_BioGeo\liuxianx\Co_authors\ana\output\MODIS_EU_EVI\2001_2025\EVI_Series_ID_EU_150-X044-Y014_2001_2025.tif,EVI_Series_ID_EU_150-X044-Y014_2001_2025.tif,EVI_Series_ID_EU_150-X044-Y014_2001_2025.tif,2001-2025,2001-01-01..2025-12-19,band-level; see time_index.csv,band-level; see time_index.csv,EU_150-X044-Y014,2001,2025,2001-01-01,2025-12-19,575,Float32,-Infinity,685,678,EPSG:3035,"[5855250.0,250.0,0.0,4995250.0,0.0,-250.0]",250.0,250.0,"[5855250.0,4825750.0,6026500.0,4995250.0]",0.0,0.0,DEFLATE,314386801,-0.198,0.988,0.31702001594042195,0.4383740696498054,575,6e3c1cfc064026514baec0512c4ad3d696aa72a6731b6323ca7821a6643b5be1,True,
A:\_BioGeo\liuxianx\Co_authors\ana\output\MODIS_EU_EVI\2001_2025\EVI_Series_ID_EU_150-X044-Y015_2001_2025.tif,EVI_Series_ID_EU_150-X044-Y015_2001_2025.tif,EVI_Series_ID_EU_150-X044-Y015_2001_2025.tif,2001-2025,2001-01-01..2025-12-19,band-level; see time_index.csv,band-level; see time_index.csv,EU_150-X044-Y015,2001,2025,2001-01-01,2025-12-19,575,Float32,-Infinity,685,679,EPSG:3035,"[5878250.0,250.0,0.0,4846500.0,0.0,-250.0]",250.0,250.0,"[5878250.0,4676750.0,6049500.0,4846500.0]",0.0,0.0,DEFLATE,339942899,-0.2,1.0,0.3530832719212459,0.43455308109515256,575,6e3c1cfc064026514baec0512c4ad3d696aa72a6731b6323ca7821a6643b5be1,True,
A:\_BioGeo\liuxianx\Co_authors\ana\output\MODIS_EU_EVI\2001_2025\EVI_Series_ID_EU_150-X044-Y016_2001_2025.tif,EVI_Series_ID_EU_150-X044-Y016_2001_2025.tif,EVI_Series_ID_EU_150-X044-Y016_2001_2025.tif,2001-2025,2001-01-01..2025-12-19,band-level; see time_index.csv,band-level; see time_index.csv,EU_150-X044-Y016,2001,2025,2001-01-01,2025-12-19,575,Float32,-Infinity,683,678,EPSG:3035,"[5901250.0,250.0,0.0,4697500.0,0.0,-250.0]",250.0,250.0,"[5901250.0,4528000.0,6072000.0,4697500.0]",0.0,0.0,DEFLATE,365415473,-0.2,0.999,0.3650867900715534,0.4550221682897034,575,6e3c1cfc064026514baec0512c4ad3d696aa72a6731b6323ca7821a6643b5be1,True,
A:\_BioGeo\liuxianx\Co_authors\ana\output\MODIS_EU_EVI\2001_2025\EVI_Series_ID_EU_150-X044-Y017_2001_2025.tif,EVI_Series_ID_EU_150-X044-Y017_2001_2025.tif,EVI_Series_ID_EU_150-X044-Y017_2001_2025.tif,2001-2025,2001-01-01..2025-12-19,band-level; see time_index.csv,band-level; see time_index.csv,EU_150-X044-Y017,2001,2025,2001-01-01,2025-12-19,575,Float32,-Infinity,681,679,EPSG:3035,"[5924000.0,250.0,0.0,4548500.0,0.0,-250.0]",250.0,250.0,"[5924000.0,4378750.0,6094250.0,4548500.0]",0.0,0.0,DEFLATE,372920081,-0.2,0.999,0.3725017697659511,0.4732250593838028,575,6e3c1cfc064026514baec0512c4ad3d696aa72a6731b6323ca7821a6643b5be1,True,
A:\_BioGeo\liuxianx\Co_authors\ana\output\MODIS_EU_EVI\2001_2025\EVI_Series_ID_EU_150-X044-Y018_2001_2025.tif,EVI_Series_ID_EU_150-X044-Y018_2001_2025.tif,EVI_Series_ID_EU_150-X044-Y018_2001_2025.tif,2001-2025,2001-01-01..2025-12-19,band-level; see time_index.csv,band-level; see time_index.csv,EU_150-X044-Y018,2001,2025,2001-01-01,2025-12-19,575,Float32,-Infinity,681,678,EPSG:3035,"[5946250.0,250.0,0.0,4399250.0,0.0,-250.0]",250.0,250.0,"[5946250.0,4229750.0,6116500.0,4399250.0]",0.0,0.0,DEFLATE,377314717,-0.198,1.0,0.3845298683166326,0.47385905495590835,575,6e3c1cfc064026514baec0512c4ad3d696aa72a6731b6323ca7821a6643b5be1,True,
A:\_BioGeo\liuxianx\Co_authors\ana\output\MODIS_EU_EVI\2001_2025\EVI_Series_ID_EU_150-X044-Y019_2001_2025.tif,EVI_Series_ID_EU_150-X044-Y019_2001_2025.tif,EVI_Series_ID_EU_150-X044-Y019_2001_2025.tif,2001-2025,2001-01-01..2025-12-19,band-level; see time_index.csv,band-level; see time_index.csv,EU_150-X044-Y019,2001,2025,2001-01-01,2025-12-19,575,Float32,-Infinity,680,678,EPSG:3035,"[5968250.0,250.0,0.0,4250000.0,0.0,-250.0]",250.0,250.0,"[5968250.0,4080500.0,6138250.0,4250000.0]",0.0,0.0,DEFLATE,369621289,-0.2,0.997,0.3872524434779767,0.47348720528368793,575,6e3c1cfc064026514baec0512c4ad3d696aa72a6731b6323ca7821a6643b5be1,True,
A:\_BioGeo\liuxianx\Co_authors\ana\output\MODIS_EU_EVI\2001_2025\EVI_Series_ID_EU_150-X044-Y020_2001_2025.tif,EVI_Series_ID_EU_150-X044-Y020_2001_2025.tif,EVI_Series_ID_EU_150-X044-Y020_2001_2025.tif,2001-2025,2001-01-01..2025-12-19,band-level; see time_index.csv,band-level; see time_index.csv,EU_150-X044-Y020,2001,2025,2001-01-01,2025-12-19,575,Float32,-Infinity,679,678,EPSG:3035,"[5990000.0,250.0,0.0,4100750.0,0.0,-250.0]",250.0,250.0,"[5990000.0,3931250.0,6159750.0,4100750.0]",0.0,0.0,DEFLATE,402257495,-0.193,0.996,0.3568837338907503,0.4966269376801406,575,6e3c1cfc064026514baec0512c4ad3d696aa72a6731b6323ca7821a6643b5be1,True,
A:\_BioGeo\liuxianx\Co_authors\ana\output\MODIS_EU_EVI\2001_2025\EVI_Series_ID_EU_150-X044-Y021_2001_2025.tif,EVI_Series_ID_EU_150-X044-Y021_2001_2025.tif,EVI_Series_ID_EU_150-X044-Y021_2001_2025.tif,2001-2025,2001-01-01..2025-12-19,band-level; see time_index.csv,band-level; see time_index.csv,EU_150-X044-Y021,2001,2025,2001-01-01,2025-12-19,575,Float32,-Infinity,677,678,EPSG:3035,"[6011500.0,250.0,0.0,3951500.0,0.0,-250.0]",250.0,250.0,"[6011500.0,3782000.0,6180750.0,3951500.0]",0.0,0.0,DEFLATE,414718379,-0.197,1.0,0.35394042977449036,0.5012345389492119,575,6e3c1cfc064026514baec0512c4ad3d696aa72a6731b6323ca7821a6643b5be1,True,
A:\_BioGeo\liuxianx\Co_authors\ana\output\MODIS_EU_EVI\2001_2025\EVI_Series_ID_EU_150-X044-Y022_2001_2025.tif,EVI_Series_ID_EU_150-X044-Y022_2001_2025.tif,EVI_Series_ID_EU_150-X044-Y022_2001_2025.tif,2001-2025,2001-01-01..2025-12-19,band-level; see time_index.csv,band-level; see time_index.csv,EU_150-X044-Y022,2001,2025,2001-01-01,2025-12-19,575,Float32,-Infinity,676,678,EPSG:3035,"[6032750.0,250.0,0.0,3802000.0,0.0,-250.0]",250.0,250.0,"[6032750.0,3632500.0,6201750.0,3802000.0]",0.0,0.0,DEFLATE,413404375,-0.198,0.999,0.32269321823386676,0.5451328956252354,575,6e3c1cfc064026514baec0512c4ad3d696aa72a6731b6323ca7821a6643b5be1,True,
A:\_BioGeo\liuxianx\Co_authors\ana\output\MODIS_EU_EVI\2001_2025\EVI_Series_ID_EU_150-X044-Y023_2001_2025.tif,EVI_Series_ID_EU_150-X044-Y023_2001_2025.tif,EVI_Series_ID_EU_150-X044-Y023_2001_2025.tif,2001-2025,2001-01-01..2025-12-19,band-level; see time_index.csv,band-level; see time_index.csv,EU_150-X044-Y023,2001,2025,2001-01-01,2025-12-19,575,Float32,-Infinity,675,678,EPSG:3035,"[6053750.0,250.0,0.0,3652500.0,0.0,-250.0]",250.0,250.0,"[6053750.0,3483000.0,6222500.0,3652500.0]",0.0,0.0,DEFLATE,451990443,-0.197,0.998,0.30342628034080316,0.5959012570898438,575,6e3c1cfc064026514baec0512c4ad3d696aa72a6731b6323ca7821a6643b5be1,True,
A:\_BioGeo\liuxianx\Co_authors\ana\output\MODIS_EU_EVI\2001_2025\EVI_Series_ID_EU_150-X044-Y024_2001_2025.tif,EVI_Series_ID_EU_150-X044-Y024_2001_2025.tif,EVI_Series_ID_EU_150-X044-Y024_2001_2025.tif,2001-2025,2001-01-01..2025-12-19,band-level; see time_index.csv,band-level; see time_index.csv,EU_150-X044-Y024,2001,2025,2001-01-01,2025-12-19,575,Float32,-Infinity,673,677,EPSG:3035,"[6074500.0,250.0,0.0,3502750.0,0.0,-250.0]",250.0,250.0,"[6074500.0,3333500.0,6242750.0,3502750.0]",0.0,0.0,DEFLATE,485505185,-0.188,0.999,0.3031641701623559,0.6056482713419118,575,6e3c1cfc064026514baec0512c4ad3d696aa72a6731b6323ca7821a6643b5be1,True,
A:\_BioGeo\liuxianx\Co_authors\ana\output\MODIS_EU_EVI\2001_2025\EVI_Series_ID_EU_150-X044-Y025_2001_2025.tif,EVI_Series_ID_EU_150-X044-Y025_2001_2025.tif,EVI_Series_ID_EU_150-X044-Y025_2001_2025.tif,2001-2025,2001-01-01..2025-12-19,band-level; see time_index.csv,band-level; see time_index.csv,EU_150-X044-Y025,2001,2025,2001-01-01,2025-12-19,575,Float32,-Infinity,672,678,EPSG:3035,"[6094750.0,250.0,0.0,3353250.0,0.0,-250.0]",250.0,250.0,"[6094750.0,3183750.0,6262750.0,3353250.0]",0.0,0.0,DEFLATE,510707639,-0.169,0.999,0.26944658657716164,0.6244275712695653,575,6e3c1cfc064026514baec0512c4ad3d696aa72a6731b6323ca7821a6643b5be1,True,
A:\_BioGeo\liuxianx\Co_authors\ana\output\MODIS_EU_EVI\2001_2025\EVI_Series_ID_EU_150-X044-Y026_2001_2025.tif,EVI_Series_ID_EU_150-X044-Y026_2001_2025.tif,EVI_Series_ID_EU_150-X044-Y026_2001_2025.tif,2001-2025,2001-01-01..2025-12-19,band-level; see time_index.csv,band-level; see time_index.csv,EU_150-X044-Y026,2001,2025,2001-01-01,2025-12-19,575,Float32,-Infinity,670,678,EPSG:3035,"[6115000.0,250.0,0.0,3203500.0,0.0,-250.0]",250.0,250.0,"[6115000.0,3034000.0,6282500.0,3203500.0]",0.0,0.0,DEFLATE,538807867,-0.123,0.997,0.24064989029946804,0.6672706053054102,575,6e3c1cfc064026514baec0512c4ad3d696aa72a6731b6323ca7821a6643b5be1,True,
A:\_BioGeo\liuxianx\Co_authors\ana\output\MODIS_EU_EVI\2001_2025\EVI_Series_ID_EU_150-X044-Y027_2001_2025.tif,EVI_Series_ID_EU_150-X044-Y027_2001_2025.tif,EVI_Series_ID_EU_150-X044-Y027_2001_2025.tif,2001-2025,2001-01-01..2025-12-19,band-level; see time_index.csv,band-level; see time_index.csv,EU_150-X044-Y027,2001,2025,2001-01-01,2025-12-19,575,Float32,-Infinity,670,677,EPSG:3035,"[6134750.0,250.0,0.0,3053500.0,0.0,-250.0]",250.0,250.0,"[6134750.0,2884250.0,6302250.0,3053500.0]",0.0,0.0,DEFLATE,472523799,-0.185,0.998,0.21595293003860042,0.5708372444755245,575,6e3c1cfc064026514baec0512c4ad3d696aa72a6731b6323ca7821a6643b5be1,True,
A:\_BioGeo\liuxianx\Co_authors\ana\output\MODIS_EU_EVI\2001_2025\EVI_Series_ID_EU_150-X044-Y028_2001_2025.tif,EVI_Series_ID_EU_150-X044-Y028_2001_2025.tif,EVI_Series_ID_EU_150-X044-Y028_2001_2025.tif,2001-2025,2001-01-01..2025-12-19,band-level; see time_index.csv,band-level; see time_index.csv,EU_150-X044-Y028,2001,2025,2001-01-01,2025-12-19,575,Float32,-Infinity,668,678,EPSG:3035,"[6154250.0,250.0,0.0,2903750.0,0.0,-250.0]",250.0,250.0,"[6154250.0,2734250.0,6321250.0,2903750.0]",0.0,0.0,DEFLATE,318637897,-0.196,0.991,0.23613750357074664,0.3883367547826087,575,6e3c1cfc064026514baec0512c4ad3d696aa72a6731b6323ca7821a6643b5be1,True,
A:\_BioGeo\liuxianx\Co_authors\ana\output\MODIS_EU_EVI\2001_2025\EVI_Series_ID_EU_150-X044-Y029_2001_2025.tif,EVI_Series_ID_EU_150-X044-Y029_2001_2025.tif,EVI_Series_ID_EU_150-X044-Y029_2001_2025.tif,2001-2025,2001-01-01..2025-12-19,band-level; see time_index.csv,band-level; see time_index.csv,EU_150-X044-Y029,2001,2025,2001-01-01,2025-12-19,575,Float32,-Infinity,667,677,EPSG:3035,"[6173500.0,250.0,0.0,2753750.0,0.0,-250.0]",250.0,250.0,"[6173500.0,2584500.0,6340250.0,2753750.0]",0.0,0.0,DEFLATE,92379161,-0.123,0.955,0.31226992309081747,0.10667805217391305,575,6e3c1cfc064026514baec0512c4ad3d696aa72a6731b6323ca7821a6643b5be1,True,
A:\_BioGeo\liuxianx\Co_authors\ana\output\MODIS_EU_EVI\2001_2025\EVI_Series_ID_EU_150-X044-Y031_2001_2025.tif,EVI_Series_ID_EU_150-X044-Y031_2001_2025.tif,EVI_Series_ID_EU_150-X044-Y031_2001_2025.tif,2001-2025,2001-01-01..2025-12-19,band-level; see time_index.csv,band-level; see time_index.csv,EU_150-X044-Y031,2001,2025,2001-01-01,2025-12-19,575,Float32,-Infinity,664,677,EPSG:3035,"[6211250.0,250.0,0.0,2453500.0,0.0,-250.0]",250.0,250.0,"[6211250.0,2284250.0,6377250.0,2453500.0]",0.0,0.0,DEFLATE,483822007,-0.112,0.984,0.30340821478549973,0.5957089043478261,575,6e3c1cfc064026514baec0512c4ad3d696aa72a6731b6323ca7821a6643b5be1,True,
A:\_BioGeo\liuxianx\Co_authors\ana\output\MODIS_EU_EVI\2001_2025\EVI_Series_ID_EU_150-X044-Y032_2001_2025.tif,EVI_Series_ID_EU_150-X044-Y032_2001_2025.tif,EVI_Series_ID_EU_150-X044-Y032_2001_2025.tif,2001-2025,2001-01-01..2025-12-19,band-level; see time_index.csv,band-level; see time_index.csv,EU_150-X044-Y032,2001,2025,2001-01-01,2025-12-19,575,Float32,-Infinity,664,677,EPSG:3035,"[6229500.0,250.0,0.0,2303250.0,0.0,-250.0]",250.0,250.0,"[6229500.0,2134000.0,6395500.0,2303250.0]",0.0,0.0,DEFLATE,571618003,-0.152,0.931,0.1863016775865227,0.7296431862260869,575,6e3c1cfc064026514baec0512c4ad3d696aa72a6731b6323ca7821a6643b5be1,True,
A:\_BioGeo\liuxianx\Co_authors\ana\output\MODIS_EU_EVI\2001_2025\EVI_Series_ID_EU_150-X044-Y033_2001_2025.tif,EVI_Series_ID_EU_150-X044-Y033_2001_2025.tif,EVI_Series_ID_EU_150-X044-Y033_2001_2025.tif,2001-2025,2001-01-01..2025-12-19,band-level; see time_index.csv,band-level; see time_index.csv,EU_150-X044-Y033,2001,2025,2001-01-01,2025-12-19,575,Float32,-Infinity,662,676,EPSG:3035,"[6247750.0,250.0,0.0,2152750.0,0.0,-250.0]",250.0,250.0,"[6247750.0,1983750.0,6413250.0,2152750.0]",0.0,0.0,DEFLATE,523788657,-0.2,0.992,0.1696466872696465,0.6959517368695652,575,6e3c1cfc064026514baec0512c4ad3d696aa72a6731b6323ca7821a6643b5be1,True,
A:\_BioGeo\liuxianx\Co_authors\ana\output\MODIS_EU_EVI\2001_2025\EVI_Series_ID_EU_150-X044-Y034_2001_2025.tif,EVI_Series_ID_EU_150-X044-Y034_2001_2025.tif,EVI_Series_ID_EU_150-X044-Y034_2001_2025.tif,2001-2025,2001-01-01..2025-12-19,band-level; see time_index.csv,band-level; see time_index.csv,EU_150-X044-Y034,2001,2025,2001-01-01,2025-12-19,575,Float32,-Infinity,661,677,EPSG:3035,"[6265500.0,250.0,0.0,2002500.0,0.0,-250.0]",250.0,250.0,"[6265500.0,1833250.0,6430750.0,2002500.0]",0.0,0.0,DEFLATE,563887903,-0.197,0.996,0.1765001494323068,0.7315919860869565,575,6e3c1cfc064026514baec0512c4ad3d696aa72a6731b6323ca7821a6643b5be1,True,
A:\_BioGeo\liuxianx\Co_authors\ana\output\MODIS_EU_EVI\2001_2025\EVI_Series_ID_EU_150-X044-Y035_2001_2025.tif,EVI_Series_ID_EU_150-X044-Y035_2001_2025.tif,EVI_Series_ID_EU_150-X044-Y035_2001_2025.tif,2001-2025,2001-01-01..2025-12-19,band-level; see time_index.csv,band-level; see time_index.csv,EU_150-X044-Y035,2001,2025,2001-01-01,2025-12-19,575,Float32,-Infinity,660,677,EPSG:3035,"[6283000.0,250.0,0.0,1852000.0,0.0,-250.0]",250.0,250.0,"[6283000.0,1682750.0,6448000.0,1852000.0]",0.0,0.0,DEFLATE,310166495,-0.159,0.978,0.2254835832820433,0.3905033043478261,575,6e3c1cfc064026514baec0512c4ad3d696aa72a6731b6323ca7821a6643b5be1,True,
A:\_BioGeo\liuxianx\Co_authors\ana\output\MODIS_EU_EVI\2001_2025\EVI_Series_ID_EU_150-X044-Y036_2001_2025.tif,EVI_Series_ID_EU_150-X044-Y036_2001_2025.tif,EVI_Series_ID_EU_150-X044-Y036_2001_2025.tif,2001-2025,2001-01-01..2025-12-19,band-level; see time_index.csv,band-level; see time_index.csv,EU_150-X044-Y036,2001,2025,2001-01-01,2025-12-19,575,Float32,-Infinity,658,676,EPSG:3035,"[6300250.0,250.0,0.0,1701250.0,0.0,-250.0]",250.0,250.0,"[6300250.0,1532250.0,6464750.0,1701250.0]",0.0,0.0,DEFLATE,188447797,-0.128,0.924,0.22942675416254496,0.2348897391304348,575,6e3c1cfc064026514baec0512c4ad3d696aa72a6731b6323ca7821a6643b5be1,True,
A:\_BioGeo\liuxianx\Co_authors\ana\output\MODIS_EU_EVI\2001_2025\EVI_Series_ID_EU_150-X045-Y008_2001_2025.tif,EVI_Series_ID_EU_150-X045-Y008_2001_2025.tif,EVI_Series_ID_EU_150-X045-Y008_2001_2025.tif,2001-2025,2001-01-01..2025-12-19,band-level; see time_index.csv,band-level; see time_index.csv,EU_150-X045-Y008,2001,2025,2001-01-01,2025-12-19,575,Float32,-Infinity,693,679,EPSG:3035,"[5858000.0,250.0,0.0,5908000.0,0.0,-250.0]",250.0,250.0,"[5858000.0,5738250.0,6031250.0,5908000.0]",0.0,0.0,DEFLATE,38746729,-0.199,0.765,0.2559183072019117,0.0847367772195122,575,6e3c1cfc064026514baec0512c4ad3d696aa72a6731b6323ca7821a6643b5be1,True,
A:\_BioGeo\liuxianx\Co_authors\ana\output\MODIS_EU_EVI\2001_2025\EVI_Series_ID_EU_150-X045-Y009_2001_2025.tif,EVI_Series_ID_EU_150-X045-Y009_2001_2025.tif,EVI_Series_ID_EU_150-X045-Y009_2001_2025.tif,2001-2025,2001-01-01..2025-12-19,band-level; see time_index.csv,band-level; see time_index.csv,EU_150-X045-Y009,2001,2025,2001-01-01,2025-12-19,575,Float32,-Infinity,691,679,EPSG:3035,"[5883000.0,250.0,0.0,5759500.0,0.0,-250.0]",250.0,250.0,"[5883000.0,5589750.0,6055750.0,5759500.0]",0.0,0.0,DEFLATE,25669391,-0.199,0.953,0.23387376822161549,0.04561462813826366,575,6e3c1cfc064026514baec0512c4ad3d696aa72a6731b6323ca7821a6643b5be1,True,
A:\_BioGeo\liuxianx\Co_authors\ana\output\MODIS_EU_EVI\2001_2025\EVI_Series_ID_EU_150-X045-Y010_2001_2025.tif,EVI_Series_ID_EU_150-X045-Y010_2001_2025.tif,EVI_Series_ID_EU_150-X045-Y010_2001_2025.tif,2001-2025,2001-01-01..2025-12-19,band-level; see time_index.csv,band-level; see time_index.csv,EU_150-X045-Y010,2001,2025,2001-01-01,2025-12-19,575,Float32,-Infinity,690,679,EPSG:3035,"[5907500.0,250.0,0.0,5611000.0,0.0,-250.0]",250.0,250.0,"[5907500.0,5441250.0,6080000.0,5611000.0]",0.0,0.0,DEFLATE,215335595,-0.199,0.995,0.3161582713127112,0.41100281045070425,575,6e3c1cfc064026514baec0512c4ad3d696aa72a6731b6323ca7821a6643b5be1,True,
A:\_BioGeo\liuxianx\Co_authors\ana\output\MODIS_EU_EVI\2001_2025\EVI_Series_ID_EU_150-X045-Y011_2001_2025.tif,EVI_Series_ID_EU_150-X045-Y011_2001_2025.tif,EVI_Series_ID_EU_150-X045-Y011_2001_2025.tif,2001-2025,2001-01-01..2025-12-19,band-level; see time_index.csv,band-level; see time_index.csv,EU_150-X045-Y011,2001,2025,2001-01-01,2025-12-19,575,Float32,-Infinity,689,679,EPSG:3035,"[5932000.0,250.0,0.0,5462250.0,0.0,-250.0]",250.0,250.0,"[5932000.0,5292500.0,6104250.0,5462250.0]",0.0,0.0,DEFLATE,256338277,-0.198,0.991,0.3428498304825205,0.41358504031746035,575,6e3c1cfc064026514baec0512c4ad3d696aa72a6731b6323ca7821a6643b5be1,True,
A:\_BioGeo\liuxianx\Co_authors\ana\output\MODIS_EU_EVI\2001_2025\EVI_Series_ID_EU_150-X045-Y012_2001_2025.tif,EVI_Series_ID_EU_150-X045-Y012_2001_2025.tif,EVI_Series_ID_EU_150-X045-Y012_2001_2025.tif,2001-2025,2001-01-01..2025-12-19,band-level; see time_index.csv,band-level; see time_index.csv,EU_150-X045-Y012,2001,2025,2001-01-01,2025-12-19,575,Float32,-Infinity,687,679,EPSG:3035,"[5956000.0,250.0,0.0,5313500.0,0.0,-250.0]",250.0,250.0,"[5956000.0,5143750.0,6127750.0,5313500.0]",0.0,0.0,DEFLATE,261204699,-0.192,0.991,0.34483119864229544,0.3989693658510638,575,6e3c1cfc064026514baec0512c4ad3d696aa72a6731b6323ca7821a6643b5be1,True,
A:\_BioGeo\liuxianx\Co_authors\ana\output\MODIS_EU_EVI\2001_2025\EVI_Series_ID_EU_150-X045-Y013_2001_2025.tif,EVI_Series_ID_EU_150-X045-Y013_2001_2025.tif,EVI_Series_ID_EU_150-X045-Y013_2001_2025.tif,2001-2025,2001-01-01..2025-12-19,band-level; see time_index.csv,band-level; see time_index.csv,EU_150-X045-Y013,2001,2025,2001-01-01,2025-12-19,575,Float32,-Infinity,686,679,EPSG:3035,"[5979750.0,250.0,0.0,5164750.0,0.0,-250.0]",250.0,250.0,"[5979750.0,4995000.0,6151250.0,5164750.0]",0.0,0.0,DEFLATE,291174955,-0.2,0.998,0.30794474386269693,0.4212066671717172,575,6e3c1cfc064026514baec0512c4ad3d696aa72a6731b6323ca7821a6643b5be1,True,
A:\_BioGeo\liuxianx\Co_authors\ana\output\MODIS_EU_EVI\2001_2025\EVI_Series_ID_EU_150-X045-Y014_2001_2025.tif,EVI_Series_ID_EU_150-X045-Y014_2001_2025.tif,EVI_Series_ID_EU_150-X045-Y014_2001_2025.tif,2001-2025,2001-01-01..2025-12-19,band-level; see time_index.csv,band-level; see time_index.csv,EU_150-X045-Y014,2001,2025,2001-01-01,2025-12-19,575,Float32,-Infinity,685,678,EPSG:3035,"[6003250.0,250.0,0.0,5015750.0,0.0,-250.0]",250.0,250.0,"[6003250.0,4846250.0,6174500.0,5015750.0]",0.0,0.0,DEFLATE,336642957,-0.199,0.988,0.3082110719763749,0.4655686596558318,575,6e3c1cfc064026514baec0512c4ad3d696aa72a6731b6323ca7821a6643b5be1,True,
A:\_BioGeo\liuxianx\Co_authors\ana\output\MODIS_EU_EVI\2001_2025\EVI_Series_ID_EU_150-X045-Y015_2001_2025.tif,EVI_Series_ID_EU_150-X045-Y015_2001_2025.tif,EVI_Series_ID_EU_150-X045-Y015_2001_2025.tif,2001-2025,2001-01-01..2025-12-19,band-level; see time_index.csv,band-level; see time_index.csv,EU_150-X045-Y015,2001,2025,2001-01-01,2025-12-19,575,Float32,-Infinity,684,678,EPSG:3035,"[6026250.0,250.0,0.0,4866750.0,0.0,-250.0]",250.0,250.0,"[6026250.0,4697250.0,6197250.0,4866750.0]",0.0,0.0,DEFLATE,337414477,-0.2,0.999,0.3446776467032371,0.4325732823498233,575,6e3c1cfc064026514baec0512c4ad3d696aa72a6731b6323ca7821a6643b5be1,True,
A:\_BioGeo\liuxianx\Co_authors\ana\output\MODIS_EU_EVI\2001_2025\EVI_Series_ID_EU_150-X045-Y016_2001_2025.tif,EVI_Series_ID_EU_150-X045-Y016_2001_2025.tif,EVI_Series_ID_EU_150-X045-Y016_2001_2025.tif,2001-2025,2001-01-01..2025-12-19,band-level; see time_index.csv,band-level; see time_index.csv,EU_150-X045-Y016,2001,2025,2001-01-01,2025-12-19,575,Float32,-Infinity,683,678,EPSG:3035,"[6049250.0,250.0,0.0,4717750.0,0.0,-250.0]",250.0,250.0,"[6049250.0,4548250.0,6220000.0,4717750.0]",0.0,0.0,DEFLATE,371482431,-0.199,0.999,0.3636941988302034,0.47033182592982453,575,6e3c1cfc064026514baec0512c4ad3d696aa72a6731b6323ca7821a6643b5be1,True,
A:\_BioGeo\liuxianx\Co_authors\ana\output\MODIS_EU_EVI\2001_2025\EVI_Series_ID_EU_150-X045-Y017_2001_2025.tif,EVI_Series_ID_EU_150-X045-Y017_2001_2025.tif,EVI_Series_ID_EU_150-X045-Y017_2001_2025.tif,2001-2025,2001-01-01..2025-12-19,band-level; see time_index.csv,band-level; see time_index.csv,EU_150-X045-Y017,2001,2025,2001-01-01,2025-12-19,575,Float32,-Infinity,682,678,EPSG:3035,"[6071750.0,250.0,0.0,4568500.0,0.0,-250.0]",250.0,250.0,"[6071750.0,4399000.0,6242250.0,4568500.0]",0.0,0.0,DEFLATE,363183933,-0.198,1.0,0.37660971413788635,0.47774388670194,575,6e3c1cfc064026514baec0512c4ad3d696aa72a6731b6323ca7821a6643b5be1,True,
A:\_BioGeo\liuxianx\Co_authors\ana\output\MODIS_EU_EVI\2001_2025\EVI_Series_ID_EU_150-X045-Y018_2001_2025.tif,EVI_Series_ID_EU_150-X045-Y018_2001_2025.tif,EVI_Series_ID_EU_150-X045-Y018_2001_2025.tif,2001-2025,2001-01-01..2025-12-19,band-level; see time_index.csv,band-level; see time_index.csv,EU_150-X045-Y018,2001,2025,2001-01-01,2025-12-19,575,Float32,-Infinity,681,678,EPSG:3035,"[6094000.0,250.0,0.0,4419250.0,0.0,-250.0]",250.0,250.0,"[6094000.0,4249750.0,6264250.0,4419250.0]",0.0,0.0,DEFLATE,379094761,-0.199,0.997,0.3792662092367178,0.4821053814911348,575,6e3c1cfc064026514baec0512c4ad3d696aa72a6731b6323ca7821a6643b5be1,True,
A:\_BioGeo\liuxianx\Co_authors\ana\output\MODIS_EU_EVI\2001_2025\EVI_Series_ID_EU_150-X045-Y019_2001_2025.tif,EVI_Series_ID_EU_150-X045-Y019_2001_2025.tif,EVI_Series_ID_EU_150-X045-Y019_2001_2025.tif,2001-2025,2001-01-01..2025-12-19,band-level; see time_index.csv,band-level; see time_index.csv,EU_150-X045-Y019,2001,2025,2001-01-01,2025-12-19,575,Float32,-Infinity,679,678,EPSG:3035,"[6116250.0,250.0,0.0,4270000.0,0.0,-250.0]",250.0,250.0,"[6116250.0,4100500.0,6286000.0,4270000.0]",0.0,0.0,DEFLATE,382801607,-0.199,0.999,0.36607559669207723,0.47487242837742505,575,6e3c1cfc064026514baec0512c4ad3d696aa72a6731b6323ca7821a6643b5be1,True,
A:\_BioGeo\liuxianx\Co_authors\ana\output\MODIS_EU_EVI\2001_2025\EVI_Series_ID_EU_150-X045-Y020_2001_2025.tif,EVI_Series_ID_EU_150-X045-Y020_2001_2025.tif,EVI_Series_ID_EU_150-X045-Y020_2001_2025.tif,2001-2025,2001-01-01..2025-12-19,band-level; see time_index.csv,band-level; see time_index.csv,EU_150-X045-Y020,2001,2025,2001-01-01,2025-12-19,575,Float32,-Infinity,677,677,EPSG:3035,"[6138000.0,250.0,0.0,4120500.0,0.0,-250.0]",250.0,250.0,"[6138000.0,3951250.0,6307250.0,4120500.0]",0.0,0.0,DEFLATE,405489573,-0.198,0.996,0.3606871847281942,0.5082164394542253,575,6e3c1cfc064026514baec0512c4ad3d696aa72a6731b6323ca7821a6643b5be1,True,
A:\_BioGeo\liuxianx\Co_authors\ana\output\MODIS_EU_EVI\2001_2025\EVI_Series_ID_EU_150-X045-Y021_2001_2025.tif,EVI_Series_ID_EU_150-X045-Y021_2001_2025.tif,EVI_Series_ID_EU_150-X045-Y021_2001_2025.tif,2001-2025,2001-01-01..2025-12-19,band-level; see time_index.csv,band-level; see time_index.csv,EU_150-X045-Y021,2001,2025,2001-01-01,2025-12-19,575,Float32,-Infinity,676,677,EPSG:3035,"[6159500.0,250.0,0.0,3971000.0,0.0,-250.0]",250.0,250.0,"[6159500.0,3801750.0,6328500.0,3971000.0]",0.0,0.0,DEFLATE,418454901,-0.194,1.0,0.3482872164755932,0.509497185079646,575,6e3c1cfc064026514baec0512c4ad3d696aa72a6731b6323ca7821a6643b5be1,True,
A:\_BioGeo\liuxianx\Co_authors\ana\output\MODIS_EU_EVI\2001_2025\EVI_Series_ID_EU_150-X045-Y022_2001_2025.tif,EVI_Series_ID_EU_150-X045-Y022_2001_2025.tif,EVI_Series_ID_EU_150-X045-Y022_2001_2025.tif,2001-2025,2001-01-01..2025-12-19,band-level; see time_index.csv,band-level; see time_index.csv,EU_150-X045-Y022,2001,2025,2001-01-01,2025-12-19,575,Float32,-Infinity,676,677,EPSG:3035,"[6180500.0,250.0,0.0,3821500.0,0.0,-250.0]",250.0,250.0,"[6180500.0,3652250.0,6349500.0,3821500.0]",0.0,0.0,DEFLATE,440131061,-0.199,0.999,0.3047698214860841,0.534950495027027,575,6e3c1cfc064026514baec0512c4ad3d696aa72a6731b6323ca7821a6643b5be1,True,
A:\_BioGeo\liuxianx\Co_authors\ana\output\MODIS_EU_EVI\2001_2025\EVI_Series_ID_EU_150-X045-Y023_2001_2025.tif,EVI_Series_ID_EU_150-X045-Y023_2001_2025.tif,EVI_Series_ID_EU_150-X045-Y023_2001_2025.tif,2001-2025,2001-01-01..2025-12-19,band-level; see time_index.csv,band-level; see time_index.csv,EU_150-X045-Y023,2001,2025,2001-01-01,2025-12-19,575,Float32,-Infinity,674,678,EPSG:3035,"[6201500.0,250.0,0.0,3672000.0,0.0,-250.0]",250.0,250.0,"[6201500.0,3502500.0,6370000.0,3672000.0]",0.0,0.0,DEFLATE,448938175,-0.19,1.0,0.29340841809559537,0.5492529846234459,575,6e3c1cfc064026514baec0512c4ad3d696aa72a6731b6323ca7821a6643b5be1,True,
A:\_BioGeo\liuxianx\Co_authors\ana\output\MODIS_EU_EVI\2001_2025\EVI_Series_ID_EU_150-X045-Y024_2001_2025.tif,EVI_Series_ID_EU_150-X045-Y024_2001_2025.tif,EVI_Series_ID_EU_150-X045-Y024_2001_2025.tif,2001-2025,2001-01-01..2025-12-19,band-level; see time_index.csv,band-level; see time_index.csv,EU_150-X045-Y024,2001,2025,2001-01-01,2025-12-19,575,Float32,-Infinity,672,677,EPSG:3035,"[6222250.0,250.0,0.0,3522250.0,0.0,-250.0]",250.0,250.0,"[6222250.0,3353000.0,6390250.0,3522250.0]",0.0,0.0,DEFLATE,493956787,-0.197,0.999,0.28619466478561517,0.608020721681736,575,6e3c1cfc064026514baec0512c4ad3d696aa72a6731b6323ca7821a6643b5be1,True,
A:\_BioGeo\liuxianx\Co_authors\ana\output\MODIS_EU_EVI\2001_2025\EVI_Series_ID_EU_150-X045-Y025_2001_2025.tif,EVI_Series_ID_EU_150-X045-Y025_2001_2025.tif,EVI_Series_ID_EU_150-X045-Y025_2001_2025.tif,2001-2025,2001-01-01..2025-12-19,band-level; see time_index.csv,band-level; see time_index.csv,EU_150-X045-Y025,2001,2025,2001-01-01,2025-12-19,575,Float32,-Infinity,672,677,EPSG:3035,"[6242500.0,250.0,0.0,3372500.0,0.0,-250.0]",250.0,250.0,"[6242500.0,3203250.0,6410500.0,3372500.0]",0.0,0.0,DEFLATE,525518767,-0.138,0.993,0.2562864057124666,0.6352065491258742,575,6e3c1cfc064026514baec0512c4ad3d696aa72a6731b6323ca7821a6643b5be1,True,
A:\_BioGeo\liuxianx\Co_authors\ana\output\MODIS_EU_EVI\2001_2025\EVI_Series_ID_EU_150-X045-Y026_2001_2025.tif,EVI_Series_ID_EU_150-X045-Y026_2001_2025.tif,EVI_Series_ID_EU_150-X045-Y026_2001_2025.tif,2001-2025,2001-01-01..2025-12-19,band-level; see time_index.csv,band-level; see time_index.csv,EU_150-X045-Y026,2001,2025,2001-01-01,2025-12-19,575,Float32,-Infinity,671,677,EPSG:3035,"[6262500.0,250.0,0.0,3222500.0,0.0,-250.0]",250.0,250.0,"[6262500.0,3053250.0,6430250.0,3222500.0]",0.0,0.0,DEFLATE,540252207,-0.199,0.99,0.23324898333086955,0.6686882757654321,575,6e3c1cfc064026514baec0512c4ad3d696aa72a6731b6323ca7821a6643b5be1,True,
A:\_BioGeo\liuxianx\Co_authors\ana\output\MODIS_EU_EVI\2001_2025\EVI_Series_ID_EU_150-X045-Y027_2001_2025.tif,EVI_Series_ID_EU_150-X045-Y027_2001_2025.tif,EVI_Series_ID_EU_150-X045-Y027_2001_2025.tif,2001-2025,2001-01-01..2025-12-19,band-level; see time_index.csv,band-level; see time_index.csv,EU_150-X045-Y027,2001,2025,2001-01-01,2025-12-19,575,Float32,-Infinity,670,677,EPSG:3035,"[6282250.0,250.0,0.0,3072750.0,0.0,-250.0]",250.0,250.0,"[6282250.0,2903500.0,6449750.0,3072750.0]",0.0,0.0,DEFLATE,172110537,-0.176,0.956,0.22186720246452665,0.19356540526315788,575,6e3c1cfc064026514baec0512c4ad3d696aa72a6731b6323ca7821a6643b5be1,True,
A:\_BioGeo\liuxianx\Co_authors\ana\output\MODIS_EU_EVI\2001_2025\EVI_Series_ID_EU_150-X045-Y028_2001_2025.tif,EVI_Series_ID_EU_150-X045-Y028_2001_2025.tif,EVI_Series_ID_EU_150-X045-Y028_2001_2025.tif,2001-2025,2001-01-01..2025-12-19,band-level; see time_index.csv,band-level; see time_index.csv,EU_150-X045-Y028,2001,2025,2001-01-01,2025-12-19,575,Float32,-Infinity,667,677,EPSG:3035,"[6302000.0,250.0,0.0,2922750.0,0.0,-250.0]",250.0,250.0,"[6302000.0,2753500.0,6468750.0,2922750.0]",0.0,0.0,DEFLATE,216607385,-0.16,0.975,0.2516564652156257,0.24650083530434783,575,6e3c1cfc064026514baec0512c4ad3d696aa72a6731b6323ca7821a6643b5be1,True,
A:\_BioGeo\liuxianx\Co_authors\ana\output\MODIS_EU_EVI\2001_2025\EVI_Series_ID_EU_150-X045-Y031_2001_2025.tif,EVI_Series_ID_EU_150-X045-Y031_2001_2025.tif,EVI_Series_ID_EU_150-X045-Y031_2001_2025.tif,2001-2025,2001-01-01..2025-12-19,band-level; see time_index.csv,band-level; see time_index.csv,EU_150-X045-Y031,2001,2025,2001-01-01,2025-12-19,575,Float32,-Infinity,664,676,EPSG:3035,"[6358750.0,250.0,0.0,2472000.0,0.0,-250.0]",250.0,250.0,"[6358750.0,2303000.0,6524750.0,2472000.0]",0.0,0.0,DEFLATE,441805797,-0.136,0.993,0.29696394648605007,0.5466784260869566,575,6e3c1cfc064026514baec0512c4ad3d696aa72a6731b6323ca7821a6643b5be1,True,
A:\_BioGeo\liuxianx\Co_authors\ana\output\MODIS_EU_EVI\2001_2025\EVI_Series_ID_EU_150-X045-Y032_2001_2025.tif,EVI_Series_ID_EU_150-X045-Y032_2001_2025.tif,EVI_Series_ID_EU_150-X045-Y032_2001_2025.tif,2001-2025,2001-01-01..2025-12-19,band-level; see time_index.csv,band-level; see time_index.csv,EU_150-X045-Y032,2001,2025,2001-01-01,2025-12-19,575,Float32,-Infinity,663,677,EPSG:3035,"[6377000.0,250.0,0.0,2321750.0,0.0,-250.0]",250.0,250.0,"[6377000.0,2152500.0,6542750.0,2321750.0]",0.0,0.0,DEFLATE,578044693,-0.113,0.976,0.20743983058850876,0.7326765059130435,575,6e3c1cfc064026514baec0512c4ad3d696aa72a6731b6323ca7821a6643b5be1,True,
A:\_BioGeo\liuxianx\Co_authors\ana\output\MODIS_EU_EVI\2001_2025\EVI_Series_ID_EU_150-X045-Y033_2001_2025.tif,EVI_Series_ID_EU_150-X045-Y033_2001_2025.tif,EVI_Series_ID_EU_150-X045-Y033_2001_2025.tif,2001-2025,2001-01-01..2025-12-19,band-level; see time_index.csv,band-level; see time_index.csv,EU_150-X045-Y033,2001,2025,2001-01-01,2025-12-19,575,Float32,-Infinity,661,676,EPSG:3035,"[6395250.0,250.0,0.0,2171250.0,0.0,-250.0]",250.0,250.0,"[6395250.0,2002250.0,6560500.0,2171250.0]",0.0,0.0,DEFLATE,555302709,-0.198,0.933,0.16925400683378172,0.7146214669565217,575,6e3c1cfc064026514baec0512c4ad3d696aa72a6731b6323ca7821a6643b5be1,True,
A:\_BioGeo\liuxianx\Co_authors\ana\output\MODIS_EU_EVI\2001_2025\EVI_Series_ID_EU_150-X045-Y034_2001_2025.tif,EVI_Series_ID_EU_150-X045-Y034_2001_2025.tif,EVI_Series_ID_EU_150-X045-Y034_2001_2025.tif,2001-2025,2001-01-01..2025-12-19,band-level; see time_index.csv,band-level; see time_index.csv,EU_150-X045-Y034,2001,2025,2001-01-01,2025-12-19,575,Float32,-Infinity,660,676,EPSG:3035,"[6413000.0,250.0,0.0,2020750.0,0.0,-250.0]",250.0,250.0,"[6413000.0,1851750.0,6578000.0,2020750.0]",0.0,0.0,DEFLATE,533342017,-0.199,0.996,0.2156607570158079,0.6778791304347827,575,6e3c1cfc064026514baec0512c4ad3d696aa72a6731b6323ca7821a6643b5be1,True,
A:\_BioGeo\liuxianx\Co_authors\ana\output\MODIS_EU_EVI\2001_2025\EVI_Series_ID_EU_150-X045-Y035_2001_2025.tif,EVI_Series_ID_EU_150-X045-Y035_2001_2025.tif,EVI_Series_ID_EU_150-X045-Y035_2001_2025.tif,2001-2025,2001-01-01..2025-12-19,band-level; see time_index.csv,band-level; see time_index.csv,EU_150-X045-Y035,2001,2025,2001-01-01,2025-12-19,575,Float32,-Infinity,659,677,EPSG:3035,"[6430500.0,250.0,0.0,1870250.0,0.0,-250.0]",250.0,250.0,"[6430500.0,1701000.0,6595250.0,1870250.0]",0.0,0.0,DEFLATE,80107259,-0.128,0.927,0.25543138592620485,0.0901128347826087,575,6e3c1cfc064026514baec0512c4ad3d696aa72a6731b6323ca7821a6643b5be1,True,
A:\_BioGeo\liuxianx\Co_authors\ana\output\MODIS_EU_EVI\2001_2025\EVI_Series_ID_EU_150-X045-Y036_2001_2025.tif,EVI_Series_ID_EU_150-X045-Y036_2001_2025.tif,EVI_Series_ID_EU_150-X045-Y036_2001_2025.tif,2001-2025,2001-01-01..2025-12-19,band-level; see time_index.csv,band-level; see time_index.csv,EU_150-X045-Y036,2001,2025,2001-01-01,2025-12-19,575,Float32,-Infinity,657,676,EPSG:3035,"[6447750.0,250.0,0.0,1719500.0,0.0,-250.0]",250.0,250.0,"[6447750.0,1550500.0,6612000.0,1719500.0]",0.0,0.0,DEFLATE,59235269,-0.153,0.955,0.21817284559537,0.06896932173913042,575,6e3c1cfc064026514baec0512c4ad3d696aa72a6731b6323ca7821a6643b5be1,True,
A:\_BioGeo\liuxianx\Co_authors\ana\output\MODIS_EU_EVI\2001_2025\EVI_Series_ID_EU_150-X046-Y007_2001_2025.tif,EVI_Series_ID_EU_150-X046-Y007_2001_2025.tif,EVI_Series_ID_EU_150-X046-Y007_2001_2025.tif,2001-2025,2001-01-01..2025-12-19,band-level; see time_index.csv,band-level; see time_index.csv,EU_150-X046-Y007,2001,2025,2001-01-01,2025-12-19,575,Float32,-Infinity,694,679,EPSG:3035,"[5980750.0,250.0,0.0,6077500.0,0.0,-250.0]",250.0,250.0,"[5980750.0,5907750.0,6154250.0,6077500.0]",0.0,0.0,DEFLATE,3857523,-0.197,0.609,0.2793335605843651,0.0015096876576576575,575,6e3c1cfc064026514baec0512c4ad3d696aa72a6731b6323ca7821a6643b5be1,True,
A:\_BioGeo\liuxianx\Co_authors\ana\output\MODIS_EU_EVI\2001_2025\EVI_Series_ID_EU_150-X046-Y008_2001_2025.tif,EVI_Series_ID_EU_150-X046-Y008_2001_2025.tif,EVI_Series_ID_EU_150-X046-Y008_2001_2025.tif,2001-2025,2001-01-01..2025-12-19,band-level; see time_index.csv,band-level; see time_index.csv,EU_150-X046-Y008,2001,2025,2001-01-01,2025-12-19,575,Float32,-Infinity,693,679,EPSG:3035,"[6006000.0,250.0,0.0,5929000.0,0.0,-250.0]",250.0,250.0,"[6006000.0,5759250.0,6179250.0,5929000.0]",0.0,0.0,DEFLATE,78916265,-0.198,0.929,0.3134714266892092,0.17071185333116884,575,6e3c1cfc064026514baec0512c4ad3d696aa72a6731b6323ca7821a6643b5be1,True,
A:\_BioGeo\liuxianx\Co_authors\ana\output\MODIS_EU_EVI\2001_2025\EVI_Series_ID_EU_150-X046-Y009_2001_2025.tif,EVI_Series_ID_EU_150-X046-Y009_2001_2025.tif,EVI_Series_ID_EU_150-X046-Y009_2001_2025.tif,2001-2025,2001-01-01..2025-12-19,band-level; see time_index.csv,band-level; see time_index.csv,EU_150-X046-Y009,2001,2025,2001-01-01,2025-12-19,575,Float32,-Infinity,691,678,EPSG:3035,"[6031000.0,250.0,0.0,5780250.0,0.0,-250.0]",250.0,250.0,"[6031000.0,5610750.0,6203750.0,5780250.0]",0.0,0.0,DEFLATE,161211525,-0.199,0.999,0.3352959057477984,0.3587732841800643,575,6e3c1cfc064026514baec0512c4ad3d696aa72a6731b6323ca7821a6643b5be1,True,
A:\_BioGeo\liuxianx\Co_authors\ana\output\MODIS_EU_EVI\2001_2025\EVI_Series_ID_EU_150-X046-Y010_2001_2025.tif,EVI_Series_ID_EU_150-X046-Y010_2001_2025.tif,EVI_Series_ID_EU_150-X046-Y010_2001_2025.tif,2001-2025,2001-01-01..2025-12-19,band-level; see time_index.csv,band-level; see time_index.csv,EU_150-X046-Y010,2001,2025,2001-01-01,2025-12-19,575,Float32,-Infinity,690,678,EPSG:3035,"[6055500.0,250.0,0.0,5631500.0,0.0,-250.0]",250.0,250.0,"[6055500.0,5462000.0,6228000.0,5631500.0]",0.0,0.0,DEFLATE,218440957,-0.199,0.991,0.3557031176961454,0.5548755530508475,575,6e3c1cfc064026514baec0512c4ad3d696aa72a6731b6323ca7821a6643b5be1,True,
A:\_BioGeo\liuxianx\Co_authors\ana\output\MODIS_EU_EVI\2001_2025\EVI_Series_ID_EU_150-X046-Y011_2001_2025.tif,EVI_Series_ID_EU_150-X046-Y011_2001_2025.tif,EVI_Series_ID_EU_150-X046-Y011_2001_2025.tif,2001-2025,2001-01-01..2025-12-19,band-level; see time_index.csv,band-level; see time_index.csv,EU_150-X046-Y011,2001,2025,2001-01-01,2025-12-19,575,Float32,-Infinity,689,678,EPSG:3035,"[6079750.0,250.0,0.0,5482750.0,0.0,-250.0]",250.0,250.0,"[6079750.0,5313250.0,6252000.0,5482750.0]",0.0,0.0,DEFLATE,260349999,-0.199,0.994,0.3378098464852853,0.3914119281449894,575,6e3c1cfc064026514baec0512c4ad3d696aa72a6731b6323ca7821a6643b5be1,True,
A:\_BioGeo\liuxianx\Co_authors\ana\output\MODIS_EU_EVI\2001_2025\EVI_Series_ID_EU_150-X046-Y012_2001_2025.tif,EVI_Series_ID_EU_150-X046-Y012_2001_2025.tif,EVI_Series_ID_EU_150-X046-Y012_2001_2025.tif,2001-2025,2001-01-01..2025-12-19,band-level; see time_index.csv,band-level; see time_index.csv,EU_150-X046-Y012,2001,2025,2001-01-01,2025-12-19,575,Float32,-Infinity,687,678,EPSG:3035,"[6104000.0,250.0,0.0,5334000.0,0.0,-250.0]",250.0,250.0,"[6104000.0,5164500.0,6275750.0,5334000.0]",0.0,0.0,DEFLATE,280733701,-0.2,0.982,0.32525248692951564,0.4112913827254098,575,6e3c1cfc064026514baec0512c4ad3d696aa72a6731b6323ca7821a6643b5be1,True,
A:\_BioGeo\liuxianx\Co_authors\ana\output\MODIS_EU_EVI\2001_2025\EVI_Series_ID_EU_150-X046-Y013_2001_2025.tif,EVI_Series_ID_EU_150-X046-Y013_2001_2025.tif,EVI_Series_ID_EU_150-X046-Y013_2001_2025.tif,2001-2025,,band-level; see time_index.csv,band-level; see time_index.csv,EU_150-X046-Y013,2001,2025,,,575,Float32,-Infinity,687,678,EPSG:3035,"[6127500.0,250.0,0.0,5185000.0,0.0,-250.0]",250.0,250.0,"[6127500.0,5015500.0,6299250.0,5185000.0]",0.0,0.0,DEFLATE,172815603,-0.2,0.999,0.32241621168733875,0.3240162082608695,0,e3b0c44298fc1c149afbf4c8996fb92427ae41e4649b934ca495991b7852b855,True,
A:\_BioGeo\liuxianx\Co_authors\ana\output\MODIS_EU_EVI\2001_2025\EVI_Series_ID_EU_150-X046-Y014_2001_2025.tif,EVI_Series_ID_EU_150-X046-Y014_2001_2025.tif,EVI_Series_ID_EU_150-X046-Y014_2001_2025.tif,2001-2025,2001-01-01..2025-12-19,band-level; see time_index.csv,band-level; see time_index.csv,EU_150-X046-Y014,2001,2025,2001-01-01,2025-12-19,575,Float32,-Infinity,685,678,EPSG:3035,"[6151000.0,250.0,0.0,5036000.0,0.0,-250.0]",250.0,250.0,"[6151000.0,4866500.0,6322250.0,5036000.0]",0.0,0.0,DEFLATE,335801671,-0.2,1.0,0.3311817138518558,0.4440090627306273,575,6e3c1cfc064026514baec0512c4ad3d696aa72a6731b6323ca7821a6643b5be1,True,
A:\_BioGeo\liuxianx\Co_authors\ana\output\MODIS_EU_EVI\2001_2025\EVI_Series_ID_EU_150-X046-Y015_2001_2025.tif,EVI_Series_ID_EU_150-X046-Y015_2001_2025.tif,EVI_Series_ID_EU_150-X046-Y015_2001_2025.tif,2001-2025,2001-01-01..2025-12-19,band-level; see time_index.csv,band-level; see time_index.csv,EU_150-X046-Y015,2001,2025,2001-01-01,2025-12-19,575,Float32,-Infinity,683,678,EPSG:3035,"[6174250.0,250.0,0.0,4887000.0,0.0,-250.0]",250.0,250.0,"[6174250.0,4717500.0,6345000.0,4887000.0]",0.0,0.0,DEFLATE,364825059,-0.2,0.996,0.34230076442346197,0.4586616080350877,575,6e3c1cfc064026514baec0512c4ad3d696aa72a6731b6323ca7821a6643b5be1,True,
A:\_BioGeo\liuxianx\Co_authors\ana\output\MODIS_EU_EVI\2001_2025\EVI_Series_ID_EU_150-X046-Y016_2001_2025.tif,EVI_Series_ID_EU_150-X046-Y016_2001_2025.tif,EVI_Series_ID_EU_150-X046-Y016_2001_2025.tif,2001-2025,2001-01-01..2025-12-19,band-level; see time_index.csv,band-level; see time_index.csv,EU_150-X046-Y016,2001,2025,2001-01-01,2025-12-19,575,Float32,-Infinity,683,678,EPSG:3035,"[6197000.0,250.0,0.0,4737750.0,0.0,-250.0]",250.0,250.0,"[6197000.0,4568250.0,6367750.0,4737750.0]",0.0,0.0,DEFLATE,379352045,-0.198,0.999,0.3618103566949906,0.4799361848506152,575,6e3c1cfc064026514baec0512c4ad3d696aa72a6731b6323ca7821a6643b5be1,True,
A:\_BioGeo\liuxianx\Co_authors\ana\output\MODIS_EU_EVI\2001_2025\EVI_Series_ID_EU_150-X046-Y017_2001_2025.tif,EVI_Series_ID_EU_150-X046-Y017_2001_2025.tif,EVI_Series_ID_EU_150-X046-Y017_2001_2025.tif,2001-2025,2001-01-01..2025-12-19,band-level; see time_index.csv,band-level; see time_index.csv,EU_150-X046-Y017,2001,2025,2001-01-01,2025-12-19,575,Float32,-Infinity,681,678,EPSG:3035,"[6219750.0,250.0,0.0,4588500.0,0.0,-250.0]",250.0,250.0,"[6219750.0,4419000.0,6390000.0,4588500.0]",0.0,0.0,DEFLATE,380243593,-0.185,0.999,0.3777546099437965,0.48928508397163123,575,6e3c1cfc064026514baec0512c4ad3d696aa72a6731b6323ca7821a6643b5be1,True,
A:\_BioGeo\liuxianx\Co_authors\ana\output\MODIS_EU_EVI\2001_2025\EVI_Series_ID_EU_150-X046-Y018_2001_2025.tif,EVI_Series_ID_EU_150-X046-Y018_2001_2025.tif,EVI_Series_ID_EU_150-X046-Y018_2001_2025.tif,2001-2025,2001-01-01..2025-12-19,band-level; see time_index.csv,band-level; see time_index.csv,EU_150-X046-Y018,2001,2025,2001-01-01,2025-12-19,575,Float32,-Infinity,680,678,EPSG:3035,"[6242000.0,250.0,0.0,4439250.0,0.0,-250.0]",250.0,250.0,"[6242000.0,4269750.0,6412000.0,4439250.0]",0.0,0.0,DEFLATE,385348409,-0.195,0.999,0.3738817740155398,0.4963684915465729,575,6e3c1cfc064026514baec0512c4ad3d696aa72a6731b6323ca7821a6643b5be1,True,
A:\_BioGeo\liuxianx\Co_authors\ana\output\MODIS_EU_EVI\2001_2025\EVI_Series_ID_EU_150-X046-Y019_2001_2025.tif,EVI_Series_ID_EU_150-X046-Y019_2001_2025.tif,EVI_Series_ID_EU_150-X046-Y019_2001_2025.tif,2001-2025,2001-01-01..2025-12-19,band-level; see time_index.csv,band-level; see time_index.csv,EU_150-X046-Y019,2001,2025,2001-01-01,2025-12-19,575,Float32,-Infinity,678,678,EPSG:3035,"[6264000.0,250.0,0.0,4289750.0,0.0,-250.0]",250.0,250.0,"[6264000.0,4120250.0,6433500.0,4289750.0]",0.0,0.0,DEFLATE,382219263,-0.199,0.997,0.36127799360970625,0.4778904862456141,575,6e3c1cfc064026514baec0512c4ad3d696aa72a6731b6323ca7821a6643b5be1,True,
A:\_BioGeo\liuxianx\Co_authors\ana\output\MODIS_EU_EVI\2001_2025\EVI_Series_ID_EU_150-X046-Y020_2001_2025.tif,EVI_Series_ID_EU_150-X046-Y020_2001_2025.tif,EVI_Series_ID_EU_150-X046-Y020_2001_2025.tif,2001-2025,2001-01-01..2025-12-19,band-level; see time_index.csv,band-level; see time_index.csv,EU_150-X046-Y020,2001,2025,2001-01-01,2025-12-19,575,Float32,-Infinity,677,678,EPSG:3035,"[6285750.0,250.0,0.0,4140250.0,0.0,-250.0]",250.0,250.0,"[6285750.0,3970750.0,6455000.0,4140250.0]",0.0,0.0,DEFLATE,404168721,-0.185,1.0,0.37058472163419315,0.49939915604609925,575,6e3c1cfc064026514baec0512c4ad3d696aa72a6731b6323ca7821a6643b5be1,True,
A:\_BioGeo\liuxianx\Co_authors\ana\output\MODIS_EU_EVI\2001_2025\EVI_Series_ID_EU_150-X046-Y021_2001_2025.tif,EVI_Series_ID_EU_150-X046-Y021_2001_2025.tif,EVI_Series_ID_EU_150-X046-Y021_2001_2025.tif,2001-2025,2001-01-01..2025-12-19,band-level; see time_index.csv,band-level; see time_index.csv,EU_150-X046-Y021,2001,2025,2001-01-01,2025-12-19,575,Float32,-Infinity,677,678,EPSG:3035,"[6307000.0,250.0,0.0,3990750.0,0.0,-250.0]",250.0,250.0,"[6307000.0,3821250.0,6476250.0,3990750.0]",0.0,0.0,DEFLATE,423588227,-0.185,0.998,0.3501047872865872,0.5158346470766488,575,6e3c1cfc064026514baec0512c4ad3d696aa72a6731b6323ca7821a6643b5be1,True,
A:\_BioGeo\liuxianx\Co_authors\ana\output\MODIS_EU_EVI\2001_2025\EVI_Series_ID_EU_150-X046-Y022_2001_2025.tif,EVI_Series_ID_EU_150-X046-Y022_2001_2025.tif,EVI_Series_ID_EU_150-X046-Y022_2001_2025.tif,2001-2025,2001-01-01..2025-12-19,band-level; see time_index.csv,band-level; see time_index.csv,EU_150-X046-Y022,2001,2025,2001-01-01,2025-12-19,575,Float32,-Infinity,675,677,EPSG:3035,"[6328250.0,250.0,0.0,3841000.0,0.0,-250.0]",250.0,250.0,"[6328250.0,3671750.0,6497000.0,3841000.0]",0.0,0.0,DEFLATE,440573775,-0.199,0.998,0.29508404007959704,0.5362911251978417,575,6e3c1cfc064026514baec0512c4ad3d696aa72a6731b6323ca7821a6643b5be1,True,
A:\_BioGeo\liuxianx\Co_authors\ana\output\MODIS_EU_EVI\2001_2025\EVI_Series_ID_EU_150-X046-Y023_2001_2025.tif,EVI_Series_ID_EU_150-X046-Y023_2001_2025.tif,EVI_Series_ID_EU_150-X046-Y023_2001_2025.tif,2001-2025,2001-01-01..2025-12-19,band-level; see time_index.csv,band-level; see time_index.csv,EU_150-X046-Y023,2001,2025,2001-01-01,2025-12-19,575,Float32,-Infinity,673,677,EPSG:3035,"[6349250.0,250.0,0.0,3691250.0,0.0,-250.0]",250.0,250.0,"[6349250.0,3522000.0,6517500.0,3691250.0]",0.0,0.0,DEFLATE,469991543,-0.192,0.997,0.2754124434515313,0.5892145977962964,575,6e3c1cfc064026514baec0512c4ad3d696aa72a6731b6323ca7821a6643b5be1,True,
A:\_BioGeo\liuxianx\Co_authors\ana\output\MODIS_EU_EVI\2001_2025\EVI_Series_ID_EU_150-X046-Y024_2001_2025.tif,EVI_Series_ID_EU_150-X046-Y024_2001_2025.tif,EVI_Series_ID_EU_150-X046-Y024_2001_2025.tif,2001-2025,2001-01-01..2025-12-19,band-level; see time_index.csv,band-level; see time_index.csv,EU_150-X046-Y024,2001,2025,2001-01-01,2025-12-19,575,Float32,-Infinity,673,677,EPSG:3035,"[6369750.0,250.0,0.0,3541500.0,0.0,-250.0]",250.0,250.0,"[6369750.0,3372250.0,6538000.0,3541500.0]",0.0,0.0,DEFLATE,494937419,-0.2,0.999,0.2604111027521154,0.6047292494802867,575,6e3c1cfc064026514baec0512c4ad3d696aa72a6731b6323ca7821a6643b5be1,True,
A:\_BioGeo\liuxianx\Co_authors\ana\output\MODIS_EU_EVI\2001_2025\EVI_Series_ID_EU_150-X046-Y025_2001_2025.tif,EVI_Series_ID_EU_150-X046-Y025_2001_2025.tif,EVI_Series_ID_EU_150-X046-Y025_2001_2025.tif,2001-2025,2001-01-01..2025-12-19,band-level; see time_index.csv,band-level; see time_index.csv,EU_150-X046-Y025,2001,2025,2001-01-01,2025-12-19,575,Float32,-Infinity,672,678,EPSG:3035,"[6390000.0,250.0,0.0,3391750.0,0.0,-250.0]",250.0,250.0,"[6390000.0,3222250.0,6558000.0,3391750.0]",0.0,0.0,DEFLATE,504121827,-0.144,0.981,0.24171082970657276,0.6408005198035713,575,6e3c1cfc064026514baec0512c4ad3d696aa72a6731b6323ca7821a6643b5be1,True,
A:\_BioGeo\liuxianx\Co_authors\ana\output\MODIS_EU_EVI\2001_2025\EVI_Series_ID_EU_150-X046-Y026_2001_2025.tif,EVI_Series_ID_EU_150-X046-Y026_2001_2025.tif,EVI_Series_ID_EU_150-X046-Y026_2001_2025.tif,2001-2025,2001-01-01..2025-12-19,band-level; see time_index.csv,band-level; see time_index.csv,EU_150-X046-Y026,2001,2025,2001-01-01,2025-12-19,575,Float32,-Infinity,670,677,EPSG:3035,"[6410250.0,250.0,0.0,3241750.0,0.0,-250.0]",250.0,250.0,"[6410250.0,3072500.0,6577750.0,3241750.0]",0.0,0.0,DEFLATE,525624823,-0.155,0.998,0.24137596880405707,0.6427564214031971,575,6e3c1cfc064026514baec0512c4ad3d696aa72a6731b6323ca7821a6643b5be1,True,
A:\_BioGeo\liuxianx\Co_authors\ana\output\MODIS_EU_EVI\2001_2025\EVI_Series_ID_EU_150-X046-Y027_2001_2025.tif,EVI_Series_ID_EU_150-X046-Y027_2001_2025.tif,EVI_Series_ID_EU_150-X046-Y027_2001_2025.tif,2001-2025,2001-01-01..2025-12-19,band-level; see time_index.csv,band-level; see time_index.csv,EU_150-X046-Y027,2001,2025,2001-01-01,2025-12-19,575,Float32,-Infinity,669,677,EPSG:3035,"[6430000.0,250.0,0.0,3091750.0,0.0,-250.0]",250.0,250.0,"[6430000.0,2922500.0,6597250.0,3091750.0]",0.0,0.0,DEFLATE,587013945,-0.141,0.995,0.25638274008608064,0.6988584105078809,575,6e3c1cfc064026514baec0512c4ad3d696aa72a6731b6323ca7821a6643b5be1,True,
A:\_BioGeo\liuxianx\Co_authors\ana\output\MODIS_EU_EVI\2001_2025\EVI_Series_ID_EU_150-X046-Y028_2001_2025.tif,EVI_Series_ID_EU_150-X046-Y028_2001_2025.tif,EVI_Series_ID_EU_150-X046-Y028_2001_2025.tif,2001-2025,2001-01-01..2025-12-19,band-level; see time_index.csv,band-level; see time_index.csv,EU_150-X046-Y028,2001,2025,2001-01-01,2025-12-19,575,Float32,-Infinity,667,677,EPSG:3035,"[6449500.0,250.0,0.0,2941500.0,0.0,-250.0]",250.0,250.0,"[6449500.0,2772250.0,6616250.0,2941500.0]",0.0,0.0,DEFLATE,566883121,-0.184,0.998,0.3172321055486677,0.6922310956521739,575,6e3c1cfc064026514baec0512c4ad3d696aa72a6731b6323ca7821a6643b5be1,True,
A:\_BioGeo\liuxianx\Co_authors\ana\output\MODIS_EU_EVI\2001_2025\EVI_Series_ID_EU_150-X046-Y029_2001_2025.tif,EVI_Series_ID_EU_150-X046-Y029_2001_2025.tif,EVI_Series_ID_EU_150-X046-Y029_2001_2025.tif,2001-2025,2001-01-01..2025-12-19,band-level; see time_index.csv,band-level; see time_index.csv,EU_150-X046-Y029,2001,2025,2001-01-01,2025-12-19,575,Float32,-Infinity,667,677,EPSG:3035,"[6468500.0,250.0,0.0,2791250.0,0.0,-250.0]",250.0,250.0,"[6468500.0,2622000.0,6635250.0,2791250.0]",0.0,0.0,DEFLATE,19839261,-0.07,0.997,0.3958933582723504,0.017851339895104894,575,6e3c1cfc064026514baec0512c4ad3d696aa72a6731b6323ca7821a6643b5be1,True,
A:\_BioGeo\liuxianx\Co_authors\ana\output\MODIS_EU_EVI\2001_2025\EVI_Series_ID_EU_150-X046-Y031_2001_2025.tif,EVI_Series_ID_EU_150-X046-Y031_2001_2025.tif,EVI_Series_ID_EU_150-X046-Y031_2001_2025.tif,2001-2025,2001-01-01..2025-12-19,band-level; see time_index.csv,band-level; see time_index.csv,EU_150-X046-Y031,2001,2025,2001-01-01,2025-12-19,575,Float32,-Infinity,663,677,EPSG:3035,"[6506250.0,250.0,0.0,2490750.0,0.0,-250.0]",250.0,250.0,"[6506250.0,2321500.0,6672000.0,2490750.0]",0.0,0.0,DEFLATE,344187031,-0.18,1.0,0.35567595111687433,0.42199166260869564,575,6e3c1cfc064026514baec0512c4ad3d696aa72a6731b6323ca7821a6643b5be1,True,
A:\_BioGeo\liuxianx\Co_authors\ana\output\MODIS_EU_EVI\2001_2025\EVI_Series_ID_EU_150-X046-Y032_2001_2025.tif,EVI_Series_ID_EU_150-X046-Y032_2001_2025.tif,EVI_Series_ID_EU_150-X046-Y032_2001_2025.tif,2001-2025,2001-01-01..2025-12-19,band-level; see time_index.csv,band-level; see time_index.csv,EU_150-X046-Y032,2001,2025,2001-01-01,2025-12-19,575,Float32,-Infinity,662,677,EPSG:3035,"[6524500.0,250.0,0.0,2340250.0,0.0,-250.0]",250.0,250.0,"[6524500.0,2171000.0,6690000.0,2340250.0]",0.0,0.0,DEFLATE,505657787,-0.2,0.991,0.19083904192704593,0.6460557177913043,575,6e3c1cfc064026514baec0512c4ad3d696aa72a6731b6323ca7821a6643b5be1,True,
A:\_BioGeo\liuxianx\Co_authors\ana\output\MODIS_EU_EVI\2001_2025\EVI_Series_ID_EU_150-X046-Y033_2001_2025.tif,EVI_Series_ID_EU_150-X046-Y033_2001_2025.tif,EVI_Series_ID_EU_150-X046-Y033_2001_2025.tif,2001-2025,2001-01-01..2025-12-19,band-level; see time_index.csv,band-level; see time_index.csv,EU_150-X046-Y033,2001,2025,2001-01-01,2025-12-19,575,Float32,-Infinity,661,677,EPSG:3035,"[6542500.0,250.0,0.0,2189750.0,0.0,-250.0]",250.0,250.0,"[6542500.0,2020500.0,6707750.0,2189750.0]",0.0,0.0,DEFLATE,509645895,-0.199,0.883,0.17559457428966424,0.6596627739130434,575,6e3c1cfc064026514baec0512c4ad3d696aa72a6731b6323ca7821a6643b5be1,True,
A:\_BioGeo\liuxianx\Co_authors\ana\output\MODIS_EU_EVI\2001_2025\EVI_Series_ID_EU_150-X046-Y034_2001_2025.tif,EVI_Series_ID_EU_150-X046-Y034_2001_2025.tif,EVI_Series_ID_EU_150-X046-Y034_2001_2025.tif,2001-2025,2001-01-01..2025-12-19,band-level; see time_index.csv,band-level; see time_index.csv,EU_150-X046-Y034,2001,2025,2001-01-01,2025-12-19,575,Float32,-Infinity,660,676,EPSG:3035,"[6560250.0,250.0,0.0,2039000.0,0.0,-250.0]",250.0,250.0,"[6560250.0,1870000.0,6725250.0,2039000.0]",0.0,0.0,DEFLATE,568448983,-0.172,0.984,0.2407097726018447,0.7165979130434782,575,6e3c1cfc064026514baec0512c4ad3d696aa72a6731b6323ca7821a6643b5be1,True,
A:\_BioGeo\liuxianx\Co_authors\ana\output\MODIS_EU_EVI\2001_2025\EVI_Series_ID_EU_150-X046-Y035_2001_2025.tif,EVI_Series_ID_EU_150-X046-Y035_2001_2025.tif,EVI_Series_ID_EU_150-X046-Y035_2001_2025.tif,2001-2025,2001-01-01..2025-12-19,band-level; see time_index.csv,band-level; see time_index.csv,EU_150-X046-Y035,2001,2025,2001-01-01,2025-12-19,575,Float32,-Infinity,659,676,EPSG:3035,"[6577750.0,250.0,0.0,1888250.0,0.0,-250.0]",250.0,250.0,"[6577750.0,1719250.0,6742500.0,1888250.0]",0.0,0.0,DEFLATE,434205117,-0.112,0.978,0.23354941662447323,0.5330893913043478,575,6e3c1cfc064026514baec0512c4ad3d696aa72a6731b6323ca7821a6643b5be1,True,
A:\_BioGeo\liuxianx\Co_authors\ana\output\MODIS_EU_EVI\2001_2025\EVI_Series_ID_EU_150-X047-Y007_2001_2025.tif,EVI_Series_ID_EU_150-X047-Y007_2001_2025.tif,EVI_Series_ID_EU_150-X047-Y007_2001_2025.tif,2001-2025,2001-01-01..2025-12-19,band-level; see time_index.csv,band-level; see time_index.csv,EU_150-X047-Y007,2001,2025,2001-01-01,2025-12-19,575,Float32,-Infinity,694,678,EPSG:3035,"[6128750.0,250.0,0.0,6098250.0,0.0,-250.0]",250.0,250.0,"[6128750.0,5928750.0,6302250.0,6098250.0]",0.0,0.0,DEFLATE,51904695,-0.2,0.949,0.31182210323071297,0.11220010571906355,575,6e3c1cfc064026514baec0512c4ad3d696aa72a6731b6323ca7821a6643b5be1,True,
A:\_BioGeo\liuxianx\Co_authors\ana\output\MODIS_EU_EVI\2001_2025\EVI_Series_ID_EU_150-X047-Y008_2001_2025.tif,EVI_Series_ID_EU_150-X047-Y008_2001_2025.tif,EVI_Series_ID_EU_150-X047-Y008_2001_2025.tif,2001-2025,2001-01-01..2025-12-19,band-level; see time_index.csv,band-level; see time_index.csv,EU_150-X047-Y008,2001,2025,2001-01-01,2025-12-19,575,Float32,-Infinity,692,679,EPSG:3035,"[6154000.0,250.0,0.0,5949750.0,0.0,-250.0]",250.0,250.0,"[6154000.0,5780000.0,6327000.0,5949750.0]",0.0,0.0,DEFLATE,201164325,-0.199,0.998,0.3339126884208114,0.5121492780350877,575,6e3c1cfc064026514baec0512c4ad3d696aa72a6731b6323ca7821a6643b5be1,True,
A:\_BioGeo\liuxianx\Co_authors\ana\output\MODIS_EU_EVI\2001_2025\EVI_Series_ID_EU_150-X047-Y009_2001_2025.tif,EVI_Series_ID_EU_150-X047-Y009_2001_2025.tif,EVI_Series_ID_EU_150-X047-Y009_2001_2025.tif,2001-2025,2001-01-01..2025-12-19,band-level; see time_index.csv,band-level; see time_index.csv,EU_150-X047-Y009,2001,2025,2001-01-01,2025-12-19,575,Float32,-Infinity,690,679,EPSG:3035,"[6179000.0,250.0,0.0,5801000.0,0.0,-250.0]",250.0,250.0,"[6179000.0,5631250.0,6351500.0,5801000.0]",0.0,0.0,DEFLATE,215686173,-0.2,0.946,0.33677753072727373,0.5518096473309608,575,6e3c1cfc064026514baec0512c4ad3d696aa72a6731b6323ca7821a6643b5be1,True,
A:\_BioGeo\liuxianx\Co_authors\ana\output\MODIS_EU_EVI\2001_2025\EVI_Series_ID_EU_150-X047-Y010_2001_2025.tif,EVI_Series_ID_EU_150-X047-Y010_2001_2025.tif,EVI_Series_ID_EU_150-X047-Y010_2001_2025.tif,2001-2025,2001-01-01..2025-12-19,band-level; see time_index.csv,band-level; see time_index.csv,EU_150-X047-Y010,2001,2025,2001-01-01,2025-12-19,575,Float32,-Infinity,689,679,EPSG:3035,"[6203500.0,250.0,0.0,5652250.0,0.0,-250.0]",250.0,250.0,"[6203500.0,5482500.0,6375750.0,5652250.0]",0.0,0.0,DEFLATE,234795099,-0.199,0.994,0.3446227688699371,0.42775408153652394,575,6e3c1cfc064026514baec0512c4ad3d696aa72a6731b6323ca7821a6643b5be1,True,
A:\_BioGeo\liuxianx\Co_authors\ana\output\MODIS_EU_EVI\2001_2025\EVI_Series_ID_EU_150-X047-Y011_2001_2025.tif,EVI_Series_ID_EU_150-X047-Y011_2001_2025.tif,EVI_Series_ID_EU_150-X047-Y011_2001_2025.tif,2001-2025,2001-01-01..2025-12-19,band-level; see time_index.csv,band-level; see time_index.csv,EU_150-X047-Y011,2001,2025,2001-01-01,2025-12-19,575,Float32,-Infinity,688,678,EPSG:3035,"[6227750.0,250.0,0.0,5503250.0,0.0,-250.0]",250.0,250.0,"[6227750.0,5333750.0,6399750.0,5503250.0]",0.0,0.0,DEFLATE,245059977,-0.2,0.999,0.3406020025047801,0.37470189927385894,575,6e3c1cfc064026514baec0512c4ad3d696aa72a6731b6323ca7821a6643b5be1,True,
A:\_BioGeo\liuxianx\Co_authors\ana\output\MODIS_EU_EVI\2001_2025\EVI_Series_ID_EU_150-X047-Y012_2001_2025.tif,EVI_Series_ID_EU_150-X047-Y012_2001_2025.tif,EVI_Series_ID_EU_150-X047-Y012_2001_2025.tif,2001-2025,2001-01-01..2025-12-19,band-level; see time_index.csv,band-level; see time_index.csv,EU_150-X047-Y012,2001,2025,2001-01-01,2025-12-19,575,Float32,-Infinity,687,678,EPSG:3035,"[6251750.0,250.0,0.0,5354250.0,0.0,-250.0]",250.0,250.0,"[6251750.0,5184750.0,6423500.0,5354250.0]",0.0,0.0,DEFLATE,264012149,-0.2,0.996,0.33100820049467977,0.3919111022312374,575,6e3c1cfc064026514baec0512c4ad3d696aa72a6731b6323ca7821a6643b5be1,True,
A:\_BioGeo\liuxianx\Co_authors\ana\output\MODIS_EU_EVI\2001_2025\EVI_Series_ID_EU_150-X047-Y013_2001_2025.tif,EVI_Series_ID_EU_150-X047-Y013_2001_2025.tif,EVI_Series_ID_EU_150-X047-Y013_2001_2025.tif,2001-2025,2001-01-01..2025-12-19,band-level; see time_index.csv,band-level; see time_index.csv,EU_150-X047-Y013,2001,2025,2001-01-01,2025-12-19,575,Float32,-Infinity,686,678,EPSG:3035,"[6275500.0,250.0,0.0,5205250.0,0.0,-250.0]",250.0,250.0,"[6275500.0,5035750.0,6447000.0,5205250.0]",0.0,0.0,DEFLATE,285627057,-0.199,0.99,0.3304040543986439,0.4058623938931297,575,6e3c1cfc064026514baec0512c4ad3d696aa72a6731b6323ca7821a6643b5be1,True,
A:\_BioGeo\liuxianx\Co_authors\ana\output\MODIS_EU_EVI\2001_2025\EVI_Series_ID_EU_150-X047-Y014_2001_2025.tif,EVI_Series_ID_EU_150-X047-Y014_2001_2025.tif,EVI_Series_ID_EU_150-X047-Y014_2001_2025.tif,2001-2025,2001-01-01..2025-12-19,band-level; see time_index.csv,band-level; see time_index.csv,EU_150-X047-Y014,2001,2025,2001-01-01,2025-12-19,575,Float32,-Infinity,684,678,EPSG:3035,"[6299000.0,250.0,0.0,5056250.0,0.0,-250.0]",250.0,250.0,"[6299000.0,4886750.0,6470000.0,5056250.0]",0.0,0.0,DEFLATE,321413375,-0.199,1.0,0.3332379775253155,0.4238932993291592,575,6e3c1cfc064026514baec0512c4ad3d696aa72a6731b6323ca7821a6643b5be1,True,
A:\_BioGeo\liuxianx\Co_authors\ana\output\MODIS_EU_EVI\2001_2025\EVI_Series_ID_EU_150-X047-Y015_2001_2025.tif,EVI_Series_ID_EU_150-X047-Y015_2001_2025.tif,EVI_Series_ID_EU_150-X047-Y015_2001_2025.tif,2001-2025,2001-01-01..2025-12-19,band-level; see time_index.csv,band-level; see time_index.csv,EU_150-X047-Y015,2001,2025,2001-01-01,2025-12-19,575,Float32,-Infinity,683,678,EPSG:3035,"[6322000.0,250.0,0.0,4907000.0,0.0,-250.0]",250.0,250.0,"[6322000.0,4737500.0,6492750.0,4907000.0]",0.0,0.0,DEFLATE,369658269,-0.2,0.998,0.33396804022406984,0.47033265367132865,575,6e3c1cfc064026514baec0512c4ad3d696aa72a6731b6323ca7821a6643b5be1,True,
A:\_BioGeo\liuxianx\Co_authors\ana\output\MODIS_EU_EVI\2001_2025\EVI_Series_ID_EU_150-X047-Y016_2001_2025.tif,EVI_Series_ID_EU_150-X047-Y016_2001_2025.tif,EVI_Series_ID_EU_150-X047-Y016_2001_2025.tif,2001-2025,2001-01-01..2025-12-19,band-level; see time_index.csv,band-level; see time_index.csv,EU_150-X047-Y016,2001,2025,2001-01-01,2025-12-19,575,Float32,-Infinity,682,678,EPSG:3035,"[6344750.0,250.0,0.0,4757750.0,0.0,-250.0]",250.0,250.0,"[6344750.0,4588250.0,6515250.0,4757750.0]",0.0,0.0,DEFLATE,360279047,-0.2,0.998,0.36309076248147815,0.4696448935427574,575,6e3c1cfc064026514baec0512c4ad3d696aa72a6731b6323ca7821a6643b5be1,True,
A:\_BioGeo\liuxianx\Co_authors\ana\output\MODIS_EU_EVI\2001_2025\EVI_Series_ID_EU_150-X047-Y017_2001_2025.tif,EVI_Series_ID_EU_150-X047-Y017_2001_2025.tif,EVI_Series_ID_EU_150-X047-Y017_2001_2025.tif,2001-2025,2001-01-01..2025-12-19,band-level; see time_index.csv,band-level; see time_index.csv,EU_150-X047-Y017,2001,2025,2001-01-01,2025-12-19,575,Float32,-Infinity,680,677,EPSG:3035,"[6367500.0,250.0,0.0,4608250.0,0.0,-250.0]",250.0,250.0,"[6367500.0,4439000.0,6537500.0,4608250.0]",0.0,0.0,DEFLATE,360000267,-0.199,1.0,0.3835485182796086,0.45022323750000004,575,6e3c1cfc064026514baec0512c4ad3d696aa72a6731b6323ca7821a6643b5be1,True,
A:\_BioGeo\liuxianx\Co_authors\ana\output\MODIS_EU_EVI\2001_2025\EVI_Series_ID_EU_150-X047-Y018_2001_2025.tif,EVI_Series_ID_EU_150-X047-Y018_2001_2025.tif,EVI_Series_ID_EU_150-X047-Y018_2001_2025.tif,2001-2025,2001-01-01..2025-12-19,band-level; see time_index.csv,band-level; see time_index.csv,EU_150-X047-Y018,2001,2025,2001-01-01,2025-12-19,575,Float32,-Infinity,679,678,EPSG:3035,"[6389750.0,250.0,0.0,4459000.0,0.0,-250.0]",250.0,250.0,"[6389750.0,4289500.0,6559500.0,4459000.0]",0.0,0.0,DEFLATE,381092751,-0.199,0.999,0.38116277481328886,0.47356377054577464,575,6e3c1cfc064026514baec0512c4ad3d696aa72a6731b6323ca7821a6643b5be1,True,
A:\_BioGeo\liuxianx\Co_authors\ana\output\MODIS_EU_EVI\2001_2025\EVI_Series_ID_EU_150-X047-Y019_2001_2025.tif,EVI_Series_ID_EU_150-X047-Y019_2001_2025.tif,EVI_Series_ID_EU_150-X047-Y019_2001_2025.tif,2001-2025,2001-01-01..2025-12-19,band-level; see time_index.csv,band-level; see time_index.csv,EU_150-X047-Y019,2001,2025,2001-01-01,2025-12-19,575,Float32,-Infinity,678,678,EPSG:3035,"[6411750.0,250.0,0.0,4309500.0,0.0,-250.0]",250.0,250.0,"[6411750.0,4140000.0,6581250.0,4309500.0]",0.0,0.0,DEFLATE,388496719,-0.199,0.999,0.35822018805650085,0.47614089395104897,575,6e3c1cfc064026514baec0512c4ad3d696aa72a6731b6323ca7821a6643b5be1,True,
A:\_BioGeo\liuxianx\Co_authors\ana\output\MODIS_EU_EVI\2001_2025\EVI_Series_ID_EU_150-X047-Y020_2001_2025.tif,EVI_Series_ID_EU_150-X047-Y020_2001_2025.tif,EVI_Series_ID_EU_150-X047-Y020_2001_2025.tif,2001-2025,2001-01-01..2025-12-19,band-level; see time_index.csv,band-level; see time_index.csv,EU_150-X047-Y020,2001,2025,2001-01-01,2025-12-19,575,Float32,-Infinity,677,677,EPSG:3035,"[6433250.0,250.0,0.0,4159750.0,0.0,-250.0]",250.0,250.0,"[6433250.0,3990500.0,6602500.0,4159750.0]",0.0,0.0,DEFLATE,412023529,-0.198,0.998,0.35313080130724744,0.4923583688791594,575,6e3c1cfc064026514baec0512c4ad3d696aa72a6731b6323ca7821a6643b5be1,True,
A:\_BioGeo\liuxianx\Co_authors\ana\output\MODIS_EU_EVI\2001_2025\EVI_Series_ID_EU_150-X047-Y021_2001_2025.tif,EVI_Series_ID_EU_150-X047-Y021_2001_2025.tif,EVI_Series_ID_EU_150-X047-Y021_2001_2025.tif,2001-2025,2001-01-01..2025-12-19,band-level; see time_index.csv,band-level; see time_index.csv,EU_150-X047-Y021,2001,2025,2001-01-01,2025-12-19,575,Float32,-Infinity,676,678,EPSG:3035,"[6454750.0,250.0,0.0,4010250.0,0.0,-250.0]",250.0,250.0,"[6454750.0,3840750.0,6623750.0,4010250.0]",0.0,0.0,DEFLATE,402591375,-0.194,0.998,0.3430761679855301,0.49505129827160493,575,6e3c1cfc064026514baec0512c4ad3d696aa72a6731b6323ca7821a6643b5be1,True,
A:\_BioGeo\liuxianx\Co_authors\ana\output\MODIS_EU_EVI\2001_2025\EVI_Series_ID_EU_150-X047-Y022_2001_2025.tif,EVI_Series_ID_EU_150-X047-Y022_2001_2025.tif,EVI_Series_ID_EU_150-X047-Y022_2001_2025.tif,2001-2025,2001-01-01..2025-12-19,band-level; see time_index.csv,band-level; see time_index.csv,EU_150-X047-Y022,2001,2025,2001-01-01,2025-12-19,575,Float32,-Infinity,674,678,EPSG:3035,"[6476000.0,250.0,0.0,3860500.0,0.0,-250.0]",250.0,250.0,"[6476000.0,3691000.0,6644500.0,3860500.0]",0.0,0.0,DEFLATE,422155933,-0.194,0.999,0.2788755929860256,0.5641308908255814,575,6e3c1cfc064026514baec0512c4ad3d696aa72a6731b6323ca7821a6643b5be1,True,
A:\_BioGeo\liuxianx\Co_authors\ana\output\MODIS_EU_EVI\2001_2025\EVI_Series_ID_EU_150-X047-Y023_2001_2025.tif,EVI_Series_ID_EU_150-X047-Y023_2001_2025.tif,EVI_Series_ID_EU_150-X047-Y023_2001_2025.tif,2001-2025,2001-01-01..2025-12-19,band-level; see time_index.csv,band-level; see time_index.csv,EU_150-X047-Y023,2001,2025,2001-01-01,2025-12-19,575,Float32,-Infinity,673,677,EPSG:3035,"[6496750.0,250.0,0.0,3710500.0,0.0,-250.0]",250.0,250.0,"[6496750.0,3541250.0,6665000.0,3710500.0]",0.0,0.0,DEFLATE,468028869,-0.185,0.991,0.2442523256718059,0.6221907527095516,575,6e3c1cfc064026514baec0512c4ad3d696aa72a6731b6323ca7821a6643b5be1,True,
A:\_BioGeo\liuxianx\Co_authors\ana\output\MODIS_EU_EVI\2001_2025\EVI_Series_ID_EU_150-X047-Y024_2001_2025.tif,EVI_Series_ID_EU_150-X047-Y024_2001_2025.tif,EVI_Series_ID_EU_150-X047-Y024_2001_2025.tif,2001-2025,2001-01-01..2025-12-19,band-level; see time_index.csv,band-level; see time_index.csv,EU_150-X047-Y024,2001,2025,2001-01-01,2025-12-19,575,Float32,-Infinity,673,677,EPSG:3035,"[6517250.0,250.0,0.0,3560750.0,0.0,-250.0]",250.0,250.0,"[6517250.0,3391500.0,6685500.0,3560750.0]",0.0,0.0,DEFLATE,495515683,-0.198,0.994,0.2292086298219171,0.6340775811090572,575,6e3c1cfc064026514baec0512c4ad3d696aa72a6731b6323ca7821a6643b5be1,True,
A:\_BioGeo\liuxianx\Co_authors\ana\output\MODIS_EU_EVI\2001_2025\EVI_Series_ID_EU_150-X047-Y025_2001_2025.tif,EVI_Series_ID_EU_150-X047-Y025_2001_2025.tif,EVI_Series_ID_EU_150-X047-Y025_2001_2025.tif,2001-2025,2001-01-01..2025-12-19,band-level; see time_index.csv,band-level; see time_index.csv,EU_150-X047-Y025,2001,2025,2001-01-01,2025-12-19,575,Float32,-Infinity,670,677,EPSG:3035,"[6537750.0,250.0,0.0,3410750.0,0.0,-250.0]",250.0,250.0,"[6537750.0,3241500.0,6705250.0,3410750.0]",0.0,0.0,DEFLATE,498413349,-0.151,0.996,0.20916560577972415,0.6280352727173912,575,6e3c1cfc064026514baec0512c4ad3d696aa72a6731b6323ca7821a6643b5be1,True,
A:\_BioGeo\liuxianx\Co_authors\ana\output\MODIS_EU_EVI\2001_2025\EVI_Series_ID_EU_150-X047-Y026_2001_2025.tif,EVI_Series_ID_EU_150-X047-Y026_2001_2025.tif,EVI_Series_ID_EU_150-X047-Y026_2001_2025.tif,2001-2025,2001-01-01..2025-12-19,band-level; see time_index.csv,band-level; see time_index.csv,EU_150-X047-Y026,2001,2025,2001-01-01,2025-12-19,575,Float32,-Infinity,669,676,EPSG:3035,"[6557750.0,250.0,0.0,3260500.0,0.0,-250.0]",250.0,250.0,"[6557750.0,3091500.0,6725000.0,3260500.0]",0.0,0.0,DEFLATE,554614897,-0.169,0.999,0.23325910606397068,0.6795283902300885,575,6e3c1cfc064026514baec0512c4ad3d696aa72a6731b6323ca7821a6643b5be1,True,
A:\_BioGeo\liuxianx\Co_authors\ana\output\MODIS_EU_EVI\2001_2025\EVI_Series_ID_EU_150-X047-Y027_2001_2025.tif,EVI_Series_ID_EU_150-X047-Y027_2001_2025.tif,EVI_Series_ID_EU_150-X047-Y027_2001_2025.tif,2001-2025,2001-01-01..2025-12-19,band-level; see time_index.csv,band-level; see time_index.csv,EU_150-X047-Y027,2001,2025,2001-01-01,2025-12-19,575,Float32,-Infinity,668,677,EPSG:3035,"[6577500.0,250.0,0.0,3110500.0,0.0,-250.0]",250.0,250.0,"[6577500.0,2941250.0,6744500.0,3110500.0]",0.0,0.0,DEFLATE,602681231,-0.137,1.0,0.25371111400639473,0.7267534704035088,575,6e3c1cfc064026514baec0512c4ad3d696aa72a6731b6323ca7821a6643b5be1,True,
A:\_BioGeo\liuxianx\Co_authors\ana\output\MODIS_EU_EVI\2001_2025\EVI_Series_ID_EU_150-X047-Y028_2001_2025.tif,EVI_Series_ID_EU_150-X047-Y028_2001_2025.tif,EVI_Series_ID_EU_150-X047-Y028_2001_2025.tif,2001-2025,2001-01-01..2025-12-19,band-level; see time_index.csv,band-level; see time_index.csv,EU_150-X047-Y028,2001,2025,2001-01-01,2025-12-19,575,Float32,-Infinity,667,677,EPSG:3035,"[6597000.0,250.0,0.0,2960250.0,0.0,-250.0]",250.0,250.0,"[6597000.0,2791000.0,6763750.0,2960250.0]",0.0,0.0,DEFLATE,603712263,-0.185,0.999,0.3272597634304806,0.7358528173913044,575,6e3c1cfc064026514baec0512c4ad3d696aa72a6731b6323ca7821a6643b5be1,True,
A:\_BioGeo\liuxianx\Co_authors\ana\output\MODIS_EU_EVI\2001_2025\EVI_Series_ID_EU_150-X047-Y029_2001_2025.tif,EVI_Series_ID_EU_150-X047-Y029_2001_2025.tif,EVI_Series_ID_EU_150-X047-Y029_2001_2025.tif,2001-2025,2001-01-01..2025-12-19,band-level; see time_index.csv,band-level; see time_index.csv,EU_150-X047-Y029,2001,2025,2001-01-01,2025-12-19,575,Float32,-Infinity,666,677,EPSG:3035,"[6616000.0,250.0,0.0,2810000.0,0.0,-250.0]",250.0,250.0,"[6616000.0,2640750.0,6782500.0,2810000.0]",0.0,0.0,DEFLATE,204203433,-0.2,1.0,0.3935678196510436,0.23745440347826086,575,6e3c1cfc064026514baec0512c4ad3d696aa72a6731b6323ca7821a6643b5be1,True,
A:\_BioGeo\liuxianx\Co_authors\ana\output\MODIS_EU_EVI\2001_2025\EVI_Series_ID_EU_150-X047-Y031_2001_2025.tif,EVI_Series_ID_EU_150-X047-Y031_2001_2025.tif,EVI_Series_ID_EU_150-X047-Y031_2001_2025.tif,2001-2025,2001-01-01..2025-12-19,band-level; see time_index.csv,band-level; see time_index.csv,EU_150-X047-Y031,2001,2025,2001-01-01,2025-12-19,575,Float32,-Infinity,663,676,EPSG:3035,"[6653500.0,250.0,0.0,2509000.0,0.0,-250.0]",250.0,250.0,"[6653500.0,2340000.0,6819250.0,2509000.0]",0.0,0.0,DEFLATE,390843873,-0.2,0.999,0.2890298961500406,0.4756284956521739,575,6e3c1cfc064026514baec0512c4ad3d696aa72a6731b6323ca7821a6643b5be1,True,
A:\_BioGeo\liuxianx\Co_authors\ana\output\MODIS_EU_EVI\2001_2025\EVI_Series_ID_EU_150-X047-Y032_2001_2025.tif,EVI_Series_ID_EU_150-X047-Y032_2001_2025.tif,EVI_Series_ID_EU_150-X047-Y032_2001_2025.tif,2001-2025,2001-01-01..2025-12-19,band-level; see time_index.csv,band-level; see time_index.csv,EU_150-X047-Y032,2001,2025,2001-01-01,2025-12-19,575,Float32,-Infinity,662,676,EPSG:3035,"[6671750.0,250.0,0.0,2358500.0,0.0,-250.0]",250.0,250.0,"[6671750.0,2189500.0,6837250.0,2358500.0]",0.0,0.0,DEFLATE,472251759,-0.199,0.957,0.17896582047721454,0.6112705284869565,575,6e3c1cfc064026514baec0512c4ad3d696aa72a6731b6323ca7821a6643b5be1,True,
A:\_BioGeo\liuxianx\Co_authors\ana\output\MODIS_EU_EVI\2001_2025\EVI_Series_ID_EU_150-X047-Y033_2001_2025.tif,EVI_Series_ID_EU_150-X047-Y033_2001_2025.tif,EVI_Series_ID_EU_150-X047-Y033_2001_2025.tif,2001-2025,2001-01-01..2025-12-19,band-level; see time_index.csv,band-level; see time_index.csv,EU_150-X047-Y033,2001,2025,2001-01-01,2025-12-19,575,Float32,-Infinity,661,676,EPSG:3035,"[6689750.0,250.0,0.0,2207750.0,0.0,-250.0]",250.0,250.0,"[6689750.0,2038750.0,6855000.0,2207750.0]",0.0,0.0,DEFLATE,579733341,-0.192,0.898,0.17123860463920745,0.7307245217391305,575,6e3c1cfc064026514baec0512c4ad3d696aa72a6731b6323ca7821a6643b5be1,True,
A:\_BioGeo\liuxianx\Co_authors\ana\output\MODIS_EU_EVI\2001_2025\EVI_Series_ID_EU_150-X047-Y034_2001_2025.tif,EVI_Series_ID_EU_150-X047-Y034_2001_2025.tif,EVI_Series_ID_EU_150-X047-Y034_2001_2025.tif,2001-2025,2001-01-01..2025-12-19,band-level; see time_index.csv,band-level; see time_index.csv,EU_150-X047-Y034,2001,2025,2001-01-01,2025-12-19,575,Float32,-Infinity,660,676,EPSG:3035,"[6707500.0,250.0,0.0,2057000.0,0.0,-250.0]",250.0,250.0,"[6707500.0,1888000.0,6872500.0,2057000.0]",0.0,0.0,DEFLATE,560672077,-0.117,0.947,0.15383684742493206,0.7749833043478261,575,6e3c1cfc064026514baec0512c4ad3d696aa72a6731b6323ca7821a6643b5be1,True,
A:\_BioGeo\liuxianx\Co_authors\ana\output\MODIS_EU_EVI\2001_2025\EVI_Series_ID_EU_150-X048-Y007_2001_2025.tif,EVI_Series_ID_EU_150-X048-Y007_2001_2025.tif,EVI_Series_ID_EU_150-X048-Y007_2001_2025.tif,2001-2025,2001-01-01..2025-12-19,band-level; see time_index.csv,band-level; see time_index.csv,EU_150-X048-Y007,2001,2025,2001-01-01,2025-12-19,575,Float32,-Infinity,693,678,EPSG:3035,"[6276750.0,250.0,0.0,6119000.0,0.0,-250.0]",250.0,250.0,"[6276750.0,5949500.0,6450000.0,6119000.0]",0.0,0.0,DEFLATE,134836427,-0.198,0.932,0.2819482000726588,0.3116669981168831,575,6e3c1cfc064026514baec0512c4ad3d696aa72a6731b6323ca7821a6643b5be1,True,
A:\_BioGeo\liuxianx\Co_authors\ana\output\MODIS_EU_EVI\2001_2025\EVI_Series_ID_EU_150-X048-Y008_2001_2025.tif,EVI_Series_ID_EU_150-X048-Y008_2001_2025.tif,EVI_Series_ID_EU_150-X048-Y008_2001_2025.tif,2001-2025,2001-01-01..2025-12-19,band-level; see time_index.csv,band-level; see time_index.csv,EU_150-X048-Y008,2001,2025,2001-01-01,2025-12-19,575,Float32,-Infinity,691,678,EPSG:3035,"[6302000.0,250.0,0.0,5970250.0,0.0,-250.0]",250.0,250.0,"[6302000.0,5800750.0,6474750.0,5970250.0]",0.0,0.0,DEFLATE,194561979,-0.2,0.993,0.3092452023955851,0.3647286317172775,575,6e3c1cfc064026514baec0512c4ad3d696aa72a6731b6323ca7821a6643b5be1,True,
A:\_BioGeo\liuxianx\Co_authors\ana\output\MODIS_EU_EVI\2001_2025\EVI_Series_ID_EU_150-X048-Y009_2001_2025.tif,EVI_Series_ID_EU_150-X048-Y009_2001_2025.tif,EVI_Series_ID_EU_150-X048-Y009_2001_2025.tif,2001-2025,2001-01-01..2025-12-19,band-level; see time_index.csv,band-level; see time_index.csv,EU_150-X048-Y009,2001,2025,2001-01-01,2025-12-19,575,Float32,-Infinity,690,678,EPSG:3035,"[6326750.0,250.0,0.0,5821500.0,0.0,-250.0]",250.0,250.0,"[6326750.0,5652000.0,6499250.0,5821500.0]",0.0,0.0,DEFLATE,199091809,-0.2,0.971,0.3389284568393398,0.3891097418449198,575,6e3c1cfc064026514baec0512c4ad3d696aa72a6731b6323ca7821a6643b5be1,True,
A:\_BioGeo\liuxianx\Co_authors\ana\output\MODIS_EU_EVI\2001_2025\EVI_Series_ID_EU_150-X048-Y010_2001_2025.tif,EVI_Series_ID_EU_150-X048-Y010_2001_2025.tif,EVI_Series_ID_EU_150-X048-Y010_2001_2025.tif,2001-2025,2001-01-01..2025-12-19,band-level; see time_index.csv,band-level; see time_index.csv,EU_150-X048-Y010,2001,2025,2001-01-01,2025-12-19,575,Float32,-Infinity,689,679,EPSG:3035,"[6351250.0,250.0,0.0,5672750.0,0.0,-250.0]",250.0,250.0,"[6351250.0,5503000.0,6523500.0,5672750.0]",0.0,0.0,DEFLATE,225029045,-0.2,0.969,0.3383605154960953,0.32327744938398356,575,6e3c1cfc064026514baec0512c4ad3d696aa72a6731b6323ca7821a6643b5be1,True,
A:\_BioGeo\liuxianx\Co_authors\ana\output\MODIS_EU_EVI\2001_2025\EVI_Series_ID_EU_150-X048-Y011_2001_2025.tif,EVI_Series_ID_EU_150-X048-Y011_2001_2025.tif,EVI_Series_ID_EU_150-X048-Y011_2001_2025.tif,2001-2025,2001-01-01..2025-12-19,band-level; see time_index.csv,band-level; see time_index.csv,EU_150-X048-Y011,2001,2025,2001-01-01,2025-12-19,575,Float32,-Infinity,688,679,EPSG:3035,"[6375500.0,250.0,0.0,5523750.0,0.0,-250.0]",250.0,250.0,"[6375500.0,5354000.0,6547500.0,5523750.0]",0.0,0.0,DEFLATE,231131377,-0.2,0.993,0.3229438909106264,0.3136112714285714,575,6e3c1cfc064026514baec0512c4ad3d696aa72a6731b6323ca7821a6643b5be1,True,
A:\_BioGeo\liuxianx\Co_authors\ana\output\MODIS_EU_EVI\2001_2025\EVI_Series_ID_EU_150-X048-Y012_2001_2025.tif,EVI_Series_ID_EU_150-X048-Y012_2001_2025.tif,EVI_Series_ID_EU_150-X048-Y012_2001_2025.tif,2001-2025,2001-01-01..2025-12-19,band-level; see time_index.csv,band-level; see time_index.csv,EU_150-X048-Y012,2001,2025,2001-01-01,2025-12-19,575,Float32,-Infinity,687,678,EPSG:3035,"[6399500.0,250.0,0.0,5374500.0,0.0,-250.0]",250.0,250.0,"[6399500.0,5205000.0,6571250.0,5374500.0]",0.0,0.0,DEFLATE,261184391,-0.199,1.0,0.3229476964331975,0.3583590286042065,575,6e3c1cfc064026514baec0512c4ad3d696aa72a6731b6323ca7821a6643b5be1,True,
A:\_BioGeo\liuxianx\Co_authors\ana\output\MODIS_EU_EVI\2001_2025\EVI_Series_ID_EU_150-X048-Y013_2001_2025.tif,EVI_Series_ID_EU_150-X048-Y013_2001_2025.tif,EVI_Series_ID_EU_150-X048-Y013_2001_2025.tif,2001-2025,2001-01-01..2025-12-19,band-level; see time_index.csv,band-level; see time_index.csv,EU_150-X048-Y013,2001,2025,2001-01-01,2025-12-19,575,Float32,-Infinity,685,678,EPSG:3035,"[6423250.0,250.0,0.0,5225500.0,0.0,-250.0]",250.0,250.0,"[6423250.0,5056000.0,6594500.0,5225500.0]",0.0,0.0,DEFLATE,301840673,-0.199,0.996,0.32628928435391863,0.4125276048689138,575,6e3c1cfc064026514baec0512c4ad3d696aa72a6731b6323ca7821a6643b5be1,True,
A:\_BioGeo\liuxianx\Co_authors\ana\output\MODIS_EU_EVI\2001_2025\EVI_Series_ID_EU_150-X048-Y014_2001_2025.tif,EVI_Series_ID_EU_150-X048-Y014_2001_2025.tif,EVI_Series_ID_EU_150-X048-Y014_2001_2025.tif,2001-2025,2001-01-01..2025-12-19,band-level; see time_index.csv,band-level; see time_index.csv,EU_150-X048-Y014,2001,2025,2001-01-01,2025-12-19,575,Float32,-Infinity,684,678,EPSG:3035,"[6446750.0,250.0,0.0,5076250.0,0.0,-250.0]",250.0,250.0,"[6446750.0,4906750.0,6617750.0,5076250.0]",0.0,0.0,DEFLATE,329541293,-0.199,0.999,0.327818997592927,0.4315363346830986,575,6e3c1cfc064026514baec0512c4ad3d696aa72a6731b6323ca7821a6643b5be1,True,
A:\_BioGeo\liuxianx\Co_authors\ana\output\MODIS_EU_EVI\2001_2025\EVI_Series_ID_EU_150-X048-Y015_2001_2025.tif,EVI_Series_ID_EU_150-X048-Y015_2001_2025.tif,EVI_Series_ID_EU_150-X048-Y015_2001_2025.tif,2001-2025,2001-01-01..2025-12-19,band-level; see time_index.csv,band-level; see time_index.csv,EU_150-X048-Y015,2001,2025,2001-01-01,2025-12-19,575,Float32,-Infinity,683,678,EPSG:3035,"[6469750.0,250.0,0.0,4927000.0,0.0,-250.0]",250.0,250.0,"[6469750.0,4757500.0,6640500.0,4927000.0]",0.0,0.0,DEFLATE,361083443,-0.2,0.998,0.3406852569112566,0.45683277942307693,575,6e3c1cfc064026514baec0512c4ad3d696aa72a6731b6323ca7821a6643b5be1,True,
A:\_BioGeo\liuxianx\Co_authors\ana\output\MODIS_EU_EVI\2001_2025\EVI_Series_ID_EU_150-X048-Y016_2001_2025.tif,EVI_Series_ID_EU_150-X048-Y016_2001_2025.tif,EVI_Series_ID_EU_150-X048-Y016_2001_2025.tif,2001-2025,2001-01-01..2025-12-19,band-level; see time_index.csv,band-level; see time_index.csv,EU_150-X048-Y016,2001,2025,2001-01-01,2025-12-19,575,Float32,-Infinity,682,678,EPSG:3035,"[6492500.0,250.0,0.0,4777500.0,0.0,-250.0]",250.0,250.0,"[6492500.0,4608000.0,6663000.0,4777500.0]",0.0,0.0,DEFLATE,353003151,-0.2,0.999,0.3772622000409635,0.46238368828924165,575,6e3c1cfc064026514baec0512c4ad3d696aa72a6731b6323ca7821a6643b5be1,True,
A:\_BioGeo\liuxianx\Co_authors\ana\output\MODIS_EU_EVI\2001_2025\EVI_Series_ID_EU_150-X048-Y017_2001_2025.tif,EVI_Series_ID_EU_150-X048-Y017_2001_2025.tif,EVI_Series_ID_EU_150-X048-Y017_2001_2025.tif,2001-2025,2001-01-01..2025-12-19,band-level; see time_index.csv,band-level; see time_index.csv,EU_150-X048-Y017,2001,2025,2001-01-01,2025-12-19,575,Float32,-Infinity,681,677,EPSG:3035,"[6515000.0,250.0,0.0,4628000.0,0.0,-250.0]",250.0,250.0,"[6515000.0,4458750.0,6685250.0,4628000.0]",0.0,0.0,DEFLATE,361490139,-0.2,0.998,0.3816967474328422,0.4551840735714286,575,6e3c1cfc064026514baec0512c4ad3d696aa72a6731b6323ca7821a6643b5be1,True,
A:\_BioGeo\liuxianx\Co_authors\ana\output\MODIS_EU_EVI\2001_2025\EVI_Series_ID_EU_150-X048-Y018_2001_2025.tif,EVI_Series_ID_EU_150-X048-Y018_2001_2025.tif,EVI_Series_ID_EU_150-X048-Y018_2001_2025.tif,2001-2025,2001-01-01..2025-12-19,band-level; see time_index.csv,band-level; see time_index.csv,EU_150-X048-Y018,2001,2025,2001-01-01,2025-12-19,575,Float32,-Infinity,679,677,EPSG:3035,"[6537250.0,250.0,0.0,4478500.0,0.0,-250.0]",250.0,250.0,"[6537250.0,4309250.0,6707000.0,4478500.0]",0.0,0.0,DEFLATE,387671237,-0.199,0.999,0.3575506760104441,0.47142438063268893,575,6e3c1cfc064026514baec0512c4ad3d696aa72a6731b6323ca7821a6643b5be1,True,
A:\_BioGeo\liuxianx\Co_authors\ana\output\MODIS_EU_EVI\2001_2025\EVI_Series_ID_EU_150-X048-Y019_2001_2025.tif,EVI_Series_ID_EU_150-X048-Y019_2001_2025.tif,EVI_Series_ID_EU_150-X048-Y019_2001_2025.tif,2001-2025,2001-01-01..2025-12-19,band-level; see time_index.csv,band-level; see time_index.csv,EU_150-X048-Y019,2001,2025,2001-01-01,2025-12-19,575,Float32,-Infinity,678,678,EPSG:3035,"[6559250.0,250.0,0.0,4329000.0,0.0,-250.0]",250.0,250.0,"[6559250.0,4159500.0,6728750.0,4329000.0]",0.0,0.0,DEFLATE,373220933,-0.199,0.997,0.31992294663764376,0.449512691978836,575,6e3c1cfc064026514baec0512c4ad3d696aa72a6731b6323ca7821a6643b5be1,True,
A:\_BioGeo\liuxianx\Co_authors\ana\output\MODIS_EU_EVI\2001_2025\EVI_Series_ID_EU_150-X048-Y020_2001_2025.tif,EVI_Series_ID_EU_150-X048-Y020_2001_2025.tif,EVI_Series_ID_EU_150-X048-Y020_2001_2025.tif,2001-2025,2001-01-01..2025-12-19,band-level; see time_index.csv,band-level; see time_index.csv,EU_150-X048-Y020,2001,2025,2001-01-01,2025-12-19,575,Float32,-Infinity,676,677,EPSG:3035,"[6581000.0,250.0,0.0,4179250.0,0.0,-250.0]",250.0,250.0,"[6581000.0,4010000.0,6750000.0,4179250.0]",0.0,0.0,DEFLATE,406960153,-0.198,0.989,0.31169068863660687,0.4772453842334495,575,6e3c1cfc064026514baec0512c4ad3d696aa72a6731b6323ca7821a6643b5be1,True,
A:\_BioGeo\liuxianx\Co_authors\ana\output\MODIS_EU_EVI\2001_2025\EVI_Series_ID_EU_150-X048-Y021_2001_2025.tif,EVI_Series_ID_EU_150-X048-Y021_2001_2025.tif,EVI_Series_ID_EU_150-X048-Y021_2001_2025.tif,2001-2025,2001-01-01..2025-12-19,band-level; see time_index.csv,band-level; see time_index.csv,EU_150-X048-Y021,2001,2025,2001-01-01,2025-12-19,575,Float32,-Infinity,676,677,EPSG:3035,"[6602250.0,250.0,0.0,4029500.0,0.0,-250.0]",250.0,250.0,"[6602250.0,3860250.0,6771250.0,4029500.0]",0.0,0.0,DEFLATE,422180189,-0.199,0.994,0.3183929867808745,0.5055457250877193,575,6e3c1cfc064026514baec0512c4ad3d696aa72a6731b6323ca7821a6643b5be1,True,
A:\_BioGeo\liuxianx\Co_authors\ana\output\MODIS_EU_EVI\2001_2025\EVI_Series_ID_EU_150-X048-Y022_2001_2025.tif,EVI_Series_ID_EU_150-X048-Y022_2001_2025.tif,EVI_Series_ID_EU_150-X048-Y022_2001_2025.tif,2001-2025,2001-01-01..2025-12-19,band-level; see time_index.csv,band-level; see time_index.csv,EU_150-X048-Y022,2001,2025,2001-01-01,2025-12-19,575,Float32,-Infinity,674,677,EPSG:3035,"[6623500.0,250.0,0.0,3879500.0,0.0,-250.0]",250.0,250.0,"[6623500.0,3710250.0,6792000.0,3879500.0]",0.0,0.0,DEFLATE,444092629,-0.199,0.995,0.2489536703382787,0.5954955906383399,575,6e3c1cfc064026514baec0512c4ad3d696aa72a6731b6323ca7821a6643b5be1,True,
A:\_BioGeo\liuxianx\Co_authors\ana\output\MODIS_EU_EVI\2001_2025\EVI_Series_ID_EU_150-X048-Y023_2001_2025.tif,EVI_Series_ID_EU_150-X048-Y023_2001_2025.tif,EVI_Series_ID_EU_150-X048-Y023_2001_2025.tif,2001-2025,2001-01-01..2025-12-19,band-level; see time_index.csv,band-level; see time_index.csv,EU_150-X048-Y023,2001,2025,2001-01-01,2025-12-19,575,Float32,-Infinity,673,677,EPSG:3035,"[6644250.0,250.0,0.0,3729750.0,0.0,-250.0]",250.0,250.0,"[6644250.0,3560500.0,6812500.0,3729750.0]",0.0,0.0,DEFLATE,459596655,-0.19,0.999,0.21346575225773165,0.6322495824472656,575,6e3c1cfc064026514baec0512c4ad3d696aa72a6731b6323ca7821a6643b5be1,True,
A:\_BioGeo\liuxianx\Co_authors\ana\output\MODIS_EU_EVI\2001_2025\EVI_Series_ID_EU_150-X048-Y024_2001_2025.tif,EVI_Series_ID_EU_150-X048-Y024_2001_2025.tif,EVI_Series_ID_EU_150-X048-Y024_2001_2025.tif,2001-2025,2001-01-01..2025-12-19,band-level; see time_index.csv,band-level; see time_index.csv,EU_150-X048-Y024,2001,2025,2001-01-01,2025-12-19,575,Float32,-Infinity,672,677,EPSG:3035,"[6664750.0,250.0,0.0,3579750.0,0.0,-250.0]",250.0,250.0,"[6664750.0,3410500.0,6832750.0,3579750.0]",0.0,0.0,DEFLATE,483481747,-0.187,0.997,0.19610585335708858,0.6398581143646409,575,6e3c1cfc064026514baec0512c4ad3d696aa72a6731b6323ca7821a6643b5be1,True,
A:\_BioGeo\liuxianx\Co_authors\ana\output\MODIS_EU_EVI\2001_2025\EVI_Series_ID_EU_150-X048-Y025_2001_2025.tif,EVI_Series_ID_EU_150-X048-Y025_2001_2025.tif,EVI_Series_ID_EU_150-X048-Y025_2001_2025.tif,2001-2025,2001-01-01..2025-12-19,band-level; see time_index.csv,band-level; see time_index.csv,EU_150-X048-Y025,2001,2025,2001-01-01,2025-12-19,575,Float32,-Infinity,670,677,EPSG:3035,"[6685250.0,250.0,0.0,3429500.0,0.0,-250.0]",250.0,250.0,"[6685250.0,3260250.0,6852750.0,3429500.0]",0.0,0.0,DEFLATE,510466453,-0.18,0.995,0.19531066666281766,0.660853644875,575,6e3c1cfc064026514baec0512c4ad3d696aa72a6731b6323ca7821a6643b5be1,True,
A:\_BioGeo\liuxianx\Co_authors\ana\output\MODIS_EU_EVI\2001_2025\EVI_Series_ID_EU_150-X048-Y026_2001_2025.tif,EVI_Series_ID_EU_150-X048-Y026_2001_2025.tif,EVI_Series_ID_EU_150-X048-Y026_2001_2025.tif,2001-2025,2001-01-01..2025-12-19,band-level; see time_index.csv,band-level; see time_index.csv,EU_150-X048-Y026,2001,2025,2001-01-01,2025-12-19,575,Float32,-Infinity,670,677,EPSG:3035,"[6705000.0,250.0,0.0,3279500.0,0.0,-250.0]",250.0,250.0,"[6705000.0,3110250.0,6872500.0,3279500.0]",0.0,0.0,DEFLATE,524173907,-0.188,0.999,0.218463646205702,0.6710591615248227,575,6e3c1cfc064026514baec0512c4ad3d696aa72a6731b6323ca7821a6643b5be1,True,
A:\_BioGeo\liuxianx\Co_authors\ana\output\MODIS_EU_EVI\2001_2025\EVI_Series_ID_EU_150-X048-Y027_2001_2025.tif,EVI_Series_ID_EU_150-X048-Y027_2001_2025.tif,EVI_Series_ID_EU_150-X048-Y027_2001_2025.tif,2001-2025,2001-01-01..2025-12-19,band-level; see time_index.csv,band-level; see time_index.csv,EU_150-X048-Y027,2001,2025,2001-01-01,2025-12-19,575,Float32,-Infinity,668,677,EPSG:3035,"[6724750.0,250.0,0.0,3129250.0,0.0,-250.0]",250.0,250.0,"[6724750.0,2960000.0,6891750.0,3129250.0]",0.0,0.0,DEFLATE,571608571,-0.196,0.979,0.23345492935052217,0.698589973986014,575,6e3c1cfc064026514baec0512c4ad3d696aa72a6731b6323ca7821a6643b5be1,True,
A:\_BioGeo\liuxianx\Co_authors\ana\output\MODIS_EU_EVI\2001_2025\EVI_Series_ID_EU_150-X048-Y028_2001_2025.tif,EVI_Series_ID_EU_150-X048-Y028_2001_2025.tif,EVI_Series_ID_EU_150-X048-Y028_2001_2025.tif,2001-2025,2001-01-01..2025-12-19,band-level; see time_index.csv,band-level; see time_index.csv,EU_150-X048-Y028,2001,2025,2001-01-01,2025-12-19,575,Float32,-Infinity,667,676,EPSG:3035,"[6744250.0,250.0,0.0,2978750.0,0.0,-250.0]",250.0,250.0,"[6744250.0,2809750.0,6911000.0,2978750.0]",0.0,0.0,DEFLATE,551090477,-0.2,1.0,0.30452765121540665,0.6720865669565217,575,6e3c1cfc064026514baec0512c4ad3d696aa72a6731b6323ca7821a6643b5be1,True,
A:\_BioGeo\liuxianx\Co_authors\ana\output\MODIS_EU_EVI\2001_2025\EVI_Series_ID_EU_150-X048-Y029_2001_2025.tif,EVI_Series_ID_EU_150-X048-Y029_2001_2025.tif,EVI_Series_ID_EU_150-X048-Y029_2001_2025.tif,2001-2025,2001-01-01..2025-12-19,band-level; see time_index.csv,band-level; see time_index.csv,EU_150-X048-Y029,2001,2025,2001-01-01,2025-12-19,575,Float32,-Infinity,665,677,EPSG:3035,"[6763500.0,250.0,0.0,2828500.0,0.0,-250.0]",250.0,250.0,"[6763500.0,2659250.0,6929750.0,2828500.0]",0.0,0.0,DEFLATE,404122481,-0.2,1.0,0.3649019028066016,0.48593208695652174,575,6e3c1cfc064026514baec0512c4ad3d696aa72a6731b6323ca7821a6643b5be1,True,
A:\_BioGeo\liuxianx\Co_authors\ana\output\MODIS_EU_EVI\2001_2025\EVI_Series_ID_EU_150-X048-Y030_2001_2025.tif,EVI_Series_ID_EU_150-X048-Y030_2001_2025.tif,EVI_Series_ID_EU_150-X048-Y030_2001_2025.tif,2001-2025,2001-01-01..2025-12-19,band-level; see time_index.csv,band-level; see time_index.csv,EU_150-X048-Y030,2001,2025,2001-01-01,2025-12-19,575,Float32,-Infinity,664,676,EPSG:3035,"[6782250.0,250.0,0.0,2677750.0,0.0,-250.0]",250.0,250.0,"[6782250.0,2508750.0,6948250.0,2677750.0]",0.0,0.0,DEFLATE,278844467,-0.2,1.0,0.3637129781281489,0.31290201391304345,575,6e3c1cfc064026514baec0512c4ad3d696aa72a6731b6323ca7821a6643b5be1,True,
A:\_BioGeo\liuxianx\Co_authors\ana\output\MODIS_EU_EVI\2001_2025\EVI_Series_ID_EU_150-X048-Y031_2001_2025.tif,EVI_Series_ID_EU_150-X048-Y031_2001_2025.tif,EVI_Series_ID_EU_150-X048-Y031_2001_2025.tif,2001-2025,2001-01-01..2025-12-19,band-level; see time_index.csv,band-level; see time_index.csv,EU_150-X048-Y031,2001,2025,2001-01-01,2025-12-19,575,Float32,-Infinity,663,676,EPSG:3035,"[6800750.0,250.0,0.0,2527250.0,0.0,-250.0]",250.0,250.0,"[6800750.0,2358250.0,6966500.0,2527250.0]",0.0,0.0,DEFLATE,435209277,-0.2,1.0,0.23896537381827337,0.5331537492173913,575,6e3c1cfc064026514baec0512c4ad3d696aa72a6731b6323ca7821a6643b5be1,True,
A:\_BioGeo\liuxianx\Co_authors\ana\output\MODIS_EU_EVI\2001_2025\EVI_Series_ID_EU_150-X048-Y032_2001_2025.tif,EVI_Series_ID_EU_150-X048-Y032_2001_2025.tif,EVI_Series_ID_EU_150-X048-Y032_2001_2025.tif,2001-2025,2001-01-01..2025-12-19,band-level; see time_index.csv,band-level; see time_index.csv,EU_150-X048-Y032,2001,2025,2001-01-01,2025-12-19,575,Float32,-Infinity,662,676,EPSG:3035,"[6819000.0,250.0,0.0,2376500.0,0.0,-250.0]",250.0,250.0,"[6819000.0,2207500.0,6984500.0,2376500.0]",0.0,0.0,DEFLATE,477781629,-0.197,0.976,0.21445398043759678,0.611612756,575,6e3c1cfc064026514baec0512c4ad3d696aa72a6731b6323ca7821a6643b5be1,True,
A:\_BioGeo\liuxianx\Co_authors\ana\output\MODIS_EU_EVI\2001_2025\EVI_Series_ID_EU_150-X048-Y033_2001_2025.tif,EVI_Series_ID_EU_150-X048-Y033_2001_2025.tif,EVI_Series_ID_EU_150-X048-Y033_2001_2025.tif,2001-2025,2001-01-01..2025-12-19,band-level; see time_index.csv,band-level; see time_index.csv,EU_150-X048-Y033,2001,2025,2001-01-01,2025-12-19,575,Float32,-Infinity,660,676,EPSG:3035,"[6837000.0,250.0,0.0,2225750.0,0.0,-250.0]",250.0,250.0,"[6837000.0,2056750.0,7002000.0,2225750.0]",0.0,0.0,DEFLATE,596928475,-0.166,0.989,0.2013711179120923,0.7940314782608696,575,6e3c1cfc064026514baec0512c4ad3d696aa72a6731b6323ca7821a6643b5be1,True,
A:\_BioGeo\liuxianx\Co_authors\ana\output\MODIS_EU_EVI\2001_2025\EVI_Series_ID_EU_150-X048-Y034_2001_2025.tif,EVI_Series_ID_EU_150-X048-Y034_2001_2025.tif,EVI_Series_ID_EU_150-X048-Y034_2001_2025.tif,2001-2025,2001-01-01..2025-12-19,band-level; see time_index.csv,band-level; see time_index.csv,EU_150-X048-Y034,2001,2025,2001-01-01,2025-12-19,575,Float32,-Infinity,659,676,EPSG:3035,"[6854750.0,250.0,0.0,2075000.0,0.0,-250.0]",250.0,250.0,"[6854750.0,1906000.0,7019500.0,2075000.0]",0.0,0.0,DEFLATE,592838493,-0.112,0.962,0.12972768206910523,0.7935615652173913,575,6e3c1cfc064026514baec0512c4ad3d696aa72a6731b6323ca7821a6643b5be1,True,
A:\_BioGeo\liuxianx\Co_authors\ana\output\MODIS_EU_EVI\2001_2025\EVI_Series_ID_EU_150-X049-Y012_2001_2025.tif,EVI_Series_ID_EU_150-X049-Y012_2001_2025.tif,EVI_Series_ID_EU_150-X049-Y012_2001_2025.tif,2001-2025,2001-01-01..2025-12-19,band-level; see time_index.csv,band-level; see time_index.csv,EU_150-X049-Y012,2001,2025,2001-01-01,2025-12-19,575,Float32,-Infinity,686,678,EPSG:3035,"[6547250.0,250.0,0.0,5394750.0,0.0,-250.0]",250.0,250.0,"[6547250.0,5225250.0,6718750.0,5394750.0]",0.0,0.0,DEFLATE,295295213,-0.2,0.995,0.3247671129880028,0.40443169816849817,575,6e3c1cfc064026514baec0512c4ad3d696aa72a6731b6323ca7821a6643b5be1,True,
A:\_BioGeo\liuxianx\Co_authors\ana\output\MODIS_EU_EVI\2001_2025\EVI_Series_ID_EU_150-X049-Y013_2001_2025.tif,EVI_Series_ID_EU_150-X049-Y013_2001_2025.tif,EVI_Series_ID_EU_150-X049-Y013_2001_2025.tif,2001-2025,2001-01-01..2025-12-19,band-level; see time_index.csv,band-level; see time_index.csv,EU_150-X049-Y013,2001,2025,2001-01-01,2025-12-19,575,Float32,-Infinity,685,678,EPSG:3035,"[6571000.0,250.0,0.0,5245500.0,0.0,-250.0]",250.0,250.0,"[6571000.0,5076000.0,6742250.0,5245500.0]",0.0,0.0,DEFLATE,306733707,-0.2,0.996,0.30185521121943776,0.3900988341463415,575,6e3c1cfc064026514baec0512c4ad3d696aa72a6731b6323ca7821a6643b5be1,True,
A:\_BioGeo\liuxianx\Co_authors\ana\output\MODIS_EU_EVI\2001_2025\EVI_Series_ID_EU_150-X049-Y014_2001_2025.tif,EVI_Series_ID_EU_150-X049-Y014_2001_2025.tif,EVI_Series_ID_EU_150-X049-Y014_2001_2025.tif,2001-2025,2001-01-01..2025-12-19,band-level; see time_index.csv,band-level; see time_index.csv,EU_150-X049-Y014,2001,2025,2001-01-01,2025-12-19,575,Float32,-Infinity,684,677,EPSG:3035,"[6594250.0,250.0,0.0,5096000.0,0.0,-250.0]",250.0,250.0,"[6594250.0,4926750.0,6765250.0,5096000.0]",0.0,0.0,DEFLATE,334234303,-0.2,0.998,0.34802107158262047,0.41839333641114984,575,6e3c1cfc064026514baec0512c4ad3d696aa72a6731b6323ca7821a6643b5be1,True,
A:\_BioGeo\liuxianx\Co_authors\ana\output\MODIS_EU_EVI\2001_2025\EVI_Series_ID_EU_150-X049-Y015_2001_2025.tif,EVI_Series_ID_EU_150-X049-Y015_2001_2025.tif,EVI_Series_ID_EU_150-X049-Y015_2001_2025.tif,2001-2025,2001-01-01..2025-12-19,band-level; see time_index.csv,band-level; see time_index.csv,EU_150-X049-Y015,2001,2025,2001-01-01,2025-12-19,575,Float32,-Infinity,682,678,EPSG:3035,"[6617500.0,250.0,0.0,4946750.0,0.0,-250.0]",250.0,250.0,"[6617500.0,4777250.0,6788000.0,4946750.0]",0.0,0.0,DEFLATE,342776585,-0.197,0.997,0.36440277533329524,0.4423721986115993,575,6e3c1cfc064026514baec0512c4ad3d696aa72a6731b6323ca7821a6643b5be1,True,
A:\_BioGeo\liuxianx\Co_authors\ana\output\MODIS_EU_EVI\2001_2025\EVI_Series_ID_EU_150-X049-Y016_2001_2025.tif,EVI_Series_ID_EU_150-X049-Y016_2001_2025.tif,EVI_Series_ID_EU_150-X049-Y016_2001_2025.tif,2001-2025,2001-01-01..2025-12-19,band-level; see time_index.csv,band-level; see time_index.csv,EU_150-X049-Y016,2001,2025,2001-01-01,2025-12-19,575,Float32,-Infinity,681,678,EPSG:3035,"[6640250.0,250.0,0.0,4797250.0,0.0,-250.0]",250.0,250.0,"[6640250.0,4627750.0,6810500.0,4797250.0]",0.0,0.0,DEFLATE,349587579,-0.196,0.999,0.3793226578772304,0.4456400799643494,575,6e3c1cfc064026514baec0512c4ad3d696aa72a6731b6323ca7821a6643b5be1,True,
A:\_BioGeo\liuxianx\Co_authors\ana\output\MODIS_EU_EVI\2001_2025\EVI_Series_ID_EU_150-X049-Y017_2001_2025.tif,EVI_Series_ID_EU_150-X049-Y017_2001_2025.tif,EVI_Series_ID_EU_150-X049-Y017_2001_2025.tif,2001-2025,2001-01-01..2025-12-19,band-level; see time_index.csv,band-level; see time_index.csv,EU_150-X049-Y017,2001,2025,2001-01-01,2025-12-19,575,Float32,-Infinity,680,678,EPSG:3035,"[6662750.0,250.0,0.0,4647750.0,0.0,-250.0]",250.0,250.0,"[6662750.0,4478250.0,6832750.0,4647750.0]",0.0,0.0,DEFLATE,353250921,-0.199,0.998,0.3715989072269824,0.44517627471929827,575,6e3c1cfc064026514baec0512c4ad3d696aa72a6731b6323ca7821a6643b5be1,True,
A:\_BioGeo\liuxianx\Co_authors\ana\output\MODIS_EU_EVI\2001_2025\EVI_Series_ID_EU_150-X049-Y018_2001_2025.tif,EVI_Series_ID_EU_150-X049-Y018_2001_2025.tif,EVI_Series_ID_EU_150-X049-Y018_2001_2025.tif,2001-2025,2001-01-01..2025-12-19,band-level; see time_index.csv,band-level; see time_index.csv,EU_150-X049-Y018,2001,2025,2001-01-01,2025-12-19,575,Float32,-Infinity,678,677,EPSG:3035,"[6685000.0,250.0,0.0,4498000.0,0.0,-250.0]",250.0,250.0,"[6685000.0,4328750.0,6854500.0,4498000.0]",0.0,0.0,DEFLATE,382447437,-0.198,0.995,0.34561707891864407,0.45680251177504394,575,6e3c1cfc064026514baec0512c4ad3d696aa72a6731b6323ca7821a6643b5be1,True,
A:\_BioGeo\liuxianx\Co_authors\ana\output\MODIS_EU_EVI\2001_2025\EVI_Series_ID_EU_150-X049-Y019_2001_2025.tif,EVI_Series_ID_EU_150-X049-Y019_2001_2025.tif,EVI_Series_ID_EU_150-X049-Y019_2001_2025.tif,2001-2025,2001-01-01..2025-12-19,band-level; see time_index.csv,band-level; see time_index.csv,EU_150-X049-Y019,2001,2025,2001-01-01,2025-12-19,575,Float32,-Infinity,678,677,EPSG:3035,"[6706750.0,250.0,0.0,4348250.0,0.0,-250.0]",250.0,250.0,"[6706750.0,4179000.0,6876250.0,4348250.0]",0.0,0.0,DEFLATE,399013023,-0.2,0.999,0.3330553244624567,0.4799988667562724,575,6e3c1cfc064026514baec0512c4ad3d696aa72a6731b6323ca7821a6643b5be1,True,
A:\_BioGeo\liuxianx\Co_authors\ana\output\MODIS_EU_EVI\2001_2025\EVI_Series_ID_EU_150-X049-Y020_2001_2025.tif,EVI_Series_ID_EU_150-X049-Y020_2001_2025.tif,EVI_Series_ID_EU_150-X049-Y020_2001_2025.tif,2001-2025,2001-01-01..2025-12-19,band-level; see time_index.csv,band-level; see time_index.csv,EU_150-X049-Y020,2001,2025,2001-01-01,2025-12-19,575,Float32,-Infinity,676,677,EPSG:3035,"[6728500.0,250.0,0.0,4198500.0,0.0,-250.0]",250.0,250.0,"[6728500.0,4029250.0,6897500.0,4198500.0]",0.0,0.0,DEFLATE,413902049,-0.198,0.999,0.28590489568092886,0.49391011265957446,575,6e3c1cfc064026514baec0512c4ad3d696aa72a6731b6323ca7821a6643b5be1,True,
A:\_BioGeo\liuxianx\Co_authors\ana\output\MODIS_EU_EVI\2001_2025\EVI_Series_ID_EU_150-X049-Y021_2001_2025.tif,EVI_Series_ID_EU_150-X049-Y021_2001_2025.tif,EVI_Series_ID_EU_150-X049-Y021_2001_2025.tif,2001-2025,2001-01-01..2025-12-19,band-level; see time_index.csv,band-level; see time_index.csv,EU_150-X049-Y021,2001,2025,2001-01-01,2025-12-19,575,Float32,-Infinity,675,677,EPSG:3035,"[6749750.0,250.0,0.0,4048500.0,0.0,-250.0]",250.0,250.0,"[6749750.0,3879250.0,6918500.0,4048500.0]",0.0,0.0,DEFLATE,424299351,-0.186,0.992,0.22577051900719566,0.5655836765581396,575,6e3c1cfc064026514baec0512c4ad3d696aa72a6731b6323ca7821a6643b5be1,True,
A:\_BioGeo\liuxianx\Co_authors\ana\output\MODIS_EU_EVI\2001_2025\EVI_Series_ID_EU_150-X049-Y022_2001_2025.tif,EVI_Series_ID_EU_150-X049-Y022_2001_2025.tif,EVI_Series_ID_EU_150-X049-Y022_2001_2025.tif,2001-2025,2001-01-01..2025-12-19,band-level; see time_index.csv,band-level; see time_index.csv,EU_150-X049-Y022,2001,2025,2001-01-01,2025-12-19,575,Float32,-Infinity,673,677,EPSG:3035,"[6771000.0,250.0,0.0,3898750.0,0.0,-250.0]",250.0,250.0,"[6771000.0,3729500.0,6939250.0,3898750.0]",0.0,0.0,DEFLATE,438931821,-0.16,0.996,0.19811157610216415,0.6611813134514768,575,6e3c1cfc064026514baec0512c4ad3d696aa72a6731b6323ca7821a6643b5be1,True,
A:\_BioGeo\liuxianx\Co_authors\ana\output\MODIS_EU_EVI\2001_2025\EVI_Series_ID_EU_150-X049-Y023_2001_2025.tif,EVI_Series_ID_EU_150-X049-Y023_2001_2025.tif,EVI_Series_ID_EU_150-X049-Y023_2001_2025.tif,2001-2025,2001-01-01..2025-12-19,band-level; see time_index.csv,band-level; see time_index.csv,EU_150-X049-Y023,2001,2025,2001-01-01,2025-12-19,575,Float32,-Infinity,672,676,EPSG:3035,"[6791750.0,250.0,0.0,3748500.0,0.0,-250.0]",250.0,250.0,"[6791750.0,3579500.0,6959750.0,3748500.0]",0.0,0.0,DEFLATE,420417455,-0.183,0.953,0.1910539738604969,0.6639096359126984,575,6e3c1cfc064026514baec0512c4ad3d696aa72a6731b6323ca7821a6643b5be1,True,
A:\_BioGeo\liuxianx\Co_authors\ana\output\MODIS_EU_EVI\2001_2025\EVI_Series_ID_EU_150-X049-Y024_2001_2025.tif,EVI_Series_ID_EU_150-X049-Y024_2001_2025.tif,EVI_Series_ID_EU_150-X049-Y024_2001_2025.tif,2001-2025,2001-01-01..2025-12-19,band-level; see time_index.csv,band-level; see time_index.csv,EU_150-X049-Y024,2001,2025,2001-01-01,2025-12-19,575,Float32,-Infinity,671,677,EPSG:3035,"[6812250.0,250.0,0.0,3598500.0,0.0,-250.0]",250.0,250.0,"[6812250.0,3429250.0,6980000.0,3598500.0]",0.0,0.0,DEFLATE,460248383,-0.196,0.908,0.1726303393521489,0.6270585130195382,575,6e3c1cfc064026514baec0512c4ad3d696aa72a6731b6323ca7821a6643b5be1,True,
A:\_BioGeo\liuxianx\Co_authors\ana\output\MODIS_EU_EVI\2001_2025\EVI_Series_ID_EU_150-X049-Y025_2001_2025.tif,EVI_Series_ID_EU_150-X049-Y025_2001_2025.tif,EVI_Series_ID_EU_150-X049-Y025_2001_2025.tif,2001-2025,2001-01-01..2025-12-19,band-level; see time_index.csv,band-level; see time_index.csv,EU_150-X049-Y025,2001,2025,2001-01-01,2025-12-19,575,Float32,-Infinity,670,676,EPSG:3035,"[6832500.0,250.0,0.0,3448250.0,0.0,-250.0]",250.0,250.0,"[6832500.0,3279250.0,7000000.0,3448250.0]",0.0,0.0,DEFLATE,478836257,-0.172,0.97,0.19408821218428793,0.6900212534458259,575,6e3c1cfc064026514baec0512c4ad3d696aa72a6731b6323ca7821a6643b5be1,True,
A:\_BioGeo\liuxianx\Co_authors\ana\output\MODIS_EU_EVI\2001_2025\EVI_Series_ID_EU_150-X049-Y026_2001_2025.tif,EVI_Series_ID_EU_150-X049-Y026_2001_2025.tif,EVI_Series_ID_EU_150-X049-Y026_2001_2025.tif,2001-2025,2001-01-01..2025-12-19,band-level; see time_index.csv,band-level; see time_index.csv,EU_150-X049-Y026,2001,2025,2001-01-01,2025-12-19,575,Float32,-Infinity,669,676,EPSG:3035,"[6852500.0,250.0,0.0,3298000.0,0.0,-250.0]",250.0,250.0,"[6852500.0,3129000.0,7019750.0,3298000.0]",0.0,0.0,DEFLATE,525069795,-0.152,0.968,0.20285941816755967,0.707753639354386,575,6e3c1cfc064026514baec0512c4ad3d696aa72a6731b6323ca7821a6643b5be1,True,
A:\_BioGeo\liuxianx\Co_authors\ana\output\MODIS_EU_EVI\2001_2025\EVI_Series_ID_EU_150-X049-Y027_2001_2025.tif,EVI_Series_ID_EU_150-X049-Y027_2001_2025.tif,EVI_Series_ID_EU_150-X049-Y027_2001_2025.tif,2001-2025,2001-01-01..2025-12-19,band-level; see time_index.csv,band-level; see time_index.csv,EU_150-X049-Y027,2001,2025,2001-01-01,2025-12-19,575,Float32,-Infinity,667,677,EPSG:3035,"[6872250.0,250.0,0.0,3147750.0,0.0,-250.0]",250.0,250.0,"[6872250.0,2978500.0,7039000.0,3147750.0]",0.0,0.0,DEFLATE,554188451,-0.178,0.979,0.21421172577652883,0.7030925286467486,575,6e3c1cfc064026514baec0512c4ad3d696aa72a6731b6323ca7821a6643b5be1,True,
A:\_BioGeo\liuxianx\Co_authors\ana\output\MODIS_EU_EVI\2001_2025\EVI_Series_ID_EU_150-X049-Y028_2001_2025.tif,EVI_Series_ID_EU_150-X049-Y028_2001_2025.tif,EVI_Series_ID_EU_150-X049-Y028_2001_2025.tif,2001-2025,2001-01-01..2025-12-19,band-level; see time_index.csv,band-level; see time_index.csv,EU_150-X049-Y028,2001,2025,2001-01-01,2025-12-19,575,Float32,-Infinity,666,676,EPSG:3035,"[6891500.0,250.0,0.0,2997250.0,0.0,-250.0]",250.0,250.0,"[6891500.0,2828250.0,7058000.0,2997250.0]",0.0,0.0,DEFLATE,549038725,-0.185,0.998,0.2731377643751255,0.691859307826087,575,6e3c1cfc064026514baec0512c4ad3d696aa72a6731b6323ca7821a6643b5be1,True,
A:\_BioGeo\liuxianx\Co_authors\ana\output\MODIS_EU_EVI\2001_2025\EVI_Series_ID_EU_150-X049-Y029_2001_2025.tif,EVI_Series_ID_EU_150-X049-Y029_2001_2025.tif,EVI_Series_ID_EU_150-X049-Y029_2001_2025.tif,2001-2025,2001-01-01..2025-12-19,band-level; see time_index.csv,band-level; see time_index.csv,EU_150-X049-Y029,2001,2025,2001-01-01,2025-12-19,575,Float32,-Infinity,665,677,EPSG:3035,"[6910750.0,250.0,0.0,2846750.0,0.0,-250.0]",250.0,250.0,"[6910750.0,2677500.0,7077000.0,2846750.0]",0.0,0.0,DEFLATE,478117323,-0.2,1.0,0.35220016208430494,0.5810610086956521,575,6e3c1cfc064026514baec0512c4ad3d696aa72a6731b6323ca7821a6643b5be1,True,
A:\_BioGeo\liuxianx\Co_authors\ana\output\MODIS_EU_EVI\2001_2025\EVI_Series_ID_EU_150-X049-Y030_2001_2025.tif,EVI_Series_ID_EU_150-X049-Y030_2001_2025.tif,EVI_Series_ID_EU_150-X049-Y030_2001_2025.tif,2001-2025,2001-01-01..2025-12-19,band-level; see time_index.csv,band-level; see time_index.csv,EU_150-X049-Y030,2001,2025,2001-01-01,2025-12-19,575,Float32,-Infinity,664,676,EPSG:3035,"[6929500.0,250.0,0.0,2696000.0,0.0,-250.0]",250.0,250.0,"[6929500.0,2527000.0,7095500.0,2696000.0]",0.0,0.0,DEFLATE,423628127,-0.199,0.997,0.31338599675524237,0.5318924558260869,575,6e3c1cfc064026514baec0512c4ad3d696aa72a6731b6323ca7821a6643b5be1,True,
A:\_BioGeo\liuxianx\Co_authors\ana\output\MODIS_EU_EVI\2001_2025\EVI_Series_ID_EU_150-X049-Y031_2001_2025.tif,EVI_Series_ID_EU_150-X049-Y031_2001_2025.tif,EVI_Series_ID_EU_150-X049-Y031_2001_2025.tif,2001-2025,2001-01-01..2025-12-19,band-level; see time_index.csv,band-level; see time_index.csv,EU_150-X049-Y031,2001,2025,2001-01-01,2025-12-19,575,Float32,-Infinity,662,677,EPSG:3035,"[6948000.0,250.0,0.0,2545500.0,0.0,-250.0]",250.0,250.0,"[6948000.0,2376250.0,7113500.0,2545500.0]",0.0,0.0,DEFLATE,436564647,-0.197,0.945,0.20907847984239528,0.5597478672359155,575,6e3c1cfc064026514baec0512c4ad3d696aa72a6731b6323ca7821a6643b5be1,True,
A:\_BioGeo\liuxianx\Co_authors\ana\output\MODIS_EU_EVI\2001_2025\EVI_Series_ID_EU_150-X049-Y032_2001_2025.tif,EVI_Series_ID_EU_150-X049-Y032_2001_2025.tif,EVI_Series_ID_EU_150-X049-Y032_2001_2025.tif,2001-2025,2001-01-01..2025-12-19,band-level; see time_index.csv,band-level; see time_index.csv,EU_150-X049-Y032,2001,2025,2001-01-01,2025-12-19,575,Float32,-Infinity,661,676,EPSG:3035,"[6966250.0,250.0,0.0,2394500.0,0.0,-250.0]",250.0,250.0,"[6966250.0,2225500.0,7131500.0,2394500.0]",0.0,0.0,DEFLATE,451965009,-0.2,0.98,0.19936892239980372,0.5643020017391305,575,6e3c1cfc064026514baec0512c4ad3d696aa72a6731b6323ca7821a6643b5be1,True,
A:\_BioGeo\liuxianx\Co_authors\ana\output\MODIS_EU_EVI\2001_2025\EVI_Series_ID_EU_150-X049-Y033_2001_2025.tif,EVI_Series_ID_EU_150-X049-Y033_2001_2025.tif,EVI_Series_ID_EU_150-X049-Y033_2001_2025.tif,2001-2025,2001-01-01..2025-12-19,band-level; see time_index.csv,band-level; see time_index.csv,EU_150-X049-Y033,2001,2025,2001-01-01,2025-12-19,575,Float32,-Infinity,659,676,EPSG:3035,"[6984250.0,250.0,0.0,2243750.0,0.0,-250.0]",250.0,250.0,"[6984250.0,2074750.0,7149000.0,2243750.0]",0.0,0.0,DEFLATE,598316295,-0.136,0.945,0.17007446640158927,0.7868643478260869,575,6e3c1cfc064026514baec0512c4ad3d696aa72a6731b6323ca7821a6643b5be1,True,
A:\_BioGeo\liuxianx\Co_authors\ana\output\MODIS_EU_EVI\2001_2025\EVI_Series_ID_EU_150-X050-Y013_2001_2025.tif,EVI_Series_ID_EU_150-X050-Y013_2001_2025.tif,EVI_Series_ID_EU_150-X050-Y013_2001_2025.tif,2001-2025,2001-01-01..2025-12-19,band-level; see time_index.csv,band-level; see time_index.csv,EU_150-X050-Y013,2001,2025,2001-01-01,2025-12-19,575,Float32,-Infinity,685,678,EPSG:3035,"[6718500.0,250.0,0.0,5265250.0,0.0,-250.0]",250.0,250.0,"[6718500.0,5095750.0,6889750.0,5265250.0]",0.0,0.0,DEFLATE,365819669,-0.198,1.0,0.3323270747902002,0.468053587456446,575,6e3c1cfc064026514baec0512c4ad3d696aa72a6731b6323ca7821a6643b5be1,True,
A:\_BioGeo\liuxianx\Co_authors\ana\output\MODIS_EU_EVI\2001_2025\EVI_Series_ID_EU_150-X050-Y014_2001_2025.tif,EVI_Series_ID_EU_150-X050-Y014_2001_2025.tif,EVI_Series_ID_EU_150-X050-Y014_2001_2025.tif,2001-2025,2001-01-01..2025-12-19,band-level; see time_index.csv,band-level; see time_index.csv,EU_150-X050-Y014,2001,2025,2001-01-01,2025-12-19,575,Float32,-Infinity,683,677,EPSG:3035,"[6742000.0,250.0,0.0,5115750.0,0.0,-250.0]",250.0,250.0,"[6742000.0,4946500.0,6912750.0,5115750.0]",0.0,0.0,DEFLATE,369006087,-0.2,0.994,0.32941928548418875,0.47236293043478256,575,6e3c1cfc064026514baec0512c4ad3d696aa72a6731b6323ca7821a6643b5be1,True,
A:\_BioGeo\liuxianx\Co_authors\ana\output\MODIS_EU_EVI\2001_2025\EVI_Series_ID_EU_150-X050-Y015_2001_2025.tif,EVI_Series_ID_EU_150-X050-Y015_2001_2025.tif,EVI_Series_ID_EU_150-X050-Y015_2001_2025.tif,2001-2025,2001-01-01..2025-12-19,band-level; see time_index.csv,band-level; see time_index.csv,EU_150-X050-Y015,2001,2025,2001-01-01,2025-12-19,575,Float32,-Infinity,682,677,EPSG:3035,"[6765000.0,250.0,0.0,4966250.0,0.0,-250.0]",250.0,250.0,"[6765000.0,4797000.0,6935500.0,4966250.0]",0.0,0.0,DEFLATE,344999039,-0.186,1.0,0.36496182509162856,0.4347644405923345,575,6e3c1cfc064026514baec0512c4ad3d696aa72a6731b6323ca7821a6643b5be1,True,
A:\_BioGeo\liuxianx\Co_authors\ana\output\MODIS_EU_EVI\2001_2025\EVI_Series_ID_EU_150-X050-Y016_2001_2025.tif,EVI_Series_ID_EU_150-X050-Y016_2001_2025.tif,EVI_Series_ID_EU_150-X050-Y016_2001_2025.tif,2001-2025,2001-01-01..2025-12-19,band-level; see time_index.csv,band-level; see time_index.csv,EU_150-X050-Y016,2001,2025,2001-01-01,2025-12-19,575,Float32,-Infinity,681,677,EPSG:3035,"[6787750.0,250.0,0.0,4816750.0,0.0,-250.0]",250.0,250.0,"[6787750.0,4647500.0,6958000.0,4816750.0]",0.0,0.0,DEFLATE,357844129,-0.2,0.999,0.3684273336036904,0.4496901664385965,575,6e3c1cfc064026514baec0512c4ad3d696aa72a6731b6323ca7821a6643b5be1,True,
A:\_BioGeo\liuxianx\Co_authors\ana\output\MODIS_EU_EVI\2001_2025\EVI_Series_ID_EU_150-X050-Y017_2001_2025.tif,EVI_Series_ID_EU_150-X050-Y017_2001_2025.tif,EVI_Series_ID_EU_150-X050-Y017_2001_2025.tif,2001-2025,2001-01-01..2025-12-19,band-level; see time_index.csv,band-level; see time_index.csv,EU_150-X050-Y017,2001,2025,2001-01-01,2025-12-19,575,Float32,-Infinity,679,677,EPSG:3035,"[6810250.0,250.0,0.0,4667000.0,0.0,-250.0]",250.0,250.0,"[6810250.0,4497750.0,6980000.0,4667000.0]",0.0,0.0,DEFLATE,359548027,-0.197,1.0,0.3744351586937477,0.4474856614210526,575,6e3c1cfc064026514baec0512c4ad3d696aa72a6731b6323ca7821a6643b5be1,True,
A:\_BioGeo\liuxianx\Co_authors\ana\output\MODIS_EU_EVI\2001_2025\EVI_Series_ID_EU_150-X050-Y018_2001_2025.tif,EVI_Series_ID_EU_150-X050-Y018_2001_2025.tif,EVI_Series_ID_EU_150-X050-Y018_2001_2025.tif,2001-2025,2001-01-01..2025-12-19,band-level; see time_index.csv,band-level; see time_index.csv,EU_150-X050-Y018,2001,2025,2001-01-01,2025-12-19,575,Float32,-Infinity,678,677,EPSG:3035,"[6832500.0,250.0,0.0,4517250.0,0.0,-250.0]",250.0,250.0,"[6832500.0,4348000.0,7002000.0,4517250.0]",0.0,0.0,DEFLATE,385204013,-0.199,0.995,0.3352281700264988,0.47107327553956835,575,6e3c1cfc064026514baec0512c4ad3d696aa72a6731b6323ca7821a6643b5be1,True,
A:\_BioGeo\liuxianx\Co_authors\ana\output\MODIS_EU_EVI\2001_2025\EVI_Series_ID_EU_150-X050-Y019_2001_2025.tif,EVI_Series_ID_EU_150-X050-Y019_2001_2025.tif,EVI_Series_ID_EU_150-X050-Y019_2001_2025.tif,2001-2025,2001-01-01..2025-12-19,band-level; see time_index.csv,band-level; see time_index.csv,EU_150-X050-Y019,2001,2025,2001-01-01,2025-12-19,575,Float32,-Infinity,677,677,EPSG:3035,"[6854250.0,250.0,0.0,4367500.0,0.0,-250.0]",250.0,250.0,"[6854250.0,4198250.0,7023500.0,4367500.0]",0.0,0.0,DEFLATE,385245783,-0.198,0.997,0.31785056820648616,0.5414793552556237,575,6e3c1cfc064026514baec0512c4ad3d696aa72a6731b6323ca7821a6643b5be1,True,
A:\_BioGeo\liuxianx\Co_authors\ana\output\MODIS_EU_EVI\2001_2025\EVI_Series_ID_EU_150-X050-Y020_2001_2025.tif,EVI_Series_ID_EU_150-X050-Y020_2001_2025.tif,EVI_Series_ID_EU_150-X050-Y020_2001_2025.tif,2001-2025,2001-01-01..2025-12-19,band-level; see time_index.csv,band-level; see time_index.csv,EU_150-X050-Y020,2001,2025,2001-01-01,2025-12-19,575,Float32,-Infinity,675,677,EPSG:3035,"[6876000.0,250.0,0.0,4217500.0,0.0,-250.0]",250.0,250.0,"[6876000.0,4048250.0,7044750.0,4217500.0]",0.0,0.0,DEFLATE,413257335,-0.198,0.998,0.2696307552705486,0.514689000307971,575,6e3c1cfc064026514baec0512c4ad3d696aa72a6731b6323ca7821a6643b5be1,True,
A:\_BioGeo\liuxianx\Co_authors\ana\output\MODIS_EU_EVI\2001_2025\EVI_Series_ID_EU_150-X050-Y021_2001_2025.tif,EVI_Series_ID_EU_150-X050-Y021_2001_2025.tif,EVI_Series_ID_EU_150-X050-Y021_2001_2025.tif,2001-2025,2001-01-01..2025-12-19,band-level; see time_index.csv,band-level; see time_index.csv,EU_150-X050-Y021,2001,2025,2001-01-01,2025-12-19,575,Float32,-Infinity,675,677,EPSG:3035,"[6897250.0,250.0,0.0,4067750.0,0.0,-250.0]",250.0,250.0,"[6897250.0,3898500.0,7066000.0,4067750.0]",0.0,0.0,DEFLATE,416648091,-0.194,0.999,0.2167060789471716,0.6666363736117381,575,6e3c1cfc064026514baec0512c4ad3d696aa72a6731b6323ca7821a6643b5be1,True,
A:\_BioGeo\liuxianx\Co_authors\ana\output\MODIS_EU_EVI\2001_2025\EVI_Series_ID_EU_150-X050-Y022_2001_2025.tif,EVI_Series_ID_EU_150-X050-Y022_2001_2025.tif,EVI_Series_ID_EU_150-X050-Y022_2001_2025.tif,2001-2025,2001-01-01..2025-12-19,band-level; see time_index.csv,band-level; see time_index.csv,EU_150-X050-Y022,2001,2025,2001-01-01,2025-12-19,575,Float32,-Infinity,674,677,EPSG:3035,"[6918250.0,250.0,0.0,3917500.0,0.0,-250.0]",250.0,250.0,"[6918250.0,3748250.0,7086750.0,3917500.0]",0.0,0.0,DEFLATE,428654675,-0.127,0.974,0.19617415935072466,0.6752060434105263,575,6e3c1cfc064026514baec0512c4ad3d696aa72a6731b6323ca7821a6643b5be1,True,
A:\_BioGeo\liuxianx\Co_authors\ana\output\MODIS_EU_EVI\2001_2025\EVI_Series_ID_EU_150-X050-Y023_2001_2025.tif,EVI_Series_ID_EU_150-X050-Y023_2001_2025.tif,EVI_Series_ID_EU_150-X050-Y023_2001_2025.tif,2001-2025,2001-01-01..2025-12-19,band-level; see time_index.csv,band-level; see time_index.csv,EU_150-X050-Y023,2001,2025,2001-01-01,2025-12-19,575,Float32,-Infinity,672,677,EPSG:3035,"[6939000.0,250.0,0.0,3767500.0,0.0,-250.0]",250.0,250.0,"[6939000.0,3598250.0,7107000.0,3767500.0]",0.0,0.0,DEFLATE,442177677,-0.197,0.885,0.1745522698649809,0.6284813572337663,575,6e3c1cfc064026514baec0512c4ad3d696aa72a6731b6323ca7821a6643b5be1,True,
A:\_BioGeo\liuxianx\Co_authors\ana\output\MODIS_EU_EVI\2001_2025\EVI_Series_ID_EU_150-X050-Y024_2001_2025.tif,EVI_Series_ID_EU_150-X050-Y024_2001_2025.tif,EVI_Series_ID_EU_150-X050-Y024_2001_2025.tif,2001-2025,2001-01-01..2025-12-19,band-level; see time_index.csv,band-level; see time_index.csv,EU_150-X050-Y024,2001,2025,2001-01-01,2025-12-19,575,Float32,-Infinity,671,677,EPSG:3035,"[6959500.0,250.0,0.0,3617250.0,0.0,-250.0]",250.0,250.0,"[6959500.0,3448000.0,7127250.0,3617250.0]",0.0,0.0,DEFLATE,467353557,-0.196,0.781,0.1515343107258344,0.6727590658951175,575,6e3c1cfc064026514baec0512c4ad3d696aa72a6731b6323ca7821a6643b5be1,True,
A:\_BioGeo\liuxianx\Co_authors\ana\output\MODIS_EU_EVI\2001_2025\EVI_Series_ID_EU_150-X050-Y025_2001_2025.tif,EVI_Series_ID_EU_150-X050-Y025_2001_2025.tif,EVI_Series_ID_EU_150-X050-Y025_2001_2025.tif,2001-2025,2001-01-01..2025-12-19,band-level; see time_index.csv,band-level; see time_index.csv,EU_150-X050-Y025,2001,2025,2001-01-01,2025-12-19,575,Float32,-Infinity,670,677,EPSG:3035,"[6979750.0,250.0,0.0,3467000.0,0.0,-250.0]",250.0,250.0,"[6979750.0,3297750.0,7147250.0,3467000.0]",0.0,0.0,DEFLATE,524315801,-0.177,0.907,0.1746205664717211,0.7047166576014109,575,6e3c1cfc064026514baec0512c4ad3d696aa72a6731b6323ca7821a6643b5be1,True,
A:\_BioGeo\liuxianx\Co_authors\ana\output\MODIS_EU_EVI\2001_2025\EVI_Series_ID_EU_150-X050-Y026_2001_2025.tif,EVI_Series_ID_EU_150-X050-Y026_2001_2025.tif,EVI_Series_ID_EU_150-X050-Y026_2001_2025.tif,2001-2025,2001-01-01..2025-12-19,band-level; see time_index.csv,band-level; see time_index.csv,EU_150-X050-Y026,2001,2025,2001-01-01,2025-12-19,575,Float32,-Infinity,668,676,EPSG:3035,"[6999750.0,250.0,0.0,3316500.0,0.0,-250.0]",250.0,250.0,"[6999750.0,3147500.0,7166750.0,3316500.0]",0.0,0.0,DEFLATE,485356629,-0.185,0.89,0.1881501082850627,0.6544048569860628,575,6e3c1cfc064026514baec0512c4ad3d696aa72a6731b6323ca7821a6643b5be1,True,
A:\_BioGeo\liuxianx\Co_authors\ana\output\MODIS_EU_EVI\2001_2025\EVI_Series_ID_EU_150-X050-Y027_2001_2025.tif,EVI_Series_ID_EU_150-X050-Y027_2001_2025.tif,EVI_Series_ID_EU_150-X050-Y027_2001_2025.tif,2001-2025,2001-01-01..2025-12-19,band-level; see time_index.csv,band-level; see time_index.csv,EU_150-X050-Y027,2001,2025,2001-01-01,2025-12-19,575,Float32,-Infinity,667,676,EPSG:3035,"[7019500.0,250.0,0.0,3166000.0,0.0,-250.0]",250.0,250.0,"[7019500.0,2997000.0,7186250.0,3166000.0]",0.0,0.0,DEFLATE,472018347,-0.196,0.971,0.20826128417577064,0.6018788330191972,575,6e3c1cfc064026514baec0512c4ad3d696aa72a6731b6323ca7821a6643b5be1,True,
A:\_BioGeo\liuxianx\Co_authors\ana\output\MODIS_EU_EVI\2001_2025\EVI_Series_ID_EU_150-X050-Y028_2001_2025.tif,EVI_Series_ID_EU_150-X050-Y028_2001_2025.tif,EVI_Series_ID_EU_150-X050-Y028_2001_2025.tif,2001-2025,2001-01-01..2025-12-19,band-level; see time_index.csv,band-level; see time_index.csv,EU_150-X050-Y028,2001,2025,2001-01-01,2025-12-19,575,Float32,-Infinity,666,676,EPSG:3035,"[7038750.0,250.0,0.0,3015500.0,0.0,-250.0]",250.0,250.0,"[7038750.0,2846500.0,7205250.0,3015500.0]",0.0,0.0,DEFLATE,545147937,-0.199,0.999,0.29202407667833,0.6969392695652173,575,6e3c1cfc064026514baec0512c4ad3d696aa72a6731b6323ca7821a6643b5be1,True,
A:\_BioGeo\liuxianx\Co_authors\ana\output\MODIS_EU_EVI\2001_2025\EVI_Series_ID_EU_150-X050-Y029_2001_2025.tif,EVI_Series_ID_EU_150-X050-Y029_2001_2025.tif,EVI_Series_ID_EU_150-X050-Y029_2001_2025.tif,2001-2025,2001-01-01..2025-12-19,band-level; see time_index.csv,band-level; see time_index.csv,EU_150-X050-Y029,2001,2025,2001-01-01,2025-12-19,575,Float32,-Infinity,665,677,EPSG:3035,"[7057750.0,250.0,0.0,2865000.0,0.0,-250.0]",250.0,250.0,"[7057750.0,2695750.0,7224000.0,2865000.0]",0.0,0.0,DEFLATE,536640063,-0.2,0.998,0.3037838493014662,0.6603109739130435,575,6e3c1cfc064026514baec0512c4ad3d696aa72a6731b6323ca7821a6643b5be1,True,
A:\_BioGeo\liuxianx\Co_authors\ana\output\MODIS_EU_EVI\2001_2025\EVI_Series_ID_EU_150-X050-Y030_2001_2025.tif,EVI_Series_ID_EU_150-X050-Y030_2001_2025.tif,EVI_Series_ID_EU_150-X050-Y030_2001_2025.tif,2001-2025,2001-01-01..2025-12-19,band-level; see time_index.csv,band-level; see time_index.csv,EU_150-X050-Y030,2001,2025,2001-01-01,2025-12-19,575,Float32,-Infinity,663,676,EPSG:3035,"[7076750.0,250.0,0.0,2714250.0,0.0,-250.0]",250.0,250.0,"[7076750.0,2545250.0,7242500.0,2714250.0]",0.0,0.0,DEFLATE,500362979,-0.199,0.999,0.29100124135508393,0.6198415652173913,575,6e3c1cfc064026514baec0512c4ad3d696aa72a6731b6323ca7821a6643b5be1,True,
A:\_BioGeo\liuxianx\Co_authors\ana\output\MODIS_EU_EVI\2001_2025\EVI_Series_ID_EU_150-X050-Y031_2001_2025.tif,EVI_Series_ID_EU_150-X050-Y031_2001_2025.tif,EVI_Series_ID_EU_150-X050-Y031_2001_2025.tif,2001-2025,2001-01-01..2025-12-19,band-level; see time_index.csv,band-level; see time_index.csv,EU_150-X050-Y031,2001,2025,2001-01-01,2025-12-19,575,Float32,-Infinity,661,676,EPSG:3035,"[7095250.0,250.0,0.0,2563250.0,0.0,-250.0]",250.0,250.0,"[7095250.0,2394250.0,7260500.0,2563250.0]",0.0,0.0,DEFLATE,498124981,-0.199,0.995,0.16825063711870047,0.6301378647304348,575,6e3c1cfc064026514baec0512c4ad3d696aa72a6731b6323ca7821a6643b5be1,True,
A:\_BioGeo\liuxianx\Co_authors\ana\output\MODIS_EU_EVI\2001_2025\EVI_Series_ID_EU_150-X050-Y032_2001_2025.tif,EVI_Series_ID_EU_150-X050-Y032_2001_2025.tif,EVI_Series_ID_EU_150-X050-Y032_2001_2025.tif,2001-2025,2001-01-01..2025-12-19,band-level; see time_index.csv,band-level; see time_index.csv,EU_150-X050-Y032,2001,2025,2001-01-01,2025-12-19,575,Float32,-Infinity,661,676,EPSG:3035,"[7113250.0,250.0,0.0,2412500.0,0.0,-250.0]",250.0,250.0,"[7113250.0,2243500.0,7278500.0,2412500.0]",0.0,0.0,DEFLATE,414184487,-0.2,0.859,0.15570614572068764,0.5252148620869566,575,6e3c1cfc064026514baec0512c4ad3d696aa72a6731b6323ca7821a6643b5be1,True,
A:\_BioGeo\liuxianx\Co_authors\ana\output\MODIS_EU_EVI\2001_2025\EVI_Series_ID_EU_150-X050-Y033_2001_2025.tif,EVI_Series_ID_EU_150-X050-Y033_2001_2025.tif,EVI_Series_ID_EU_150-X050-Y033_2001_2025.tif,2001-2025,2001-01-01..2025-12-19,band-level; see time_index.csv,band-level; see time_index.csv,EU_150-X050-Y033,2001,2025,2001-01-01,2025-12-19,575,Float32,-Infinity,659,676,EPSG:3035,"[7131250.0,250.0,0.0,2261500.0,0.0,-250.0]",250.0,250.0,"[7131250.0,2092500.0,7296000.0,2261500.0]",0.0,0.0,DEFLATE,567655047,-0.199,0.923,0.17899594772501654,0.7380502608695652,575,6e3c1cfc064026514baec0512c4ad3d696aa72a6731b6323ca7821a6643b5be1,True,
A:\_BioGeo\liuxianx\Co_authors\ana\output\MODIS_EU_EVI\2001_2025\EVI_Series_ID_EU_150-X051-Y015_2001_2025.tif,EVI_Series_ID_EU_150-X051-Y015_2001_2025.tif,EVI_Series_ID_EU_150-X051-Y015_2001_2025.tif,2001-2025,2001-01-01..2025-12-19,band-level; see time_index.csv,band-level; see time_index.csv,EU_150-X051-Y015,2001,2025,2001-01-01,2025-12-19,575,Float32,-Infinity,681,677,EPSG:3035,"[6912500.0,250.0,0.0,4985750.0,0.0,-250.0]",250.0,250.0,"[6912500.0,4816500.0,7082750.0,4985750.0]",0.0,0.0,DEFLATE,396021793,-0.198,0.998,0.34453266381711356,0.510860067826087,575,6e3c1cfc064026514baec0512c4ad3d696aa72a6731b6323ca7821a6643b5be1,True,
A:\_BioGeo\liuxianx\Co_authors\ana\output\MODIS_EU_EVI\2001_2025\EVI_Series_ID_EU_150-X051-Y016_2001_2025.tif,EVI_Series_ID_EU_150-X051-Y016_2001_2025.tif,EVI_Series_ID_EU_150-X051-Y016_2001_2025.tif,2001-2025,2001-01-01..2025-12-19,band-level; see time_index.csv,band-level; see time_index.csv,EU_150-X051-Y016,2001,2025,2001-01-01,2025-12-19,575,Float32,-Infinity,680,678,EPSG:3035,"[6935250.0,250.0,0.0,4836250.0,0.0,-250.0]",250.0,250.0,"[6935250.0,4666750.0,7105250.0,4836250.0]",0.0,0.0,DEFLATE,348143883,-0.197,1.0,0.3707296264669993,0.4533774340209791,575,6e3c1cfc064026514baec0512c4ad3d696aa72a6731b6323ca7821a6643b5be1,True,
A:\_BioGeo\liuxianx\Co_authors\ana\output\MODIS_EU_EVI\2001_2025\EVI_Series_ID_EU_150-X051-Y017_2001_2025.tif,EVI_Series_ID_EU_150-X051-Y017_2001_2025.tif,EVI_Series_ID_EU_150-X051-Y017_2001_2025.tif,2001-2025,2001-01-01..2025-12-19,band-level; see time_index.csv,band-level; see time_index.csv,EU_150-X051-Y017,2001,2025,2001-01-01,2025-12-19,575,Float32,-Infinity,679,678,EPSG:3035,"[6957750.0,250.0,0.0,4686500.0,0.0,-250.0]",250.0,250.0,"[6957750.0,4517000.0,7127500.0,4686500.0]",0.0,0.0,DEFLATE,360365553,-0.199,0.999,0.37924866249049605,0.4523753807732865,575,6e3c1cfc064026514baec0512c4ad3d696aa72a6731b6323ca7821a6643b5be1,True,
A:\_BioGeo\liuxianx\Co_authors\ana\output\MODIS_EU_EVI\2001_2025\EVI_Series_ID_EU_150-X051-Y018_2001_2025.tif,EVI_Series_ID_EU_150-X051-Y018_2001_2025.tif,EVI_Series_ID_EU_150-X051-Y018_2001_2025.tif,2001-2025,2001-01-01..2025-12-19,band-level; see time_index.csv,band-level; see time_index.csv,EU_150-X051-Y018,2001,2025,2001-01-01,2025-12-19,575,Float32,-Infinity,678,677,EPSG:3035,"[6979750.0,250.0,0.0,4536500.0,0.0,-250.0]",250.0,250.0,"[6979750.0,4367250.0,7149250.0,4536500.0]",0.0,0.0,DEFLATE,371791361,-0.198,0.999,0.3775324031149173,0.46276174021314387,575,6e3c1cfc064026514baec0512c4ad3d696aa72a6731b6323ca7821a6643b5be1,True,
A:\_BioGeo\liuxianx\Co_authors\ana\output\MODIS_EU_EVI\2001_2025\EVI_Series_ID_EU_150-X051-Y019_2001_2025.tif,EVI_Series_ID_EU_150-X051-Y019_2001_2025.tif,EVI_Series_ID_EU_150-X051-Y019_2001_2025.tif,2001-2025,2001-01-01..2025-12-19,band-level; see time_index.csv,band-level; see time_index.csv,EU_150-X051-Y019,2001,2025,2001-01-01,2025-12-19,575,Float32,-Infinity,676,677,EPSG:3035,"[7001750.0,250.0,0.0,4386500.0,0.0,-250.0]",250.0,250.0,"[7001750.0,4217250.0,7170750.0,4386500.0]",0.0,0.0,DEFLATE,385682371,-0.196,0.993,0.314641387066515,0.5123809054247104,575,6e3c1cfc064026514baec0512c4ad3d696aa72a6731b6323ca7821a6643b5be1,True,
A:\_BioGeo\liuxianx\Co_authors\ana\output\MODIS_EU_EVI\2001_2025\EVI_Series_ID_EU_150-X051-Y020_2001_2025.tif,EVI_Series_ID_EU_150-X051-Y020_2001_2025.tif,EVI_Series_ID_EU_150-X051-Y020_2001_2025.tif,2001-2025,2001-01-01..2025-12-19,band-level; see time_index.csv,band-level; see time_index.csv,EU_150-X051-Y020,2001,2025,2001-01-01,2025-12-19,575,Float32,-Infinity,676,676,EPSG:3035,"[7023250.0,250.0,0.0,4236500.0,0.0,-250.0]",250.0,250.0,"[7023250.0,4067500.0,7192250.0,4236500.0]",0.0,0.0,DEFLATE,380314407,-0.129,0.966,0.23132614270881682,0.6459782951048951,575,6e3c1cfc064026514baec0512c4ad3d696aa72a6731b6323ca7821a6643b5be1,True,
A:\_BioGeo\liuxianx\Co_authors\ana\output\MODIS_EU_EVI\2001_2025\EVI_Series_ID_EU_150-X051-Y021_2001_2025.tif,EVI_Series_ID_EU_150-X051-Y021_2001_2025.tif,EVI_Series_ID_EU_150-X051-Y021_2001_2025.tif,2001-2025,2001-01-01..2025-12-19,band-level; see time_index.csv,band-level; see time_index.csv,EU_150-X051-Y021,2001,2025,2001-01-01,2025-12-19,575,Float32,-Infinity,675,677,EPSG:3035,"[7044500.0,250.0,0.0,4086500.0,0.0,-250.0]",250.0,250.0,"[7044500.0,3917250.0,7213250.0,4086500.0]",0.0,0.0,DEFLATE,414243835,-0.182,0.954,0.2095446430643347,0.6778749873318386,575,6e3c1cfc064026514baec0512c4ad3d696aa72a6731b6323ca7821a6643b5be1,True,
A:\_BioGeo\liuxianx\Co_authors\ana\output\MODIS_EU_EVI\2001_2025\EVI_Series_ID_EU_150-X051-Y025_2001_2025.tif,EVI_Series_ID_EU_150-X051-Y025_2001_2025.tif,EVI_Series_ID_EU_150-X051-Y025_2001_2025.tif,2001-2025,2001-01-01..2025-12-19,band-level; see time_index.csv,band-level; see time_index.csv,EU_150-X051-Y025,2001,2025,2001-01-01,2025-12-19,575,Float32,-Infinity,669,676,EPSG:3035,"[7127000.0,250.0,0.0,3485250.0,0.0,-250.0]",250.0,250.0,"[7127000.0,3316250.0,7294250.0,3485250.0]",0.0,0.0,DEFLATE,305613307,-0.199,0.849,0.16682142931460642,0.39250767544347825,575,6e3c1cfc064026514baec0512c4ad3d696aa72a6731b6323ca7821a6643b5be1,True,
A:\_BioGeo\liuxianx\Co_authors\ana\output\MODIS_EU_EVI\2001_2025\EVI_Series_ID_EU_150-X051-Y026_2001_2025.tif,EVI_Series_ID_EU_150-X051-Y026_2001_2025.tif,EVI_Series_ID_EU_150-X051-Y026_2001_2025.tif,2001-2025,2001-01-01..2025-12-19,band-level; see time_index.csv,band-level; see time_index.csv,EU_150-X051-Y026,2001,2025,2001-01-01,2025-12-19,575,Float32,-Infinity,668,677,EPSG:3035,"[7147000.0,250.0,0.0,3335000.0,0.0,-250.0]",250.0,250.0,"[7147000.0,3165750.0,7314000.0,3335000.0]",0.0,0.0,DEFLATE,115678215,-0.197,0.844,0.10992399709232231,0.1436625928695652,575,6e3c1cfc064026514baec0512c4ad3d696aa72a6731b6323ca7821a6643b5be1,True,
A:\_BioGeo\liuxianx\Co_authors\ana\output\MODIS_EU_EVI\2001_2025\EVI_Series_ID_EU_150-X051-Y027_2001_2025.tif,EVI_Series_ID_EU_150-X051-Y027_2001_2025.tif,EVI_Series_ID_EU_150-X051-Y027_2001_2025.tif,2001-2025,2001-01-01..2025-12-19,band-level; see time_index.csv,band-level; see time_index.csv,EU_150-X051-Y027,2001,2025,2001-01-01,2025-12-19,575,Float32,-Infinity,667,676,EPSG:3035,"[7166500.0,250.0,0.0,3184250.0,0.0,-250.0]",250.0,250.0,"[7166500.0,3015250.0,7333250.0,3184250.0]",0.0,0.0,DEFLATE,114648465,-0.198,0.982,0.04964193987142218,0.15945279130434784,575,6e3c1cfc064026514baec0512c4ad3d696aa72a6731b6323ca7821a6643b5be1,True,
A:\_BioGeo\liuxianx\Co_authors\ana\output\MODIS_EU_EVI\2001_2025\EVI_Series_ID_EU_150-X051-Y028_2001_2025.tif,EVI_Series_ID_EU_150-X051-Y028_2001_2025.tif,EVI_Series_ID_EU_150-X051-Y028_2001_2025.tif,2001-2025,2001-01-01..2025-12-19,band-level; see time_index.csv,band-level; see time_index.csv,EU_150-X051-Y028,2001,2025,2001-01-01,2025-12-19,575,Float32,-Infinity,665,676,EPSG:3035,"[7186000.0,250.0,0.0,3033750.0,0.0,-250.0]",250.0,250.0,"[7186000.0,2864750.0,7352250.0,3033750.0]",0.0,0.0,DEFLATE,387165637,-0.198,0.924,0.22762812578343092,0.48129986086956517,575,6e3c1cfc064026514baec0512c4ad3d696aa72a6731b6323ca7821a6643b5be1,True,
A:\_BioGeo\liuxianx\Co_authors\ana\output\MODIS_EU_EVI\2001_2025\EVI_Series_ID_EU_150-X051-Y029_2001_2025.tif,EVI_Series_ID_EU_150-X051-Y029_2001_2025.tif,EVI_Series_ID_EU_150-X051-Y029_2001_2025.tif,2001-2025,2001-01-01..2025-12-19,band-level; see time_index.csv,band-level; see time_index.csv,EU_150-X051-Y029,2001,2025,2001-01-01,2025-12-19,575,Float32,-Infinity,664,676,EPSG:3035,"[7205000.0,250.0,0.0,2883000.0,0.0,-250.0]",250.0,250.0,"[7205000.0,2714000.0,7371000.0,2883000.0]",0.0,0.0,DEFLATE,506567427,-0.2,0.994,0.2711776751933414,0.6299643826086956,575,6e3c1cfc064026514baec0512c4ad3d696aa72a6731b6323ca7821a6643b5be1,True,
A:\_BioGeo\liuxianx\Co_authors\ana\output\MODIS_EU_EVI\2001_2025\EVI_Series_ID_EU_150-X051-Y030_2001_2025.tif,EVI_Series_ID_EU_150-X051-Y030_2001_2025.tif,EVI_Series_ID_EU_150-X051-Y030_2001_2025.tif,2001-2025,2001-01-01..2025-12-19,band-level; see time_index.csv,band-level; see time_index.csv,EU_150-X051-Y030,2001,2025,2001-01-01,2025-12-19,575,Float32,-Infinity,662,676,EPSG:3035,"[7223750.0,250.0,0.0,2732000.0,0.0,-250.0]",250.0,250.0,"[7223750.0,2563000.0,7389250.0,2732000.0]",0.0,0.0,DEFLATE,551607323,-0.199,0.998,0.27463202987851876,0.6938706086956522,575,6e3c1cfc064026514baec0512c4ad3d696aa72a6731b6323ca7821a6643b5be1,True,
A:\_BioGeo\liuxianx\Co_authors\ana\output\MODIS_EU_EVI\2001_2025\EVI_Series_ID_EU_150-X051-Y031_2001_2025.tif,EVI_Series_ID_EU_150-X051-Y031_2001_2025.tif,EVI_Series_ID_EU_150-X051-Y031_2001_2025.tif,2001-2025,2001-01-01..2025-12-19,band-level; see time_index.csv,band-level; see time_index.csv,EU_150-X051-Y031,2001,2025,2001-01-01,2025-12-19,575,Float32,-Infinity,661,676,EPSG:3035,"[7242250.0,250.0,0.0,2581250.0,0.0,-250.0]",250.0,250.0,"[7242250.0,2412250.0,7407500.0,2581250.0]",0.0,0.0,DEFLATE,536013161,-0.198,0.998,0.17656238794769516,0.6817080347826087,575,6e3c1cfc064026514baec0512c4ad3d696aa72a6731b6323ca7821a6643b5be1,True,
A:\_BioGeo\liuxianx\Co_authors\ana\output\MODIS_EU_EVI\2001_2025\EVI_Series_ID_EU_150-X051-Y032_2001_2025.tif,EVI_Series_ID_EU_150-X051-Y032_2001_2025.tif,EVI_Series_ID_EU_150-X051-Y032_2001_2025.tif,2001-2025,2001-01-01..2025-12-19,band-level; see time_index.csv,band-level; see time_index.csv,EU_150-X051-Y032,2001,2025,2001-01-01,2025-12-19,575,Float32,-Infinity,660,676,EPSG:3035,"[7260250.0,250.0,0.0,2430250.0,0.0,-250.0]",250.0,250.0,"[7260250.0,2261250.0,7425250.0,2430250.0]",0.0,0.0,DEFLATE,444030699,-0.2,0.964,0.1436831470468883,0.5666669773913043,575,6e3c1cfc064026514baec0512c4ad3d696aa72a6731b6323ca7821a6643b5be1,True,
A:\_BioGeo\liuxianx\Co_authors\ana\output\MODIS_EU_EVI\2001_2025\EVI_Series_ID_EU_150-X051-Y033_2001_2025.tif,EVI_Series_ID_EU_150-X051-Y033_2001_2025.tif,EVI_Series_ID_EU_150-X051-Y033_2001_2025.tif,2001-2025,2001-01-01..2025-12-19,band-level; see time_index.csv,band-level; see time_index.csv,EU_150-X051-Y033,2001,2025,2001-01-01,2025-12-19,575,Float32,-Infinity,659,675,EPSG:3035,"[7278250.0,250.0,0.0,2279000.0,0.0,-250.0]",250.0,250.0,"[7278250.0,2110250.0,7443000.0,2279000.0]",0.0,0.0,DEFLATE,564200027,-0.196,0.904,0.17738870971248646,0.7279146086956522,575,6e3c1cfc064026514baec0512c4ad3d696aa72a6731b6323ca7821a6643b5be1,True,
A:\_BioGeo\liuxianx\Co_authors\ana\output\MODIS_EU_EVI\2001_2025\EVI_Series_ID_EU_150-X052-Y016_2001_2025.tif,EVI_Series_ID_EU_150-X052-Y016_2001_2025.tif,EVI_Series_ID_EU_150-X052-Y016_2001_2025.tif,2001-2025,2001-01-01..2025-12-19,band-level; see time_index.csv,band-level; see time_index.csv,EU_150-X052-Y016,2001,2025,2001-01-01,2025-12-19,575,Float32,-Infinity,680,677,EPSG:3035,"[7082500.0,250.0,0.0,4855500.0,0.0,-250.0]",250.0,250.0,"[7082500.0,4686250.0,7252500.0,4855500.0]",0.0,0.0,DEFLATE,377600665,-0.197,0.999,0.3363670697845024,0.46729357331010457,575,6e3c1cfc064026514baec0512c4ad3d696aa72a6731b6323ca7821a6643b5be1,True,
A:\_BioGeo\liuxianx\Co_authors\ana\output\MODIS_EU_EVI\2001_2025\EVI_Series_ID_EU_150-X052-Y017_2001_2025.tif,EVI_Series_ID_EU_150-X052-Y017_2001_2025.tif,EVI_Series_ID_EU_150-X052-Y017_2001_2025.tif,2001-2025,2001-01-01..2025-12-19,band-level; see time_index.csv,band-level; see time_index.csv,EU_150-X052-Y017,2001,2025,2001-01-01,2025-12-19,575,Float32,-Infinity,679,677,EPSG:3035,"[7105000.0,250.0,0.0,4705500.0,0.0,-250.0]",250.0,250.0,"[7105000.0,4536250.0,7274750.0,4705500.0]",0.0,0.0,DEFLATE,375025355,-0.199,0.998,0.3543338696309909,0.4691664526956522,575,6e3c1cfc064026514baec0512c4ad3d696aa72a6731b6323ca7821a6643b5be1,True,
A:\_BioGeo\liuxianx\Co_authors\ana\output\MODIS_EU_EVI\2001_2025\EVI_Series_ID_EU_150-X052-Y018_2001_2025.tif,EVI_Series_ID_EU_150-X052-Y018_2001_2025.tif,EVI_Series_ID_EU_150-X052-Y018_2001_2025.tif,2001-2025,2001-01-01..2025-12-19,band-level; see time_index.csv,band-level; see time_index.csv,EU_150-X052-Y018,2001,2025,2001-01-01,2025-12-19,575,Float32,-Infinity,677,677,EPSG:3035,"[7127250.0,250.0,0.0,4555500.0,0.0,-250.0]",250.0,250.0,"[7127250.0,4386250.0,7296500.0,4555500.0]",0.0,0.0,DEFLATE,371240535,-0.2,1.0,0.34736668555515154,0.4682147448695652,575,6e3c1cfc064026514baec0512c4ad3d696aa72a6731b6323ca7821a6643b5be1,True,
A:\_BioGeo\liuxianx\Co_authors\ana\output\MODIS_EU_EVI\2001_2025\EVI_Series_ID_EU_150-X052-Y019_2001_2025.tif,EVI_Series_ID_EU_150-X052-Y019_2001_2025.tif,EVI_Series_ID_EU_150-X052-Y019_2001_2025.tif,2001-2025,2001-01-01..2025-12-19,band-level; see time_index.csv,band-level; see time_index.csv,EU_150-X052-Y019,2001,2025,2001-01-01,2025-12-19,575,Float32,-Infinity,676,677,EPSG:3035,"[7149000.0,250.0,0.0,4405500.0,0.0,-250.0]",250.0,250.0,"[7149000.0,4236250.0,7318000.0,4405500.0]",0.0,0.0,DEFLATE,363327847,-0.199,0.999,0.3676952380135531,0.4610176544095745,575,6e3c1cfc064026514baec0512c4ad3d696aa72a6731b6323ca7821a6643b5be1,True,
A:\_BioGeo\liuxianx\Co_authors\ana\output\MODIS_EU_EVI\2001_2025\EVI_Series_ID_EU_150-X052-Y020_2001_2025.tif,EVI_Series_ID_EU_150-X052-Y020_2001_2025.tif,EVI_Series_ID_EU_150-X052-Y020_2001_2025.tif,2001-2025,2001-01-01..2025-12-19,band-level; see time_index.csv,band-level; see time_index.csv,EU_150-X052-Y020,2001,2025,2001-01-01,2025-12-19,575,Float32,-Infinity,675,677,EPSG:3035,"[7170500.0,250.0,0.0,4255500.0,0.0,-250.0]",250.0,250.0,"[7170500.0,4086250.0,7339250.0,4255500.0]",0.0,0.0,DEFLATE,396236307,-0.193,0.99,0.2481694620876703,0.5993859413191489,575,6e3c1cfc064026514baec0512c4ad3d696aa72a6731b6323ca7821a6643b5be1,True,
A:\_BioGeo\liuxianx\Co_authors\ana\output\MODIS_EU_EVI\2001_2025\EVI_Series_ID_EU_150-X052-Y021_2001_2025.tif,EVI_Series_ID_EU_150-X052-Y021_2001_2025.tif,EVI_Series_ID_EU_150-X052-Y021_2001_2025.tif,2001-2025,2001-01-01..2025-12-19,band-level; see time_index.csv,band-level; see time_index.csv,EU_150-X052-Y021,2001,2025,2001-01-01,2025-12-19,575,Float32,-Infinity,673,677,EPSG:3035,"[7192000.0,250.0,0.0,4105250.0,0.0,-250.0]",250.0,250.0,"[7192000.0,3936000.0,7360250.0,4105250.0]",0.0,0.0,DEFLATE,394570835,-0.185,0.895,0.1919634664264635,0.6740555675620767,575,6e3c1cfc064026514baec0512c4ad3d696aa72a6731b6323ca7821a6643b5be1,True,
A:\_BioGeo\liuxianx\Co_authors\ana\output\MODIS_EU_EVI\2001_2025\EVI_Series_ID_EU_150-X052-Y028_2001_2025.tif,EVI_Series_ID_EU_150-X052-Y028_2001_2025.tif,EVI_Series_ID_EU_150-X052-Y028_2001_2025.tif,2001-2025,2001-01-01..2025-12-19,band-level; see time_index.csv,band-level; see time_index.csv,EU_150-X052-Y028,2001,2025,2001-01-01,2025-12-19,575,Float32,-Infinity,665,676,EPSG:3035,"[7333000.0,250.0,0.0,3051750.0,0.0,-250.0]",250.0,250.0,"[7333000.0,2882750.0,7499250.0,3051750.0]",0.0,0.0,DEFLATE,29600031,-0.153,0.828,0.13183494689770686,0.03369097113043479,575,6e3c1cfc064026514baec0512c4ad3d696aa72a6731b6323ca7821a6643b5be1,True,
A:\_BioGeo\liuxianx\Co_authors\ana\output\MODIS_EU_EVI\2001_2025\EVI_Series_ID_EU_150-X052-Y029_2001_2025.tif,EVI_Series_ID_EU_150-X052-Y029_2001_2025.tif,EVI_Series_ID_EU_150-X052-Y029_2001_2025.tif,2001-2025,2001-01-01..2025-12-19,band-level; see time_index.csv,band-level; see time_index.csv,EU_150-X052-Y029,2001,2025,2001-01-01,2025-12-19,575,Float32,-Infinity,663,676,EPSG:3035,"[7352000.0,250.0,0.0,2900750.0,0.0,-250.0]",250.0,250.0,"[7352000.0,2731750.0,7517750.0,2900750.0]",0.0,0.0,DEFLATE,491175241,-0.2,1.0,0.2459152585026115,0.6079428956521739,575,6e3c1cfc064026514baec0512c4ad3d696aa72a6731b6323ca7821a6643b5be1,True,
A:\_BioGeo\liuxianx\Co_authors\ana\output\MODIS_EU_EVI\2001_2025\EVI_Series_ID_EU_150-X052-Y030_2001_2025.tif,EVI_Series_ID_EU_150-X052-Y030_2001_2025.tif,EVI_Series_ID_EU_150-X052-Y030_2001_2025.tif,2001-2025,2001-01-01..2025-12-19,band-level; see time_index.csv,band-level; see time_index.csv,EU_150-X052-Y030,2001,2025,2001-01-01,2025-12-19,575,Float32,-Infinity,662,675,EPSG:3035,"[7370750.0,250.0,0.0,2749750.0,0.0,-250.0]",250.0,250.0,"[7370750.0,2581000.0,7536250.0,2749750.0]",0.0,0.0,DEFLATE,636780551,-0.112,0.988,0.24264352357846908,0.7863843478260869,575,6e3c1cfc064026514baec0512c4ad3d696aa72a6731b6323ca7821a6643b5be1,True,
A:\_BioGeo\liuxianx\Co_authors\ana\output\MODIS_EU_EVI\2001_2025\EVI_Series_ID_EU_150-X052-Y031_2001_2025.tif,EVI_Series_ID_EU_150-X052-Y031_2001_2025.tif,EVI_Series_ID_EU_150-X052-Y031_2001_2025.tif,2001-2025,2001-01-01..2025-12-19,band-level; see time_index.csv,band-level; see time_index.csv,EU_150-X052-Y031,2001,2025,2001-01-01,2025-12-19,575,Float32,-Infinity,661,675,EPSG:3035,"[7389000.0,250.0,0.0,2598750.0,0.0,-250.0]",250.0,250.0,"[7389000.0,2430000.0,7554250.0,2598750.0]",0.0,0.0,DEFLATE,548273201,-0.19,0.962,0.16613118856496809,0.7107154434782609,575,6e3c1cfc064026514baec0512c4ad3d696aa72a6731b6323ca7821a6643b5be1,True,
A:\_BioGeo\liuxianx\Co_authors\ana\output\MODIS_EU_EVI\2001_2025\EVI_Series_ID_EU_150-X053-Y018_2001_2025.tif,EVI_Series_ID_EU_150-X053-Y018_2001_2025.tif,EVI_Series_ID_EU_150-X053-Y018_2001_2025.tif,2001-2025,2001-01-01..2025-12-19,band-level; see time_index.csv,band-level; see time_index.csv,EU_150-X053-Y018,2001,2025,2001-01-01,2025-12-19,575,Float32,-Infinity,677,677,EPSG:3035,"[7274500.0,250.0,0.0,4574500.0,0.0,-250.0]",250.0,250.0,"[7274500.0,4405250.0,7443750.0,4574500.0]",0.0,0.0,DEFLATE,385491061,-0.199,0.964,0.24310698070126344,0.5294213297419355,575,6e3c1cfc064026514baec0512c4ad3d696aa72a6731b6323ca7821a6643b5be1,True,
A:\_BioGeo\liuxianx\Co_authors\ana\output\MODIS_EU_EVI\2001_2025\EVI_Series_ID_EU_150-X053-Y019_2001_2025.tif,EVI_Series_ID_EU_150-X053-Y019_2001_2025.tif,EVI_Series_ID_EU_150-X053-Y019_2001_2025.tif,2001-2025,2001-01-01..2025-12-19,band-level; see time_index.csv,band-level; see time_index.csv,EU_150-X053-Y019,2001,2025,2001-01-01,2025-12-19,575,Float32,-Infinity,974,715,EPSG:3035,"[7296250.0,250.0,0.0,4434000.0,0.0,-250.0]",250.0,250.0,"[7296250.0,4255250.0,7539750.0,4434000.0]",0.0,0.0,DEFLATE,556201879,-0.199,0.922,0.19839508571220651,0.6107017484563758,575,6e3c1cfc064026514baec0512c4ad3d696aa72a6731b6323ca7821a6643b5be1,True,
A:\_BioGeo\liuxianx\Co_authors\ana\output\MODIS_EU_EVI\2001_2025\EVI_Series_ID_EU_150-X053-Y020_2001_2025.tif,EVI_Series_ID_EU_150-X053-Y020_2001_2025.tif,EVI_Series_ID_EU_150-X053-Y020_2001_2025.tif,2001-2025,2001-01-01..2025-12-19,band-level; see time_index.csv,band-level; see time_index.csv,EU_150-X053-Y020,2001,2025,2001-01-01,2025-12-19,575,Float32,-Infinity,961,715,EPSG:3035,"[7317750.0,250.0,0.0,4283750.0,0.0,-250.0]",250.0,250.0,"[7317750.0,4105000.0,7558000.0,4283750.0]",0.0,0.0,DEFLATE,564639347,-0.2,0.884,0.19765299828914049,0.6489016495194507,575,6e3c1cfc064026514baec0512c4ad3d696aa72a6731b6323ca7821a6643b5be1,True,
A:\_BioGeo\liuxianx\Co_authors\ana\output\MODIS_EU_EVI\2001_2025\EVI_Series_ID_EU_150-X053-Y029_2001_2025.tif,EVI_Series_ID_EU_150-X053-Y029_2001_2025.tif,EVI_Series_ID_EU_150-X053-Y029_2001_2025.tif,2001-2025,2001-01-01..2025-12-19,band-level; see time_index.csv,band-level; see time_index.csv,EU_150-X053-Y029,2001,2025,2001-01-01,2025-12-19,575,Float32,-Infinity,663,676,EPSG:3035,"[7499000.0,250.0,0.0,2918500.0,0.0,-250.0]",250.0,250.0,"[7499000.0,2749500.0,7664750.0,2918500.0]",0.0,0.0,DEFLATE,113901257,-0.19,0.696,0.06834879927420676,0.15239695652173912,575,6e3c1cfc064026514baec0512c4ad3d696aa72a6731b6323ca7821a6643b5be1,True,
A:\_BioGeo\liuxianx\Co_authors\ana\output\MODIS_EU_EVI\2001_2025\EVI_Series_ID_EU_150-X053-Y030_2001_2025.tif,EVI_Series_ID_EU_150-X053-Y030_2001_2025.tif,EVI_Series_ID_EU_150-X053-Y030_2001_2025.tif,2001-2025,2001-01-01..2025-12-19,band-level; see time_index.csv,band-level; see time_index.csv,EU_150-X053-Y030,2001,2025,2001-01-01,2025-12-19,575,Float32,-Infinity,662,676,EPSG:3035,"[7517500.0,250.0,0.0,2767500.0,0.0,-250.0]",250.0,250.0,"[7517500.0,2598500.0,7683000.0,2767500.0]",0.0,0.0,DEFLATE,127908231,-0.18,0.924,0.13491815194874496,0.14980612173913044,575,6e3c1cfc064026514baec0512c4ad3d696aa72a6731b6323ca7821a6643b5be1,True,
A:\_BioGeo\liuxianx\Co_authors\ana\output\MODIS_EU_EVI\2001_2025\EVI_Series_ID_EU_150-X053-Y031_2001_2025.tif,EVI_Series_ID_EU_150-X053-Y031_2001_2025.tif,EVI_Series_ID_EU_150-X053-Y031_2001_2025.tif,2001-2025,2001-01-01..2025-12-19,band-level; see time_index.csv,band-level; see time_index.csv,EU_150-X053-Y031,2001,2025,2001-01-01,2025-12-19,575,Float32,-Infinity,660,675,EPSG:3035,"[7536000.0,250.0,0.0,2616250.0,0.0,-250.0]",250.0,250.0,"[7536000.0,2447500.0,7701000.0,2616250.0]",0.0,0.0,DEFLATE,308847763,-0.2,0.994,0.25750215181444525,0.3736664521739131,575,6e3c1cfc064026514baec0512c4ad3d696aa72a6731b6323ca7821a6643b5be1,True,
